date,WeekStatus,Day_of_week,Load_Type,Usage_kWh,Leading_Current_Power_Factor,Lagging_Current_Power_Factor,Leading_Current_Reactive_Power_kVarh,Lagging_Current_Reactive.Power_kVarh
29/04/2018 07:15,Weekend,Sunday,Light_Load,2.88,100.00,60.20,0.00,3.82
04/10/2018 12:00,Weekday,Thursday,Maximum_Load,60.77,100.00,78.46,0.00,48.02
26/01/2018 11:30,Weekday,Friday,Maximum_Load,120.42,100.00,89.61,0.00,59.65
02/06/2018 14:30,Weekend,Saturday,Light_Load,3.13,18.53,100.00,16.60,0.00
07/12/2018 15:00,Weekday,Friday,Medium_Load,58.86,100.00,94.19,0.00,20.99
26/03/2018 06:00,Weekday,Monday,Light_Load,3.10,100.00,66.41,0.00,3.49
18/12/2018 13:00,Weekday,Tuesday,Medium_Load,9.40,41.65,100.00,20.52,0.00
18/04/2018 00:45,Weekday,Wednesday,Light_Load,3.60,100.00,73.21,0.00,3.35
23/11/2018 23:30,Weekday,Friday,Light_Load,4.61,99.99,90.25,0.07,2.20
08/12/2018 00:00,Weekend,Saturday,Light_Load,3.78,99.96,77.02,0.11,3.13
15/07/2018 04:30,Weekend,Sunday,Light_Load,2.84,100.00,47.51,0.00,5.26
23/05/2018 06:00,Weekday,Wednesday,Light_Load,3.02,100.00,49.79,0.00,5.26
26/07/2018 23:15,Weekday,Thursday,Light_Load,2.84,100.00,46.82,0.00,5.36
08/11/2018 17:15,Weekday,Thursday,Maximum_Load,64.84,100.00,78.38,0.00,51.37
28/10/2018 01:30,Weekend,Sunday,Light_Load,2.81,100.00,47.68,0.00,5.18
05/01/2018 14:30,Weekday,Friday,Medium_Load,87.05,100.00,92.16,0.00,36.65
24/11/2018 04:30,Weekend,Saturday,Light_Load,3.64,100.00,75.10,0.00,3.20
15/10/2018 16:15,Weekday,Monday,Maximum_Load,111.20,100.00,90.43,0.00,52.49
14/08/2018 12:00,Weekday,Tuesday,Maximum_Load,72.86,100.00,78.77,0.00,56.99
25/05/2018 19:45,Weekday,Friday,Medium_Load,37.80,99.99,99.83,0.40,2.20
19/01/2018 01:00,Weekday,Friday,Light_Load,53.93,100.00,85.67,0.00,32.47
18/05/2018 15:45,Weekday,Friday,Maximum_Load,58.93,100.00,88.88,0.00,30.38
26/09/2018 04:45,Weekday,Wednesday,Light_Load,2.59,100.00,43.51,0.00,5.36
19/05/2018 19:45,Weekend,Saturday,Medium_Load,3.71,18.10,100.00,20.16,0.00
13/06/2018 16:45,Weekday,Wednesday,Maximum_Load,3.42,17.29,100.00,19.48,0.00
14/06/2018 03:00,Weekday,Thursday,Light_Load,2.88,100.00,57.11,0.00,4.14
28/12/2018 11:30,Weekday,Friday,Maximum_Load,64.94,100.00,91.01,0.00,29.56
18/01/2018 09:15,Weekday,Thursday,Medium_Load,97.13,100.00,91.12,0.00,43.92
24/12/2018 16:30,Weekday,Monday,Medium_Load,69.55,100.00,91.93,0.00,29.77
24/06/2018 03:15,Weekend,Sunday,Light_Load,2.59,100.00,60.82,0.00,3.38
25/02/2018 11:30,Weekend,Sunday,Light_Load,4.68,59.39,100.00,6.34,0.00
03/01/2018 20:30,Weekday,Wednesday,Medium_Load,37.30,99.95,99.70,1.22,2.88
12/10/2018 23:45,Weekday,Friday,Light_Load,3.49,100.00,48.69,0.00,6.26
14/09/2018 01:30,Weekday,Friday,Light_Load,3.53,100.00,58.22,0.00,4.93
05/04/2018 03:45,Weekday,Thursday,Light_Load,3.10,100.00,64.12,0.00,3.71
03/07/2018 07:30,Weekday,Tuesday,Light_Load,3.53,100.00,55.72,0.00,5.26
17/09/2018 09:00,Weekday,Monday,Light_Load,56.34,100.00,87.45,0.00,31.25
06/12/2018 04:15,Weekday,Thursday,Light_Load,3.31,100.00,76.69,0.00,2.77
15/03/2018 06:30,Weekday,Thursday,Light_Load,3.38,100.00,50.61,0.00,5.76
01/08/2018 06:30,Weekday,Wednesday,Light_Load,2.66,100.00,48.55,0.00,4.79
12/07/2018 01:00,Weekday,Thursday,Light_Load,2.99,100.00,52.71,0.00,4.82
24/05/2018 21:45,Weekday,Thursday,Medium_Load,8.39,34.55,100.00,22.79,0.00
08/05/2018 23:30,Weekday,Tuesday,Light_Load,3.60,100.00,73.61,0.00,3.31
15/07/2018 22:15,Weekend,Sunday,Medium_Load,4.72,20.89,100.00,22.10,0.00
21/05/2018 14:45,Weekday,Monday,Maximum_Load,76.18,100.00,84.90,0.00,47.41
01/01/2018 17:45,Weekday,Monday,Light_Load,3.60,20.27,100.00,17.39,0.00
16/07/2018 21:15,Weekday,Monday,Medium_Load,4.90,20.00,100.00,24.01,0.00
28/09/2018 10:00,Weekday,Friday,Medium_Load,47.20,100.00,88.77,0.00,24.48
16/11/2018 19:30,Weekday,Friday,Maximum_Load,59.04,100.00,91.36,0.00,26.28
31/07/2018 02:30,Weekday,Tuesday,Light_Load,2.84,100.00,54.58,0.00,4.36
05/09/2018 11:30,Weekday,Wednesday,Maximum_Load,64.26,100.00,85.62,0.00,38.77
04/12/2018 21:15,Weekday,Tuesday,Medium_Load,5.69,27.11,100.00,20.20,0.00
27/09/2018 01:15,Weekday,Thursday,Light_Load,2.74,100.00,41.48,0.00,6.01
06/09/2018 17:00,Weekday,Thursday,Maximum_Load,57.89,100.00,89.11,0.00,29.48
17/06/2018 14:15,Weekend,Sunday,Light_Load,3.02,17.64,100.00,16.85,0.00
06/11/2018 08:15,Weekday,Tuesday,Light_Load,35.03,100.00,75.16,0.00,30.74
06/12/2018 22:00,Weekday,Thursday,Medium_Load,5.54,26.72,100.00,19.98,0.00
13/01/2018 01:30,Weekend,Saturday,Light_Load,4.64,100.00,76.63,0.00,3.89
12/07/2018 01:45,Weekday,Thursday,Light_Load,2.95,100.00,51.89,0.00,4.86
26/03/2018 15:15,Weekday,Monday,Maximum_Load,59.76,100.00,97.31,0.00,14.15
22/11/2018 12:15,Weekday,Thursday,Medium_Load,5.22,24.45,100.00,20.70,0.00
16/11/2018 10:15,Weekday,Friday,Maximum_Load,67.68,100.00,85.71,0.00,40.68
08/02/2018 14:30,Weekday,Thursday,Medium_Load,118.22,100.00,90.95,0.00,54.04
07/02/2018 03:45,Weekday,Wednesday,Light_Load,5.90,100.00,74.45,0.00,5.29
07/04/2018 06:15,Weekend,Saturday,Light_Load,3.17,100.00,51.12,0.00,5.33
03/06/2018 23:45,Weekend,Sunday,Light_Load,3.17,100.00,55.19,0.00,4.79
21/11/2018 08:30,Weekday,Wednesday,Light_Load,50.08,100.00,84.29,0.00,31.97
22/12/2018 03:15,Weekend,Saturday,Light_Load,3.82,99.98,80.25,0.07,2.84
05/07/2018 19:30,Weekday,Thursday,Medium_Load,57.85,100.00,93.20,0.00,22.50
05/12/2018 08:15,Weekday,Wednesday,Light_Load,27.65,100.00,84.95,0.11,17.17
08/05/2018 03:45,Weekday,Tuesday,Light_Load,3.02,100.00,62.82,0.00,3.74
25/12/2018 03:45,Weekday,Tuesday,Light_Load,3.28,99.98,80.59,0.07,2.41
06/07/2018 18:15,Weekday,Friday,Medium_Load,60.44,99.99,87.32,0.61,33.73
02/01/2018 00:15,Weekday,Tuesday,Light_Load,3.20,100.00,71.82,0.00,3.10
16/04/2018 18:15,Weekday,Monday,Medium_Load,37.87,99.99,93.21,0.65,14.72
23/08/2018 14:30,Weekday,Thursday,Maximum_Load,40.07,100.00,98.02,0.00,8.10
28/08/2018 23:00,Weekday,Tuesday,Medium_Load,3.13,100.00,53.83,0.00,4.90
26/02/2018 00:30,Weekday,Monday,Light_Load,3.82,100.00,75.58,0.00,3.31
21/12/2018 11:45,Weekday,Friday,Maximum_Load,57.85,100.00,92.38,0.00,23.98
18/10/2018 17:30,Weekday,Thursday,Medium_Load,47.41,100.00,85.21,0.00,29.12
22/11/2018 04:45,Weekday,Thursday,Light_Load,3.20,100.00,71.04,0.00,3.17
28/08/2018 07:15,Weekday,Tuesday,Light_Load,2.52,100.00,50.04,0.00,4.36
28/07/2018 10:00,Weekend,Saturday,Medium_Load,47.23,100.00,96.30,0.00,13.21
16/07/2018 06:00,Weekday,Monday,Light_Load,2.81,100.00,48.70,0.00,5.04
16/05/2018 02:00,Weekday,Wednesday,Light_Load,3.82,100.00,61.80,0.00,4.86
22/12/2018 15:30,Weekend,Saturday,Light_Load,3.53,24.21,100.00,14.15,0.00
21/07/2018 09:45,Weekend,Saturday,Medium_Load,43.49,100.00,87.66,0.00,23.87
02/09/2018 05:15,Weekend,Sunday,Light_Load,3.17,100.00,45.99,0.00,6.12
02/09/2018 01:15,Weekend,Sunday,Light_Load,2.74,100.00,48.81,0.00,4.90
12/02/2018 07:30,Weekday,Monday,Light_Load,5.33,100.00,72.66,0.00,5.04
13/03/2018 13:15,Weekday,Tuesday,Maximum_Load,53.75,99.88,95.73,2.66,16.24
24/01/2018 17:30,Weekday,Wednesday,Maximum_Load,65.16,100.00,96.53,0.00,17.64
27/01/2018 11:30,Weekend,Saturday,Maximum_Load,30.85,100.00,97.18,0.00,7.49
03/05/2018 04:00,Weekday,Thursday,Light_Load,3.13,100.00,61.63,0.00,4.00
08/05/2018 11:00,Weekday,Tuesday,Maximum_Load,80.14,100.00,91.30,0.00,35.82
28/08/2018 04:45,Weekday,Tuesday,Light_Load,2.63,100.00,54.27,0.00,4.07
06/11/2018 22:00,Weekday,Tuesday,Medium_Load,3.85,21.70,100.00,17.32,0.00
12/06/2018 16:00,Weekday,Tuesday,Maximum_Load,63.61,100.00,96.08,0.00,18.36
05/04/2018 12:00,Weekday,Thursday,Maximum_Load,48.38,100.00,86.54,0.00,28.01
25/08/2018 20:00,Weekend,Saturday,Light_Load,2.88,20.80,100.00,13.54,0.00
29/01/2018 16:45,Weekday,Monday,Medium_Load,129.13,100.00,94.07,0.00,46.58
12/09/2018 09:30,Weekday,Wednesday,Medium_Load,41.69,100.00,89.16,0.00,21.17
11/09/2018 17:30,Weekday,Tuesday,Medium_Load,75.82,100.00,86.71,0.00,43.56
05/05/2018 05:30,Weekend,Saturday,Light_Load,3.53,100.00,61.38,0.00,4.54
07/11/2018 11:15,Weekday,Wednesday,Maximum_Load,49.00,100.00,87.04,0.00,27.72
01/06/2018 19:30,Weekday,Friday,Medium_Load,4.97,19.09,100.00,25.56,0.00
28/11/2018 09:45,Weekday,Wednesday,Medium_Load,58.97,100.00,91.59,0.00,25.85
23/05/2018 00:15,Weekday,Wednesday,Light_Load,3.20,100.00,52.26,0.00,5.22
29/01/2018 14:00,Weekday,Monday,Medium_Load,117.07,100.00,92.95,0.00,46.44
24/03/2018 06:45,Weekend,Saturday,Light_Load,3.49,100.00,58.33,0.00,4.86
09/09/2018 13:30,Weekend,Sunday,Maximum_Load,21.10,99.06,99.29,2.92,2.52
19/08/2018 02:15,Weekend,Sunday,Light_Load,2.74,100.00,50.52,0.00,4.68
06/12/2018 07:30,Weekday,Thursday,Light_Load,3.46,99.99,80.39,0.04,2.56
25/03/2018 20:00,Weekend,Sunday,Medium_Load,5.00,18.57,100.00,26.46,0.00
25/06/2018 04:00,Weekday,Monday,Light_Load,2.84,100.00,51.88,0.00,4.68
27/01/2018 20:45,Weekend,Saturday,Medium_Load,4.39,24.77,100.00,17.17,0.00
21/12/2018 22:30,Weekday,Friday,Maximum_Load,5.26,100.00,84.64,0.00,3.31
14/05/2018 08:45,Weekday,Monday,Light_Load,58.10,100.00,73.90,0.00,52.96
14/08/2018 01:00,Weekday,Tuesday,Light_Load,2.81,100.00,47.12,0.00,5.26
25/10/2018 11:00,Weekday,Thursday,Maximum_Load,67.43,100.00,83.46,0.00,44.50
23/02/2018 17:00,Weekday,Friday,Medium_Load,60.30,100.00,93.89,0.00,22.10
22/02/2018 06:45,Weekday,Thursday,Light_Load,5.00,100.00,71.99,0.00,4.82
24/05/2018 09:45,Weekday,Thursday,Medium_Load,99.58,100.00,93.12,0.00,38.99
19/04/2018 23:45,Weekday,Thursday,Light_Load,3.53,100.00,74.09,0.00,3.20
18/01/2018 09:45,Weekday,Thursday,Medium_Load,70.06,100.00,93.10,0.00,27.47
14/01/2018 07:00,Weekend,Sunday,Light_Load,3.96,100.00,73.62,0.00,3.64
29/11/2018 22:30,Weekday,Thursday,Maximum_Load,4.14,100.00,60.35,0.00,5.47
09/12/2018 21:45,Weekend,Sunday,Light_Load,3.38,22.52,100.00,14.62,0.00
01/07/2018 08:00,Weekend,Sunday,Light_Load,3.06,100.00,64.04,0.00,3.67
29/10/2018 16:45,Weekday,Monday,Maximum_Load,101.27,100.00,90.50,0.00,47.59
14/01/2018 11:00,Weekend,Sunday,Maximum_Load,14.00,54.00,100.00,21.82,0.00
02/06/2018 11:15,Weekend,Saturday,Light_Load,6.26,67.89,100.00,6.77,0.00
23/04/2018 07:30,Weekday,Monday,Light_Load,3.89,100.00,70.71,0.00,3.89
17/12/2018 21:15,Weekday,Monday,Medium_Load,4.43,20.52,100.00,21.13,0.00
11/12/2018 02:15,Weekday,Tuesday,Light_Load,4.28,100.00,75.91,0.04,3.67
05/11/2018 04:45,Weekday,Monday,Light_Load,2.92,100.00,56.00,0.00,4.32
12/07/2018 16:00,Weekday,Thursday,Maximum_Load,51.73,100.00,94.71,0.00,17.53
28/05/2018 14:45,Weekday,Monday,Maximum_Load,54.11,100.00,89.33,0.00,27.22
03/10/2018 06:30,Weekday,Wednesday,Light_Load,3.49,100.00,40.62,0.00,7.85
17/04/2018 14:00,Weekday,Tuesday,Maximum_Load,94.00,100.00,93.22,0.00,36.50
18/06/2018 21:30,Weekday,Monday,Medium_Load,3.85,16.48,100.00,23.04,0.00
01/02/2018 19:30,Weekday,Thursday,Maximum_Load,92.84,100.00,91.55,0.00,40.79
09/02/2018 08:15,Weekday,Friday,Light_Load,57.56,100.00,85.21,0.00,35.35
17/11/2018 05:30,Weekend,Saturday,Light_Load,3.17,100.00,59.16,0.00,4.32
09/09/2018 08:30,Weekend,Sunday,Light_Load,5.76,100.00,49.10,0.00,10.22
17/01/2018 10:00,Weekday,Wednesday,Medium_Load,67.18,100.00,95.87,0.00,19.94
31/12/2018 05:15,Weekday,Monday,Light_Load,3.56,99.92,79.25,0.14,2.74
10/04/2018 19:00,Weekday,Tuesday,Medium_Load,48.17,100.00,95.18,0.00,15.52
25/12/2018 21:30,Weekday,Tuesday,Light_Load,4.03,19.33,100.00,20.45,0.00
07/08/2018 22:45,Weekday,Tuesday,Medium_Load,3.06,100.00,49.30,0.00,5.40
05/10/2018 04:30,Weekday,Friday,Light_Load,3.38,100.00,46.64,0.00,6.41
15/12/2018 10:30,Weekend,Saturday,Light_Load,3.35,21.73,100.00,15.05,0.00
21/11/2018 03:30,Weekday,Wednesday,Light_Load,2.88,99.63,82.94,0.25,1.94
21/02/2018 09:15,Weekday,Wednesday,Medium_Load,60.59,100.00,97.08,0.00,14.98
09/06/2018 08:15,Weekend,Saturday,Light_Load,3.13,100.00,49.67,0.00,5.47
26/11/2018 08:30,Weekday,Monday,Light_Load,88.92,100.00,80.35,0.00,65.88
25/12/2018 16:30,Weekday,Tuesday,Light_Load,3.42,23.73,100.00,14.00,0.00
27/12/2018 19:30,Weekday,Thursday,Maximum_Load,47.99,100.00,98.83,0.25,7.42
30/05/2018 20:45,Weekday,Wednesday,Medium_Load,68.80,100.00,93.37,0.00,26.39
22/11/2018 10:15,Weekday,Thursday,Maximum_Load,139.57,100.00,92.13,0.00,58.90
03/01/2018 18:00,Weekday,Wednesday,Maximum_Load,73.62,99.97,98.42,1.69,13.25
15/08/2018 04:30,Weekday,Wednesday,Light_Load,2.66,100.00,52.43,0.00,4.32
08/10/2018 02:30,Weekday,Monday,Light_Load,2.66,100.00,45.68,0.00,5.18
23/03/2018 06:30,Weekday,Friday,Light_Load,3.24,100.00,63.32,0.00,3.96
14/01/2018 10:15,Weekend,Sunday,Maximum_Load,15.01,74.35,100.00,13.50,0.04
19/08/2018 23:15,Weekend,Sunday,Light_Load,2.63,100.00,50.13,0.00,4.54
09/06/2018 17:45,Weekend,Saturday,Light_Load,3.13,18.72,100.00,16.42,0.00
19/08/2018 18:45,Weekend,Sunday,Light_Load,2.66,25.85,100.00,9.94,0.00
26/09/2018 05:45,Weekday,Wednesday,Light_Load,2.63,100.00,44.05,0.00,5.36
15/04/2018 08:15,Weekend,Sunday,Light_Load,3.17,100.00,57.25,0.00,4.54
20/11/2018 01:00,Weekday,Tuesday,Light_Load,3.60,100.00,69.35,0.00,3.74
27/06/2018 19:00,Weekday,Wednesday,Medium_Load,3.71,14.07,100.00,26.10,0.00
02/03/2018 21:15,Weekday,Friday,Medium_Load,40.68,100.00,98.39,0.36,7.38
25/08/2018 13:00,Weekend,Saturday,Light_Load,3.38,24.91,100.00,13.14,0.00
19/02/2018 13:15,Weekday,Monday,Medium_Load,61.67,99.96,93.98,1.73,22.43
08/02/2018 06:30,Weekday,Thursday,Light_Load,4.93,100.00,61.87,0.00,6.26
02/05/2018 01:45,Weekday,Wednesday,Light_Load,4.00,100.00,59.03,0.00,5.47
08/11/2018 22:30,Weekday,Thursday,Maximum_Load,3.78,100.00,48.59,0.00,6.80
18/06/2018 12:15,Weekday,Monday,Medium_Load,12.49,69.50,97.20,12.92,3.02
04/08/2018 22:15,Weekend,Saturday,Light_Load,3.06,50.57,94.30,5.22,1.08
05/10/2018 06:00,Weekday,Friday,Light_Load,3.02,100.00,47.14,0.00,5.65
16/06/2018 00:00,Weekend,Saturday,Light_Load,2.99,100.00,49.70,0.00,5.22
24/09/2018 07:15,Weekday,Monday,Light_Load,2.66,100.00,42.35,0.00,5.69
08/01/2018 21:45,Weekday,Monday,Medium_Load,5.18,19.55,100.00,25.99,0.00
03/12/2018 01:30,Weekday,Monday,Light_Load,3.35,100.00,80.37,0.00,2.48
02/02/2018 22:15,Weekday,Friday,Maximum_Load,42.05,99.99,95.45,0.43,13.14
06/12/2018 11:15,Weekday,Thursday,Maximum_Load,60.88,100.00,88.77,0.00,31.57
29/12/2018 22:45,Weekend,Saturday,Light_Load,3.13,100.00,74.89,0.00,2.77
01/10/2018 09:30,Weekday,Monday,Medium_Load,55.01,100.00,86.61,0.00,31.75
01/10/2018 11:00,Weekday,Monday,Maximum_Load,55.84,100.00,87.26,0.00,31.25
14/12/2018 11:45,Weekday,Friday,Maximum_Load,88.85,100.00,92.40,0.00,36.76
30/04/2018 19:00,Weekday,Monday,Medium_Load,3.78,14.45,100.00,25.88,0.00
02/02/2018 12:45,Weekday,Friday,Medium_Load,9.68,35.69,100.00,25.34,0.00
24/03/2018 10:15,Weekend,Saturday,Maximum_Load,33.52,99.54,99.99,3.24,0.58
07/01/2018 10:45,Weekend,Sunday,Light_Load,3.56,20.18,100.00,17.28,0.00
01/06/2018 08:30,Weekday,Friday,Light_Load,51.19,100.00,72.30,0.00,48.92
07/05/2018 02:30,Weekday,Monday,Light_Load,2.99,100.00,56.56,0.00,4.36
22/10/2018 03:45,Weekday,Monday,Light_Load,2.92,100.00,45.47,0.00,5.72
12/04/2018 09:30,Weekday,Thursday,Medium_Load,104.54,100.00,90.89,0.00,47.95
25/11/2018 09:15,Weekend,Sunday,Light_Load,4.93,23.71,100.00,20.20,0.00
20/05/2018 05:30,Weekend,Sunday,Light_Load,3.06,100.00,46.92,0.00,5.76
06/11/2018 18:45,Weekday,Tuesday,Maximum_Load,52.81,100.00,88.20,0.00,28.22
02/09/2018 20:00,Weekend,Sunday,Medium_Load,2.88,22.90,100.00,12.24,0.00
16/12/2018 15:45,Weekend,Sunday,Medium_Load,48.42,100.00,94.79,0.00,16.27
17/07/2018 09:15,Weekday,Tuesday,Medium_Load,58.64,100.00,79.69,0.00,44.46
02/08/2018 19:15,Weekday,Thursday,Light_Load,2.95,17.65,100.00,16.45,0.00
22/11/2018 03:45,Weekday,Thursday,Light_Load,3.20,100.00,71.49,0.00,3.13
29/03/2018 22:45,Weekday,Thursday,Medium_Load,3.60,100.00,58.12,0.00,5.04
15/03/2018 10:30,Weekday,Thursday,Maximum_Load,125.10,100.00,92.80,0.00,50.22
25/06/2018 01:00,Weekday,Monday,Light_Load,2.95,100.00,53.32,0.00,4.68
25/09/2018 08:45,Weekday,Tuesday,Light_Load,2.48,73.76,77.08,2.27,2.05
13/07/2018 21:45,Weekday,Friday,Medium_Load,3.82,22.76,100.00,16.34,0.00
04/05/2018 14:30,Weekday,Friday,Maximum_Load,58.25,100.00,90.58,0.00,27.25
24/05/2018 12:15,Weekday,Thursday,Medium_Load,5.00,26.52,100.00,18.18,0.00
18/10/2018 20:45,Weekday,Thursday,Medium_Load,42.77,100.00,92.28,0.00,17.86
05/11/2018 14:30,Weekday,Monday,Medium_Load,68.47,100.00,83.97,0.00,44.28
25/11/2018 20:00,Weekend,Sunday,Light_Load,3.10,19.08,100.00,15.95,0.00
05/02/2018 04:45,Weekday,Monday,Light_Load,4.43,100.00,69.29,0.00,4.61
12/04/2018 23:45,Weekday,Thursday,Light_Load,4.07,100.00,56.98,0.00,5.87
09/11/2018 18:30,Weekday,Friday,Maximum_Load,58.79,100.00,86.81,0.00,33.62
21/01/2018 15:30,Weekend,Sunday,Light_Load,5.15,19.65,100.00,25.70,0.00
14/06/2018 09:15,Weekday,Thursday,Medium_Load,59.76,100.00,96.20,0.00,16.96
18/10/2018 22:30,Weekday,Thursday,Medium_Load,4.97,100.00,47.45,0.00,9.22
19/05/2018 10:45,Weekend,Saturday,Maximum_Load,56.74,100.00,91.74,0.00,24.62
24/03/2018 12:15,Weekend,Saturday,Medium_Load,6.34,41.87,99.09,13.75,0.86
20/02/2018 05:45,Weekday,Tuesday,Light_Load,5.80,100.00,74.07,0.00,5.26
17/02/2018 17:15,Weekend,Saturday,Light_Load,3.92,18.57,100.00,20.74,0.00
22/08/2018 09:15,Weekday,Wednesday,Medium_Load,48.28,100.00,89.22,0.00,24.44
01/12/2018 17:30,Weekend,Saturday,Maximum_Load,4.75,21.96,100.00,21.10,0.00
19/04/2018 13:45,Weekday,Thursday,Maximum_Load,64.87,100.00,89.96,0.00,31.50
15/09/2018 03:15,Weekend,Saturday,Light_Load,2.70,100.00,47.51,0.00,5.00
11/04/2018 05:15,Weekday,Wednesday,Light_Load,3.28,100.00,57.39,0.00,4.68
29/03/2018 09:15,Weekday,Thursday,Medium_Load,51.08,100.00,94.50,0.00,17.68
20/04/2018 10:15,Weekday,Friday,Maximum_Load,57.28,100.00,90.96,0.00,26.17
24/11/2018 11:45,Weekend,Saturday,Light_Load,3.28,23.38,100.00,13.64,0.00
01/01/2018 03:30,Weekday,Monday,Light_Load,3.31,100.00,66.27,0.00,3.74
01/03/2018 00:30,Weekday,Thursday,Light_Load,5.33,100.00,67.66,0.00,5.80
28/09/2018 15:45,Weekday,Friday,Maximum_Load,56.66,100.00,86.66,0.00,32.62
03/07/2018 08:00,Weekday,Tuesday,Light_Load,5.22,100.00,64.89,0.00,6.12
23/06/2018 12:15,Weekend,Saturday,Medium_Load,9.83,70.96,94.65,9.76,3.35
19/04/2018 19:30,Weekday,Thursday,Medium_Load,40.10,100.00,99.70,0.40,3.13
19/11/2018 14:00,Weekday,Monday,Medium_Load,58.79,100.00,89.28,0.00,29.66
03/04/2018 16:00,Weekday,Tuesday,Maximum_Load,67.36,100.00,89.28,0.00,33.98
11/03/2018 16:30,Weekend,Sunday,Maximum_Load,30.35,99.78,99.98,2.02,0.54
19/04/2018 11:30,Weekday,Thursday,Maximum_Load,59.36,100.00,78.50,0.00,46.84
08/04/2018 09:30,Weekend,Sunday,Medium_Load,90.58,100.00,97.68,0.50,19.87
07/03/2018 23:45,Weekday,Wednesday,Light_Load,3.06,100.00,78.94,0.00,2.38
12/02/2018 22:15,Weekday,Monday,Maximum_Load,32.69,99.11,96.36,4.39,9.07
22/07/2018 02:30,Weekend,Sunday,Light_Load,3.31,59.25,100.00,4.50,0.00
01/12/2018 05:30,Weekend,Saturday,Light_Load,3.28,99.94,82.23,0.11,2.27
26/09/2018 07:30,Weekday,Wednesday,Light_Load,2.56,100.00,42.14,0.00,5.51
20/04/2018 08:30,Weekday,Friday,Light_Load,48.92,100.00,72.66,0.00,46.26
30/01/2018 21:00,Weekday,Tuesday,Medium_Load,71.42,100.00,98.51,0.00,12.49
17/01/2018 14:45,Weekday,Wednesday,Medium_Load,52.42,100.00,94.44,0.00,18.25
05/08/2018 20:15,Weekend,Sunday,Light_Load,3.13,18.53,100.00,16.60,0.00
23/11/2018 17:15,Weekday,Friday,Maximum_Load,86.98,100.00,88.41,0.00,45.97
22/09/2018 13:00,Weekend,Saturday,Light_Load,2.95,25.03,100.00,11.41,0.00
25/01/2018 20:00,Weekday,Thursday,Maximum_Load,69.16,100.00,95.54,0.00,21.38
03/10/2018 22:45,Weekday,Wednesday,Medium_Load,2.77,100.00,45.18,0.00,5.47
03/01/2018 22:00,Weekday,Wednesday,Medium_Load,5.18,18.99,100.00,26.78,0.00
12/08/2018 15:00,Weekend,Sunday,Light_Load,3.02,20.10,100.00,14.72,0.00
14/10/2018 20:15,Weekend,Sunday,Light_Load,3.06,23.53,100.00,12.64,0.00
09/09/2018 09:15,Weekend,Sunday,Medium_Load,10.22,88.17,99.99,5.47,0.11
27/11/2018 15:15,Weekday,Tuesday,Medium_Load,81.58,100.00,95.01,0.00,26.78
20/03/2018 09:30,Weekday,Tuesday,Medium_Load,68.51,100.00,91.34,0.00,30.53
08/03/2018 22:30,Weekday,Thursday,Medium_Load,5.08,100.00,72.54,0.00,4.82
27/05/2018 01:00,Weekend,Sunday,Light_Load,2.77,100.00,52.08,0.00,4.54
31/10/2018 23:45,Weekday,Wednesday,Light_Load,3.92,100.00,59.54,0.00,5.29
12/04/2018 02:15,Weekday,Thursday,Light_Load,3.53,100.00,61.13,0.00,4.57
06/06/2018 13:00,Weekday,Wednesday,Medium_Load,4.79,24.13,100.00,19.26,0.00
06/10/2018 09:45,Weekend,Saturday,Medium_Load,41.69,100.00,88.20,0.00,22.28
22/12/2018 12:00,Weekend,Saturday,Light_Load,3.60,25.45,100.00,13.68,0.00
02/01/2018 12:15,Weekday,Tuesday,Medium_Load,19.22,71.30,96.09,18.90,5.54
21/04/2018 04:00,Weekend,Saturday,Light_Load,3.10,100.00,64.84,0.00,3.64
09/09/2018 01:30,Weekend,Sunday,Light_Load,2.77,100.00,46.87,0.00,5.22
22/10/2018 14:45,Weekday,Monday,Maximum_Load,92.56,100.00,87.12,0.00,52.16
26/03/2018 17:30,Weekday,Monday,Medium_Load,55.87,100.00,90.11,0.00,26.89
06/05/2018 21:00,Weekend,Sunday,Light_Load,3.28,18.99,100.00,16.96,0.00
02/03/2018 13:45,Weekday,Friday,Maximum_Load,90.86,100.00,98.57,0.14,15.52
20/12/2018 11:00,Weekday,Thursday,Maximum_Load,77.51,100.00,87.11,0.00,43.70
26/09/2018 05:30,Weekday,Wednesday,Light_Load,2.56,100.00,43.56,0.00,5.29
25/04/2018 17:45,Weekday,Wednesday,Medium_Load,62.93,100.00,88.52,0.00,33.08
15/10/2018 03:30,Weekday,Monday,Light_Load,2.74,100.00,47.26,0.00,5.11
05/02/2018 09:30,Weekday,Monday,Medium_Load,71.39,100.00,94.30,0.00,25.20
25/11/2018 18:45,Weekend,Sunday,Light_Load,3.02,20.38,100.00,14.51,0.00
16/10/2018 09:30,Weekday,Tuesday,Medium_Load,110.52,100.00,91.36,0.00,49.18
16/09/2018 05:45,Weekend,Sunday,Light_Load,2.66,100.00,44.92,0.00,5.29
07/06/2018 23:30,Weekday,Thursday,Light_Load,3.35,100.00,60.32,0.00,4.43
25/05/2018 03:30,Weekday,Friday,Light_Load,3.49,100.00,65.74,0.00,4.00
19/04/2018 06:30,Weekday,Thursday,Light_Load,2.99,100.00,63.16,0.00,3.67
12/11/2018 22:30,Weekday,Monday,Maximum_Load,4.97,100.00,49.69,0.00,8.68
15/01/2018 08:30,Weekday,Monday,Light_Load,84.92,100.00,77.30,0.00,69.70
19/01/2018 16:45,Weekday,Friday,Medium_Load,95.26,100.00,94.75,0.00,32.15
07/05/2018 02:15,Weekday,Monday,Light_Load,3.10,100.00,57.95,0.00,4.36
29/07/2018 04:45,Weekend,Sunday,Light_Load,2.70,100.00,49.42,0.00,4.75
05/01/2018 11:15,Weekday,Friday,Maximum_Load,129.85,100.00,89.74,0.00,63.86
30/10/2018 05:00,Weekday,Tuesday,Light_Load,2.95,100.00,59.07,0.00,4.03
09/01/2018 19:00,Weekday,Tuesday,Maximum_Load,114.80,100.00,94.37,0.00,40.25
26/12/2018 13:00,Weekday,Wednesday,Medium_Load,6.41,29.07,100.00,21.10,0.00
06/07/2018 09:30,Weekday,Friday,Medium_Load,106.52,100.00,92.74,0.00,42.95
02/03/2018 01:00,Weekday,Friday,Light_Load,3.28,100.00,78.48,0.00,2.59
27/09/2018 05:00,Weekday,Thursday,Light_Load,3.17,100.00,43.94,0.00,6.48
15/09/2018 09:45,Weekend,Saturday,Medium_Load,35.14,100.00,97.27,0.00,8.39
27/03/2018 09:30,Weekday,Tuesday,Medium_Load,65.92,100.00,92.45,0.00,27.18
11/02/2018 12:45,Weekend,Sunday,Light_Load,4.21,23.04,100.00,17.78,0.00
12/12/2018 03:00,Weekday,Wednesday,Light_Load,4.21,100.00,75.65,0.04,3.64
04/08/2018 17:30,Weekend,Saturday,Light_Load,2.74,15.63,100.00,17.32,0.00
13/01/2018 11:30,Weekend,Saturday,Maximum_Load,95.33,100.00,89.59,0.00,47.27
12/06/2018 17:30,Weekday,Tuesday,Medium_Load,82.62,100.00,96.98,0.58,20.77
15/06/2018 23:30,Weekday,Friday,Light_Load,3.42,100.00,62.69,0.00,4.25
31/01/2018 18:15,Weekday,Wednesday,Maximum_Load,59.69,100.00,94.83,0.00,19.98
23/09/2018 22:00,Weekend,Sunday,Light_Load,2.81,25.42,99.99,10.69,0.04
23/08/2018 23:00,Weekday,Thursday,Medium_Load,3.38,100.00,50.61,0.00,5.76
19/03/2018 03:00,Weekday,Monday,Light_Load,3.10,100.00,64.12,0.00,3.71
22/01/2018 10:00,Weekday,Monday,Medium_Load,82.48,100.00,92.39,0.00,34.16
18/02/2018 23:00,Weekend,Sunday,Light_Load,3.24,100.00,57.25,0.00,4.64
25/04/2018 01:45,Weekday,Wednesday,Light_Load,3.60,100.00,73.61,0.00,3.31
24/02/2018 10:45,Weekend,Saturday,Maximum_Load,88.60,100.00,99.00,0.00,12.64
02/07/2018 22:00,Weekday,Monday,Medium_Load,3.82,16.64,100.00,22.64,0.00
12/11/2018 20:30,Weekday,Monday,Medium_Load,111.35,100.00,93.50,0.00,42.23
08/11/2018 05:45,Weekday,Thursday,Light_Load,3.13,100.00,50.92,0.00,5.29
22/01/2018 14:00,Weekday,Monday,Medium_Load,67.75,100.00,90.36,0.00,32.11
18/08/2018 22:30,Weekend,Saturday,Medium_Load,2.59,100.00,49.31,0.00,4.57
16/08/2018 13:00,Weekday,Thursday,Medium_Load,4.61,31.48,100.00,13.90,0.00
19/12/2018 23:45,Weekday,Wednesday,Light_Load,3.96,98.94,86.09,0.58,2.34
28/09/2018 22:15,Weekday,Friday,Medium_Load,3.24,99.85,46.37,0.18,6.19
29/06/2018 08:30,Weekday,Friday,Light_Load,49.28,100.00,69.53,0.00,50.94
08/03/2018 16:00,Weekday,Thursday,Maximum_Load,69.88,100.00,89.91,0.00,34.02
08/12/2018 01:00,Weekend,Saturday,Light_Load,4.00,100.00,72.68,0.00,3.78
03/11/2018 10:15,Weekend,Saturday,Maximum_Load,92.41,100.00,94.72,0.00,31.28
04/10/2018 05:15,Weekday,Thursday,Light_Load,3.02,100.00,42.46,0.00,6.44
01/01/2018 15:30,Weekday,Monday,Light_Load,4.10,18.86,100.00,21.35,0.00
16/12/2018 03:45,Weekend,Sunday,Light_Load,3.38,100.00,77.34,0.00,2.77
03/08/2018 07:00,Weekday,Friday,Light_Load,2.81,100.00,41.12,0.00,6.23
13/01/2018 09:15,Weekend,Saturday,Medium_Load,100.58,100.00,95.86,0.00,29.88
29/05/2018 21:30,Weekday,Tuesday,Medium_Load,3.82,18.24,100.00,20.59,0.00
19/02/2018 09:15,Weekday,Monday,Medium_Load,62.10,100.00,95.65,0.00,18.94
16/11/2018 23:15,Weekday,Friday,Light_Load,3.92,100.00,53.50,0.00,6.19
26/08/2018 04:30,Weekend,Sunday,Light_Load,2.63,100.00,50.79,0.00,4.46
22/03/2018 11:30,Weekday,Thursday,Maximum_Load,64.91,100.00,84.80,0.00,40.57
09/07/2018 18:15,Weekday,Monday,Medium_Load,32.87,99.79,93.61,2.12,12.35
25/05/2018 23:00,Weekday,Friday,Medium_Load,3.64,100.00,60.50,0.00,4.79
08/05/2018 10:45,Weekday,Tuesday,Maximum_Load,140.04,100.00,91.14,0.00,63.25
02/09/2018 08:30,Weekend,Sunday,Light_Load,50.18,100.00,73.29,0.00,46.58
21/04/2018 08:15,Weekend,Saturday,Light_Load,28.98,100.00,78.28,0.00,23.04
21/03/2018 17:30,Weekday,Wednesday,Medium_Load,59.76,100.00,95.67,0.00,18.18
15/11/2018 01:30,Weekday,Thursday,Light_Load,3.56,100.00,59.97,0.00,4.75
09/07/2018 12:45,Weekday,Monday,Medium_Load,5.44,27.42,100.00,19.08,0.00
23/10/2018 08:15,Weekday,Tuesday,Light_Load,37.33,100.00,78.95,0.00,29.02
27/02/2018 08:00,Weekday,Tuesday,Light_Load,6.88,100.00,86.07,0.00,4.07
24/04/2018 04:30,Weekday,Tuesday,Light_Load,3.60,100.00,70.32,0.00,3.64
23/04/2018 15:15,Weekday,Monday,Maximum_Load,59.72,100.00,95.73,0.00,18.04
26/09/2018 20:15,Weekday,Wednesday,Light_Load,2.66,22.10,100.00,11.74,0.00
18/08/2018 00:15,Weekend,Saturday,Light_Load,2.92,100.00,56.63,0.00,4.25
20/08/2018 02:45,Weekday,Monday,Light_Load,2.74,100.00,48.28,0.00,4.97
20/02/2018 11:15,Weekday,Tuesday,Maximum_Load,106.45,100.00,92.28,0.00,44.46
18/12/2018 13:15,Weekday,Tuesday,Medium_Load,52.45,99.74,91.56,3.82,23.04
19/09/2018 05:45,Weekday,Wednesday,Light_Load,2.70,100.00,45.67,0.00,5.26
15/08/2018 13:00,Weekday,Wednesday,Medium_Load,7.13,31.77,100.00,21.28,0.00
12/11/2018 18:30,Weekday,Monday,Maximum_Load,96.34,100.00,92.41,0.00,39.85
26/12/2018 10:45,Weekday,Wednesday,Maximum_Load,62.21,100.00,90.65,0.00,28.98
18/12/2018 18:00,Weekday,Tuesday,Maximum_Load,15.95,86.15,100.00,9.40,0.00
21/11/2018 23:45,Weekday,Wednesday,Light_Load,3.71,99.99,75.72,0.04,3.20
08/07/2018 11:45,Weekend,Sunday,Maximum_Load,78.26,100.00,89.98,0.00,37.94
01/08/2018 07:00,Weekday,Wednesday,Light_Load,2.70,100.00,48.87,0.00,4.82
30/11/2018 04:00,Weekday,Friday,Light_Load,3.42,100.00,68.47,0.00,3.64
16/08/2018 03:00,Weekday,Thursday,Light_Load,3.31,100.00,58.66,0.00,4.57
23/10/2018 08:30,Weekday,Tuesday,Light_Load,81.86,100.00,78.07,0.00,65.52
13/07/2018 08:30,Weekday,Friday,Light_Load,39.06,100.00,71.69,0.00,37.98
09/07/2018 11:45,Weekday,Monday,Maximum_Load,50.69,100.00,80.98,0.00,36.72
29/11/2018 18:15,Weekday,Thursday,Maximum_Load,43.99,100.00,90.63,0.00,20.52
22/12/2018 19:00,Weekend,Saturday,Light_Load,3.71,25.93,100.00,13.82,0.00
02/08/2018 10:30,Weekday,Thursday,Light_Load,3.74,16.53,100.00,22.32,0.00
05/06/2018 14:15,Weekday,Tuesday,Maximum_Load,102.20,100.00,90.96,0.00,46.69
26/10/2018 11:45,Weekday,Friday,Maximum_Load,65.20,100.00,88.48,0.00,34.34
05/06/2018 18:45,Weekday,Tuesday,Medium_Load,88.56,100.00,88.40,0.00,46.84
18/01/2018 12:45,Weekday,Thursday,Medium_Load,7.74,29.55,100.00,25.02,0.00
04/11/2018 23:00,Weekend,Sunday,Maximum_Load,3.42,100.00,51.78,0.00,5.65
14/06/2018 12:45,Weekday,Thursday,Medium_Load,6.77,32.51,100.00,19.69,0.00
02/10/2018 08:15,Weekday,Tuesday,Light_Load,19.30,100.00,67.01,0.00,21.38
28/01/2018 14:30,Weekend,Sunday,Medium_Load,30.13,99.58,99.96,2.77,0.83
17/06/2018 16:45,Weekend,Sunday,Light_Load,3.06,17.94,100.00,16.78,0.00
11/10/2018 11:45,Weekday,Thursday,Maximum_Load,99.47,100.00,89.11,0.00,50.65
05/01/2018 03:15,Weekday,Friday,Light_Load,4.61,100.00,67.20,0.00,5.08
18/12/2018 19:15,Weekday,Tuesday,Maximum_Load,4.50,20.46,100.00,21.53,0.00
22/01/2018 20:00,Weekday,Monday,Maximum_Load,74.48,100.00,89.86,0.00,36.36
14/01/2018 07:45,Weekend,Sunday,Light_Load,4.21,100.00,70.38,0.00,4.25
25/10/2018 21:15,Weekday,Thursday,Medium_Load,8.89,49.20,99.96,15.73,0.25
05/05/2018 21:15,Weekend,Saturday,Light_Load,3.28,18.84,100.00,17.10,0.00
25/08/2018 04:15,Weekend,Saturday,Light_Load,2.77,100.00,47.87,0.00,5.08
01/12/2018 23:00,Weekend,Saturday,Maximum_Load,3.42,100.00,76.05,0.00,2.92
18/04/2018 17:30,Weekday,Wednesday,Medium_Load,71.14,100.00,87.69,0.00,38.99
04/10/2018 20:45,Weekday,Thursday,Medium_Load,53.14,100.00,86.45,0.00,30.89
24/01/2018 17:00,Weekday,Wednesday,Medium_Load,72.97,100.00,93.22,0.00,28.33
26/10/2018 22:45,Weekday,Friday,Medium_Load,3.67,100.00,45.06,0.00,7.27
19/01/2018 07:45,Weekday,Friday,Light_Load,82.48,100.00,90.02,0.00,39.89
28/07/2018 13:15,Weekend,Saturday,Maximum_Load,35.93,97.78,90.95,7.70,16.42
03/05/2018 13:45,Weekday,Thursday,Maximum_Load,59.87,100.00,87.44,0.00,33.23
21/11/2018 11:30,Weekday,Wednesday,Maximum_Load,96.26,100.00,92.07,0.00,40.79
11/09/2018 13:45,Weekday,Tuesday,Maximum_Load,122.94,100.00,87.13,0.00,69.26
04/05/2018 04:00,Weekday,Friday,Light_Load,3.35,100.00,68.84,0.00,3.53
05/01/2018 18:30,Weekday,Friday,Maximum_Load,68.54,100.00,83.21,0.00,45.68
07/04/2018 09:15,Weekend,Saturday,Medium_Load,69.05,99.99,99.02,0.79,9.72
14/04/2018 15:15,Weekend,Saturday,Maximum_Load,38.59,99.99,99.92,0.40,1.55
03/12/2018 20:15,Weekday,Monday,Medium_Load,46.22,100.00,91.43,0.00,20.48
23/02/2018 08:30,Weekday,Friday,Light_Load,62.53,100.00,77.14,0.00,51.59
01/10/2018 07:15,Weekday,Monday,Light_Load,2.81,100.00,54.53,0.00,4.32
16/09/2018 06:30,Weekend,Sunday,Light_Load,2.77,100.00,46.60,0.00,5.26
22/09/2018 06:45,Weekend,Saturday,Light_Load,2.59,100.00,46.21,0.00,4.97
21/11/2018 14:30,Weekday,Wednesday,Medium_Load,85.14,100.00,95.68,0.00,25.88
12/09/2018 16:15,Weekday,Wednesday,Maximum_Load,53.75,100.00,87.40,0.00,29.88
17/04/2018 13:15,Weekday,Tuesday,Maximum_Load,64.19,99.71,95.41,4.90,20.16
27/03/2018 16:00,Weekday,Tuesday,Maximum_Load,42.55,100.00,98.61,0.29,7.16
24/09/2018 16:45,Weekday,Monday,Light_Load,2.88,26.69,100.00,10.40,0.00
07/11/2018 10:45,Weekday,Wednesday,Maximum_Load,70.52,100.00,86.94,0.00,40.07
18/03/2018 07:15,Weekend,Sunday,Light_Load,3.53,100.00,64.52,0.00,4.18
01/09/2018 06:30,Weekend,Saturday,Light_Load,3.06,100.00,46.23,0.00,5.87
07/01/2018 18:00,Weekend,Sunday,Light_Load,3.49,19.72,100.00,17.35,0.00
12/10/2018 18:15,Weekday,Friday,Medium_Load,50.94,100.00,79.27,0.00,39.17
24/03/2018 23:15,Weekend,Saturday,Light_Load,4.00,100.00,67.35,0.00,4.39
12/08/2018 00:30,Weekend,Sunday,Light_Load,2.74,100.00,47.26,0.00,5.11
15/09/2018 06:15,Weekend,Saturday,Light_Load,2.70,100.00,45.46,0.00,5.29
13/06/2018 20:00,Weekday,Wednesday,Medium_Load,3.20,17.61,100.00,17.89,0.00
16/11/2018 00:15,Weekday,Friday,Light_Load,4.79,100.00,58.62,0.00,6.62
05/09/2018 05:15,Weekday,Wednesday,Light_Load,2.52,100.00,45.51,0.00,4.93
10/12/2018 11:45,Weekday,Monday,Maximum_Load,62.42,100.00,94.62,0.00,21.35
30/09/2018 23:30,Weekend,Sunday,Light_Load,2.52,100.00,49.78,0.00,4.39
14/09/2018 20:15,Weekday,Friday,Medium_Load,3.67,27.25,100.00,12.96,0.00
25/10/2018 08:15,Weekday,Thursday,Light_Load,36.58,100.00,74.72,0.00,32.54
23/01/2018 05:30,Weekday,Tuesday,Light_Load,39.96,100.00,80.22,0.00,29.74
16/01/2018 20:15,Weekday,Tuesday,Medium_Load,100.98,100.00,87.75,0.00,55.19
08/08/2018 04:30,Weekday,Wednesday,Light_Load,3.17,100.00,46.84,0.00,5.98
03/06/2018 04:00,Weekend,Sunday,Light_Load,2.95,100.00,44.48,0.00,5.94
27/09/2018 23:15,Weekday,Thursday,Light_Load,3.31,100.00,44.72,0.00,6.62
16/03/2018 02:30,Weekday,Friday,Light_Load,3.20,100.00,55.31,0.00,4.82
13/02/2018 10:45,Weekday,Tuesday,Maximum_Load,59.80,100.00,97.33,0.00,14.11
16/01/2018 11:00,Weekday,Tuesday,Maximum_Load,83.38,100.00,91.55,0.00,36.65
25/02/2018 00:45,Weekend,Sunday,Light_Load,34.74,100.00,77.92,0.00,27.94
07/10/2018 06:00,Weekend,Sunday,Light_Load,2.56,100.00,46.08,0.00,4.93
21/01/2018 10:00,Weekend,Sunday,Light_Load,5.18,19.65,100.00,25.85,0.00
14/08/2018 21:30,Weekday,Tuesday,Medium_Load,4.00,25.75,100.00,15.01,0.00
03/06/2018 09:15,Weekend,Sunday,Light_Load,2.95,17.07,100.00,17.03,0.00
04/03/2018 12:15,Weekend,Sunday,Light_Load,3.28,23.38,100.00,13.64,0.00
27/06/2018 08:00,Weekday,Wednesday,Light_Load,3.85,100.00,68.72,0.00,4.07
03/11/2018 16:00,Weekend,Saturday,Medium_Load,30.20,99.90,99.99,1.33,0.50
07/11/2018 19:15,Weekday,Wednesday,Maximum_Load,61.85,100.00,85.44,0.00,37.62
25/06/2018 23:30,Weekday,Monday,Light_Load,3.13,100.00,67.51,0.00,3.42
27/02/2018 10:45,Weekday,Tuesday,Maximum_Load,68.11,100.00,92.24,0.00,28.51
22/03/2018 12:30,Weekday,Thursday,Medium_Load,7.31,26.40,100.00,26.71,0.00
07/03/2018 05:45,Weekday,Wednesday,Light_Load,3.17,100.00,70.71,0.00,3.17
16/09/2018 19:00,Weekend,Sunday,Light_Load,2.84,23.80,100.00,11.59,0.00
07/11/2018 02:30,Weekday,Wednesday,Light_Load,2.95,100.00,54.83,0.00,4.50
21/02/2018 22:15,Weekday,Wednesday,Maximum_Load,51.77,100.00,96.51,0.50,14.04
15/04/2018 05:15,Weekend,Sunday,Light_Load,3.46,100.00,62.87,0.00,4.28
02/03/2018 04:30,Weekday,Friday,Light_Load,3.92,100.00,70.98,0.00,3.89
23/02/2018 17:30,Weekday,Friday,Maximum_Load,60.19,100.00,94.51,0.00,20.81
10/04/2018 13:15,Weekday,Tuesday,Maximum_Load,40.00,99.45,94.04,4.21,14.47
26/04/2018 21:30,Weekday,Thursday,Medium_Load,5.47,20.24,100.00,26.46,0.00
30/04/2018 17:00,Weekday,Monday,Maximum_Load,53.50,100.00,88.35,0.00,28.37
10/05/2018 05:00,Weekday,Thursday,Light_Load,3.06,100.00,64.35,0.00,3.64
16/09/2018 19:15,Weekend,Sunday,Light_Load,3.06,23.10,100.00,12.89,0.00
19/03/2018 20:45,Weekday,Monday,Medium_Load,33.70,98.90,99.93,5.04,1.26
21/02/2018 23:45,Weekday,Wednesday,Light_Load,75.46,100.00,89.22,0.00,38.20
11/12/2018 04:45,Weekday,Tuesday,Light_Load,3.56,100.00,80.11,0.00,2.66
22/06/2018 03:30,Weekday,Friday,Light_Load,3.02,100.00,47.34,0.00,5.62
23/01/2018 06:00,Weekday,Tuesday,Light_Load,40.14,100.00,80.63,0.00,29.45
18/09/2018 11:15,Weekday,Tuesday,Maximum_Load,60.55,100.00,88.10,0.00,32.51
12/05/2018 06:15,Weekend,Saturday,Light_Load,2.95,100.00,56.75,0.00,4.28
23/10/2018 03:30,Weekday,Tuesday,Light_Load,3.06,100.00,46.04,0.00,5.90
10/08/2018 13:45,Weekday,Friday,Maximum_Load,105.70,100.00,90.46,0.00,49.82
26/08/2018 08:00,Weekend,Sunday,Light_Load,4.61,100.00,51.37,0.00,7.70
26/08/2018 00:15,Weekend,Sunday,Light_Load,2.56,100.00,52.23,0.00,4.18
14/11/2018 12:15,Weekday,Wednesday,Medium_Load,6.19,34.29,100.00,16.96,0.00
28/03/2018 05:45,Weekday,Wednesday,Light_Load,3.02,100.00,68.64,0.00,3.20
16/11/2018 17:00,Weekday,Friday,Medium_Load,57.24,100.00,88.83,0.00,29.59
15/07/2018 19:45,Weekend,Sunday,Medium_Load,44.50,100.00,97.18,0.32,10.80
01/10/2018 19:45,Weekday,Monday,Medium_Load,39.20,100.00,92.00,0.00,16.70
19/09/2018 18:15,Weekday,Wednesday,Medium_Load,4.00,51.09,100.00,6.73,0.00
03/04/2018 16:30,Weekday,Tuesday,Maximum_Load,84.20,100.00,91.26,0.00,37.73
07/04/2018 14:30,Weekend,Saturday,Maximum_Load,53.53,99.96,99.48,1.48,5.47
05/02/2018 23:00,Weekday,Monday,Maximum_Load,42.19,100.00,80.89,0.00,30.67
10/01/2018 16:15,Weekday,Wednesday,Medium_Load,105.12,100.00,95.70,0.00,31.86
27/05/2018 14:30,Weekend,Sunday,Light_Load,3.02,18.01,100.00,16.49,0.00
07/02/2018 09:30,Weekday,Wednesday,Medium_Load,61.02,100.00,96.42,0.00,16.78
29/06/2018 06:45,Weekday,Friday,Light_Load,3.17,100.00,56.41,0.00,4.64
17/10/2018 04:15,Weekday,Wednesday,Light_Load,3.17,100.00,45.58,0.00,6.19
06/06/2018 00:00,Weekday,Wednesday,Light_Load,2.99,100.00,47.23,0.00,5.58
27/02/2018 20:30,Weekday,Tuesday,Medium_Load,94.97,100.00,93.81,0.00,35.06
26/10/2018 23:15,Weekday,Friday,Light_Load,3.64,100.00,47.96,0.00,6.66
27/05/2018 10:45,Weekend,Sunday,Light_Load,3.42,19.42,100.00,17.28,0.00
10/08/2018 17:30,Weekday,Friday,Medium_Load,99.83,100.00,90.08,0.00,48.13
06/02/2018 00:15,Weekday,Tuesday,Light_Load,70.31,100.00,87.83,0.00,38.27
25/12/2018 09:15,Weekday,Tuesday,Light_Load,3.49,24.01,100.00,14.11,0.00
17/08/2018 19:15,Weekday,Friday,Medium_Load,67.61,100.00,86.17,0.00,39.82
22/07/2018 11:30,Weekend,Sunday,Light_Load,2.70,100.00,53.98,0.00,4.21
01/09/2018 16:45,Weekend,Saturday,Maximum_Load,26.32,99.76,99.98,1.84,0.58
09/06/2018 06:30,Weekend,Saturday,Light_Load,2.92,100.00,44.54,0.00,5.87
03/03/2018 07:45,Weekend,Saturday,Light_Load,3.85,100.00,70.34,0.00,3.89
02/05/2018 11:15,Weekday,Wednesday,Maximum_Load,61.24,100.00,76.02,0.00,52.34
26/11/2018 13:45,Weekday,Monday,Medium_Load,82.58,100.00,87.21,0.00,46.33
08/07/2018 15:45,Weekend,Sunday,Maximum_Load,44.14,100.00,96.89,0.00,11.27
13/12/2018 12:15,Weekday,Thursday,Medium_Load,11.38,52.46,99.95,18.47,0.36
07/08/2018 14:00,Weekday,Tuesday,Maximum_Load,58.54,100.00,90.68,0.00,27.22
10/03/2018 12:15,Weekend,Saturday,Medium_Load,5.94,27.98,100.00,20.38,0.00
16/07/2018 09:00,Weekday,Monday,Light_Load,89.21,100.00,90.75,0.00,41.29
25/02/2018 12:00,Weekend,Sunday,Light_Load,4.14,70.37,100.00,4.18,0.00
09/12/2018 18:30,Weekend,Sunday,Light_Load,3.31,33.69,100.00,9.25,0.00
27/07/2018 23:45,Weekday,Friday,Light_Load,2.84,100.00,51.56,0.00,4.72
18/03/2018 10:15,Weekend,Sunday,Light_Load,3.49,15.60,100.00,22.10,0.00
13/03/2018 05:00,Weekday,Tuesday,Light_Load,3.67,100.00,62.87,0.00,4.54
15/01/2018 14:45,Weekday,Monday,Medium_Load,70.09,100.00,93.49,0.00,26.60
25/06/2018 13:30,Weekday,Monday,Maximum_Load,82.26,100.00,91.30,0.00,36.76
11/09/2018 11:15,Weekday,Tuesday,Maximum_Load,109.58,100.00,88.98,0.00,56.20
22/05/2018 01:00,Weekday,Tuesday,Light_Load,3.02,100.00,58.29,0.00,4.21
19/04/2018 09:30,Weekday,Thursday,Medium_Load,58.32,100.00,91.51,0.00,25.70
22/11/2018 03:30,Weekday,Thursday,Light_Load,3.17,100.00,73.55,0.00,2.92
04/04/2018 13:00,Weekday,Wednesday,Medium_Load,5.44,20.06,100.00,26.57,0.00
09/11/2018 03:30,Weekday,Friday,Light_Load,2.99,100.00,56.29,0.00,4.39
19/04/2018 03:30,Weekday,Thursday,Light_Load,3.02,100.00,63.54,0.00,3.67
02/02/2018 05:00,Weekday,Friday,Light_Load,6.37,100.00,76.52,0.00,5.36
11/03/2018 02:30,Weekend,Sunday,Light_Load,3.13,100.00,68.27,0.00,3.35
26/12/2018 08:00,Weekday,Wednesday,Light_Load,5.00,98.77,90.08,0.79,2.41
30/03/2018 08:15,Weekday,Friday,Light_Load,44.35,100.00,80.69,0.00,32.47
22/05/2018 00:30,Weekday,Tuesday,Light_Load,3.06,100.00,57.45,0.00,4.36
27/10/2018 19:00,Weekend,Saturday,Medium_Load,3.64,20.29,100.00,17.57,0.00
29/07/2018 15:00,Weekend,Sunday,Maximum_Load,33.30,99.97,99.71,0.86,2.52
26/09/2018 11:00,Weekday,Wednesday,Light_Load,2.59,21.06,100.00,12.02,0.00
30/10/2018 17:00,Weekday,Tuesday,Maximum_Load,46.30,100.00,93.13,0.00,18.11
30/08/2018 22:45,Weekday,Thursday,Medium_Load,2.88,100.00,45.16,0.00,5.69
19/02/2018 01:00,Weekday,Monday,Light_Load,3.28,100.00,54.85,0.00,5.00
08/02/2018 01:30,Weekday,Thursday,Light_Load,5.04,100.00,63.32,0.00,6.16
05/03/2018 16:00,Weekday,Monday,Maximum_Load,146.88,100.00,90.16,0.00,70.49
25/07/2018 00:45,Weekday,Wednesday,Light_Load,3.24,100.00,57.50,0.00,4.61
12/08/2018 08:00,Weekend,Sunday,Light_Load,2.63,100.00,46.55,0.00,5.00
04/07/2018 12:15,Weekday,Wednesday,Medium_Load,8.10,46.20,97.96,15.55,1.66
03/11/2018 22:00,Weekend,Saturday,Medium_Load,3.67,19.49,100.00,18.47,0.00
08/10/2018 05:45,Weekday,Monday,Light_Load,2.88,100.00,44.29,0.00,5.83
16/10/2018 00:45,Weekday,Tuesday,Light_Load,4.57,100.00,49.14,0.00,8.10
14/06/2018 08:15,Weekday,Thursday,Light_Load,80.24,100.00,83.43,0.00,53.03
29/06/2018 15:45,Weekday,Friday,Maximum_Load,45.11,100.00,94.35,0.00,15.84
21/01/2018 18:00,Weekend,Sunday,Light_Load,4.97,18.17,100.00,26.89,0.00
08/09/2018 04:15,Weekend,Saturday,Light_Load,3.17,100.00,52.20,0.00,5.18
01/03/2018 11:00,Weekday,Thursday,Maximum_Load,86.62,100.00,97.47,0.83,19.87
27/08/2018 08:00,Weekday,Monday,Light_Load,3.92,100.00,49.13,0.00,6.95
04/07/2018 00:45,Weekday,Wednesday,Light_Load,3.24,100.00,59.38,0.00,4.39
19/03/2018 10:00,Weekday,Monday,Medium_Load,130.21,100.00,91.88,0.00,55.94
16/07/2018 13:30,Weekday,Monday,Maximum_Load,71.35,100.00,78.94,0.00,55.48
24/11/2018 02:15,Weekend,Saturday,Light_Load,3.60,99.99,74.33,0.04,3.24
16/08/2018 22:45,Weekday,Thursday,Medium_Load,3.49,100.00,56.10,0.00,5.15
30/12/2018 12:15,Weekend,Sunday,Light_Load,3.46,26.21,100.00,12.74,0.00
25/08/2018 10:15,Weekend,Saturday,Light_Load,4.61,24.81,100.00,18.00,0.00
16/07/2018 07:45,Weekday,Monday,Light_Load,3.60,100.00,67.64,0.00,3.92
13/06/2018 23:45,Weekday,Wednesday,Light_Load,2.84,100.00,56.20,0.00,4.18
09/07/2018 16:45,Weekday,Monday,Maximum_Load,59.11,100.00,89.55,0.00,29.38
03/02/2018 13:00,Weekend,Saturday,Medium_Load,6.41,24.29,100.00,25.60,0.00
17/05/2018 11:00,Weekday,Thursday,Maximum_Load,86.54,100.00,91.50,0.00,38.16
30/08/2018 03:30,Weekday,Thursday,Light_Load,2.66,100.00,47.71,0.00,4.90
26/09/2018 06:00,Weekday,Wednesday,Light_Load,2.56,100.00,42.39,0.00,5.47
03/01/2018 01:15,Weekday,Wednesday,Light_Load,4.64,100.00,72.10,0.00,4.46
12/11/2018 19:30,Weekday,Monday,Maximum_Load,90.25,100.00,94.14,0.00,32.33
28/10/2018 08:15,Weekend,Sunday,Light_Load,2.77,100.00,45.64,0.00,5.40
18/06/2018 09:15,Weekday,Monday,Medium_Load,86.11,100.00,91.34,0.00,38.38
30/04/2018 19:45,Weekday,Monday,Medium_Load,3.74,14.89,100.00,24.84,0.00
10/02/2018 09:15,Weekend,Saturday,Light_Load,5.58,20.77,100.00,26.28,0.00
08/06/2018 06:00,Weekday,Friday,Light_Load,2.88,100.00,41.80,0.00,6.26
01/02/2018 20:45,Weekday,Thursday,Medium_Load,69.80,100.00,98.75,0.68,11.16
28/09/2018 11:15,Weekday,Friday,Maximum_Load,50.26,100.00,86.26,0.00,29.48
25/07/2018 06:45,Weekday,Wednesday,Light_Load,3.06,100.00,58.43,0.00,4.25
06/05/2018 09:15,Weekend,Sunday,Light_Load,3.20,18.35,100.00,17.14,0.00
02/06/2018 20:15,Weekend,Saturday,Light_Load,3.67,20.65,100.00,17.39,0.00
06/10/2018 01:45,Weekend,Saturday,Light_Load,3.49,100.00,41.60,0.00,7.63
31/03/2018 18:45,Weekend,Saturday,Light_Load,3.38,17.35,100.00,19.19,0.00
16/10/2018 14:15,Weekday,Tuesday,Maximum_Load,70.45,100.00,82.67,0.00,47.95
10/11/2018 13:45,Weekend,Saturday,Medium_Load,60.77,100.00,91.11,0.00,27.50
25/03/2018 14:00,Weekend,Sunday,Maximum_Load,31.00,98.58,100.00,5.29,0.18
10/04/2018 13:00,Weekday,Tuesday,Medium_Load,5.44,20.40,100.00,26.10,0.00
01/05/2018 02:00,Weekday,Tuesday,Light_Load,2.92,100.00,55.38,0.00,4.39
13/04/2018 00:00,Weekday,Friday,Light_Load,3.56,100.00,67.23,0.00,3.92
17/09/2018 21:30,Weekday,Monday,Medium_Load,4.07,23.30,100.00,16.99,0.00
20/04/2018 03:30,Weekday,Friday,Light_Load,3.06,100.00,64.76,0.00,3.60
23/07/2018 22:00,Weekday,Monday,Medium_Load,3.89,23.40,100.00,16.16,0.00
07/10/2018 19:00,Weekend,Sunday,Light_Load,3.46,29.61,100.00,11.16,0.00
21/05/2018 23:30,Weekday,Monday,Light_Load,3.56,100.00,71.41,0.00,3.49
02/09/2018 06:15,Weekend,Sunday,Light_Load,2.56,100.00,50.37,0.00,4.39
17/10/2018 23:15,Weekday,Wednesday,Light_Load,3.53,100.00,55.00,0.00,5.36
07/02/2018 06:45,Weekday,Wednesday,Light_Load,4.32,100.00,70.14,0.00,4.39
24/09/2018 07:30,Weekday,Monday,Light_Load,2.59,100.00,41.67,0.00,5.65
16/02/2018 01:00,Weekday,Friday,Light_Load,3.35,100.00,68.12,0.00,3.60
20/05/2018 20:15,Weekend,Sunday,Medium_Load,4.00,23.82,100.00,16.31,0.00
15/03/2018 00:45,Weekday,Thursday,Light_Load,3.42,100.00,52.74,0.00,5.51
17/09/2018 03:15,Weekday,Monday,Light_Load,2.77,100.00,44.21,0.00,5.62
19/04/2018 02:45,Weekday,Thursday,Light_Load,3.02,100.00,64.27,0.00,3.60
08/08/2018 16:30,Weekday,Wednesday,Maximum_Load,60.73,100.00,90.95,0.00,27.76
15/01/2018 18:15,Weekday,Monday,Maximum_Load,62.50,100.00,85.22,0.32,38.38
20/12/2018 09:00,Weekday,Thursday,Light_Load,63.14,100.00,92.56,0.00,25.81
21/08/2018 09:15,Weekday,Tuesday,Medium_Load,58.43,100.00,84.98,0.00,36.25
03/02/2018 13:15,Weekend,Saturday,Medium_Load,20.63,82.00,99.99,14.40,0.22
04/04/2018 01:00,Weekday,Wednesday,Light_Load,3.64,100.00,63.83,0.00,4.39
14/08/2018 13:00,Weekday,Tuesday,Medium_Load,5.76,24.66,100.00,22.64,0.00
25/04/2018 11:45,Weekday,Wednesday,Maximum_Load,43.70,100.00,82.27,0.00,30.20
25/06/2018 03:15,Weekday,Monday,Light_Load,2.88,100.00,52.41,0.00,4.68
29/08/2018 03:30,Weekday,Wednesday,Light_Load,2.74,100.00,52.01,0.00,4.50
10/03/2018 07:15,Weekend,Saturday,Light_Load,3.10,100.00,69.92,0.00,3.17
09/04/2018 04:45,Weekday,Monday,Light_Load,3.06,100.00,62.22,0.00,3.85
10/12/2018 08:30,Weekday,Monday,Light_Load,61.06,100.00,83.54,0.00,40.18
29/10/2018 16:30,Weekday,Monday,Maximum_Load,134.60,100.00,89.72,0.00,66.24
04/04/2018 23:15,Weekday,Wednesday,Light_Load,3.60,100.00,62.81,0.00,4.46
03/10/2018 00:00,Weekday,Wednesday,Light_Load,2.70,100.00,46.22,0.00,5.18
17/09/2018 02:30,Weekday,Monday,Light_Load,2.77,100.00,44.21,0.00,5.62
22/06/2018 15:30,Weekday,Friday,Maximum_Load,41.83,100.00,93.52,0.00,15.84
01/09/2018 03:00,Weekend,Saturday,Light_Load,3.49,100.00,49.11,0.00,6.19
07/05/2018 13:00,Weekday,Monday,Medium_Load,4.72,26.81,100.00,16.96,0.00
28/08/2018 02:15,Weekday,Tuesday,Light_Load,2.59,100.00,51.77,0.00,4.28
30/04/2018 03:45,Weekday,Monday,Light_Load,2.84,100.00,54.32,0.00,4.39
23/07/2018 07:45,Weekday,Monday,Light_Load,3.74,100.00,63.00,0.00,4.61
12/10/2018 11:15,Weekday,Friday,Maximum_Load,53.75,100.00,86.70,0.00,30.89
01/11/2018 01:45,Weekday,Thursday,Light_Load,3.92,100.00,57.00,0.00,5.65
13/06/2018 06:15,Weekday,Wednesday,Light_Load,2.88,100.00,49.10,0.00,5.11
23/02/2018 21:15,Weekday,Friday,Medium_Load,37.51,99.33,100.00,4.36,0.04
26/06/2018 02:15,Weekday,Tuesday,Light_Load,2.66,100.00,57.55,0.00,3.78
25/10/2018 10:30,Weekday,Thursday,Maximum_Load,58.72,100.00,86.23,0.00,34.49
17/06/2018 02:30,Weekend,Sunday,Light_Load,2.74,100.00,56.90,0.00,3.96
16/03/2018 09:45,Weekday,Friday,Medium_Load,104.72,100.00,92.98,0.00,41.44
07/05/2018 17:45,Weekday,Monday,Medium_Load,42.88,98.95,98.78,6.26,6.77
06/05/2018 16:00,Weekend,Sunday,Light_Load,3.49,18.39,100.00,18.65,0.00
22/10/2018 12:45,Weekday,Monday,Medium_Load,4.61,27.72,100.00,15.98,0.00
27/02/2018 00:15,Weekday,Tuesday,Light_Load,5.76,100.00,77.35,0.00,4.72
23/01/2018 06:45,Weekday,Tuesday,Light_Load,39.71,100.00,80.15,0.00,29.63
26/09/2018 00:15,Weekday,Wednesday,Light_Load,2.56,100.00,43.10,0.00,5.36
22/08/2018 22:45,Weekday,Wednesday,Medium_Load,2.81,100.00,45.89,0.00,5.44
27/01/2018 00:15,Weekend,Saturday,Light_Load,77.72,100.00,89.10,0.00,39.60
31/08/2018 01:30,Weekday,Friday,Light_Load,2.70,100.00,46.93,0.00,5.08
24/05/2018 23:15,Weekday,Thursday,Light_Load,3.56,100.00,65.84,0.00,4.07
28/06/2018 00:30,Weekday,Thursday,Light_Load,2.92,100.00,51.19,0.00,4.90
23/02/2018 11:30,Weekday,Friday,Maximum_Load,109.04,100.00,84.26,0.00,69.70
22/03/2018 16:00,Weekday,Thursday,Maximum_Load,68.54,99.99,98.92,1.08,10.15
25/07/2018 14:15,Weekday,Wednesday,Maximum_Load,57.53,100.00,91.21,0.00,25.85
22/06/2018 12:30,Weekday,Friday,Medium_Load,4.36,25.66,100.00,16.42,0.00
05/02/2018 22:15,Weekday,Monday,Maximum_Load,84.35,100.00,95.53,0.00,26.10
20/03/2018 18:15,Weekday,Tuesday,Medium_Load,36.50,99.98,94.29,0.72,12.89
08/11/2018 10:30,Weekday,Thursday,Maximum_Load,67.07,100.00,88.03,0.00,36.14
12/09/2018 13:30,Weekday,Wednesday,Maximum_Load,64.22,100.00,81.92,0.00,44.96
01/06/2018 15:00,Weekday,Friday,Maximum_Load,55.94,100.00,90.24,0.00,26.71
08/03/2018 01:30,Weekday,Thursday,Light_Load,3.71,100.00,69.67,0.00,3.82
29/06/2018 09:00,Weekday,Friday,Light_Load,56.81,100.00,84.92,0.00,35.32
13/05/2018 05:45,Weekend,Sunday,Light_Load,3.46,100.00,63.76,0.00,4.18
27/03/2018 08:45,Weekday,Tuesday,Light_Load,66.38,100.00,76.12,0.00,56.56
10/11/2018 01:45,Weekend,Saturday,Light_Load,4.90,100.00,54.04,0.00,7.63
07/11/2018 03:45,Weekday,Wednesday,Light_Load,2.99,100.00,53.51,0.00,4.72
21/09/2018 07:30,Weekday,Friday,Light_Load,2.99,100.00,53.84,0.00,4.68
17/08/2018 17:45,Weekday,Friday,Medium_Load,30.06,99.98,99.46,0.61,3.13
05/12/2018 00:15,Weekday,Wednesday,Light_Load,3.89,100.00,72.09,0.00,3.74
30/09/2018 06:00,Weekend,Sunday,Light_Load,2.52,100.00,47.73,0.00,4.64
24/11/2018 16:00,Weekend,Saturday,Light_Load,5.44,25.17,100.00,20.92,0.00
18/10/2018 19:00,Weekday,Thursday,Medium_Load,75.20,100.00,80.55,0.00,55.33
14/11/2018 05:15,Weekday,Wednesday,Light_Load,3.02,100.00,56.33,0.00,4.43
04/01/2018 14:15,Weekday,Thursday,Medium_Load,117.97,100.00,94.28,0.00,41.72
16/03/2018 08:15,Weekday,Friday,Light_Load,60.55,100.00,81.49,0.00,43.06
21/07/2018 14:15,Weekend,Saturday,Maximum_Load,37.01,99.99,97.45,0.47,8.53
21/01/2018 20:30,Weekend,Sunday,Light_Load,5.00,18.57,100.00,26.46,0.00
03/05/2018 08:00,Weekday,Thursday,Light_Load,6.37,100.00,68.90,0.00,6.70
19/07/2018 17:15,Weekday,Thursday,Medium_Load,70.20,100.00,96.67,0.00,18.58
17/08/2018 12:15,Weekday,Friday,Medium_Load,4.07,42.33,100.00,8.71,0.00
20/08/2018 17:45,Weekday,Monday,Medium_Load,34.31,99.78,97.21,2.30,8.28
25/06/2018 10:30,Weekday,Monday,Maximum_Load,57.38,100.00,91.24,0.00,25.74
02/01/2018 11:00,Weekday,Tuesday,Maximum_Load,77.58,100.00,95.00,0.00,25.49
03/07/2018 01:45,Weekday,Tuesday,Light_Load,2.70,100.00,55.28,0.00,4.07
08/11/2018 06:30,Weekday,Thursday,Light_Load,3.02,100.00,52.24,0.00,4.93
31/01/2018 13:15,Weekday,Wednesday,Medium_Load,76.46,99.85,95.29,4.25,24.34
16/02/2018 22:45,Weekday,Friday,Light_Load,3.13,100.00,66.03,0.00,3.56
08/05/2018 02:15,Weekday,Tuesday,Light_Load,3.53,100.00,68.93,0.00,3.71
14/01/2018 12:45,Weekend,Sunday,Medium_Load,4.43,24.93,100.00,17.21,0.00
19/07/2018 11:45,Weekday,Thursday,Maximum_Load,100.30,100.00,79.10,0.00,77.58
02/07/2018 06:00,Weekday,Monday,Light_Load,2.84,100.00,54.32,0.00,4.39
18/08/2018 01:30,Weekend,Saturday,Light_Load,2.63,100.00,52.00,0.00,4.32
31/10/2018 14:00,Weekday,Wednesday,Maximum_Load,96.37,100.00,88.76,0.00,50.00
25/05/2018 01:00,Weekday,Friday,Light_Load,3.67,100.00,65.98,0.00,4.18
04/04/2018 10:45,Weekday,Wednesday,Maximum_Load,53.71,100.00,93.48,0.00,20.41
19/04/2018 10:15,Weekday,Thursday,Maximum_Load,58.03,100.00,93.91,0.00,21.24
28/10/2018 13:15,Weekend,Sunday,Light_Load,3.38,24.47,100.00,13.39,0.00
28/12/2018 21:30,Weekday,Friday,Medium_Load,5.26,23.96,100.00,21.31,0.00
24/01/2018 05:30,Weekday,Wednesday,Light_Load,38.95,100.00,80.62,0.00,28.58
15/01/2018 20:45,Weekday,Monday,Medium_Load,59.69,100.00,93.55,0.00,22.54
25/07/2018 10:00,Weekday,Wednesday,Medium_Load,47.74,100.00,96.95,0.07,12.06
18/07/2018 17:30,Weekday,Wednesday,Medium_Load,60.30,100.00,93.87,0.00,22.14
15/06/2018 03:15,Weekday,Friday,Light_Load,2.92,100.00,47.84,0.00,5.36
03/03/2018 22:45,Weekend,Saturday,Medium_Load,2.92,100.00,73.93,0.00,2.66
14/01/2018 23:00,Weekend,Sunday,Maximum_Load,4.57,100.00,75.25,0.00,4.00
19/10/2018 02:15,Weekday,Friday,Light_Load,3.64,100.00,44.04,0.00,7.42
20/08/2018 23:30,Weekday,Monday,Light_Load,2.59,100.00,57.66,0.00,3.67
05/06/2018 23:00,Weekday,Tuesday,Medium_Load,3.60,100.00,57.82,0.00,5.08
08/04/2018 00:30,Weekend,Sunday,Light_Load,3.56,100.00,59.97,0.00,4.75
11/01/2018 10:15,Weekday,Thursday,Maximum_Load,73.51,100.00,93.23,0.00,28.51
13/09/2018 14:15,Weekday,Thursday,Maximum_Load,59.80,100.00,83.61,0.00,39.24
09/09/2018 11:30,Weekend,Sunday,Maximum_Load,25.78,99.88,99.69,1.26,2.05
21/10/2018 14:15,Weekend,Sunday,Light_Load,3.02,25.73,100.00,11.34,0.00
06/10/2018 02:30,Weekend,Saturday,Light_Load,2.92,100.00,43.29,0.00,6.08
06/01/2018 21:45,Weekend,Saturday,Light_Load,4.10,16.56,100.00,24.41,0.00
10/06/2018 16:30,Weekend,Sunday,Light_Load,3.38,19.67,100.00,16.85,0.00
15/12/2018 07:30,Weekend,Saturday,Light_Load,4.10,100.00,72.54,0.00,3.89
22/06/2018 18:45,Weekday,Friday,Medium_Load,52.31,100.00,84.12,0.00,33.62
03/03/2018 01:15,Weekend,Saturday,Light_Load,3.38,100.00,74.13,0.00,3.06
07/07/2018 14:45,Weekend,Saturday,Maximum_Load,94.18,100.00,96.69,0.00,24.84
17/05/2018 15:45,Weekday,Thursday,Maximum_Load,119.66,100.00,91.13,0.00,54.07
06/05/2018 05:45,Weekend,Sunday,Light_Load,2.95,100.00,56.39,0.00,4.32
08/12/2018 14:45,Weekend,Saturday,Medium_Load,37.73,100.00,98.36,0.00,6.91
03/06/2018 06:00,Weekend,Sunday,Light_Load,2.99,100.00,41.90,0.00,6.48
22/01/2018 00:00,Weekday,Monday,Light_Load,39.49,100.00,79.92,0.00,29.70
05/05/2018 15:30,Weekend,Saturday,Light_Load,3.13,17.96,100.00,17.14,0.00
27/02/2018 20:00,Weekday,Tuesday,Maximum_Load,53.68,100.00,95.88,0.00,15.91
28/02/2018 22:45,Weekday,Wednesday,Maximum_Load,5.36,100.00,65.46,0.00,6.19
25/10/2018 00:15,Weekday,Thursday,Light_Load,3.10,100.00,48.10,0.00,5.65
03/02/2018 14:45,Weekend,Saturday,Medium_Load,38.12,99.97,99.95,0.97,1.26
07/10/2018 18:30,Weekend,Sunday,Light_Load,2.59,34.31,100.00,7.09,0.00
19/01/2018 14:45,Weekday,Friday,Medium_Load,100.26,100.00,94.86,0.00,33.44
19/08/2018 21:30,Weekend,Sunday,Light_Load,2.81,19.97,100.00,13.79,0.00
13/11/2018 15:30,Weekday,Tuesday,Medium_Load,77.29,100.00,93.89,0.00,28.33
17/11/2018 22:45,Weekend,Saturday,Maximum_Load,3.89,100.00,49.66,0.00,6.80
30/10/2018 07:45,Weekday,Tuesday,Light_Load,4.50,100.00,63.53,0.00,5.47
28/06/2018 23:30,Weekday,Thursday,Light_Load,3.56,100.00,67.51,0.00,3.89
12/04/2018 21:00,Weekday,Thursday,Medium_Load,20.66,83.30,99.95,13.72,0.65
24/06/2018 05:45,Weekend,Sunday,Light_Load,2.59,100.00,57.66,0.00,3.67
01/09/2018 12:15,Weekend,Saturday,Medium_Load,25.60,100.00,91.81,0.00,11.05
02/02/2018 07:15,Weekday,Friday,Light_Load,4.18,100.00,66.30,0.00,4.72
02/08/2018 22:00,Weekday,Thursday,Light_Load,3.42,22.22,100.00,15.01,0.00
08/01/2018 15:45,Weekday,Monday,Medium_Load,126.43,100.00,91.21,0.00,56.84
27/06/2018 16:15,Weekday,Wednesday,Maximum_Load,46.19,100.00,92.22,0.00,19.37
22/01/2018 04:45,Weekday,Monday,Light_Load,3.89,100.00,77.23,0.00,3.20
14/06/2018 20:15,Weekday,Thursday,Medium_Load,54.50,100.00,84.75,0.00,34.13
11/01/2018 21:30,Weekday,Thursday,Medium_Load,5.18,19.09,100.00,26.64,0.00
06/12/2018 14:30,Weekday,Thursday,Medium_Load,68.22,100.00,87.98,0.00,36.86
12/12/2018 13:15,Weekday,Wednesday,Medium_Load,58.86,99.97,95.36,1.37,18.58
20/01/2018 22:15,Weekend,Saturday,Maximum_Load,40.14,99.97,95.89,0.94,11.88
31/12/2018 10:45,Weekday,Monday,Light_Load,3.67,20.73,100.00,17.32,0.00
18/12/2018 00:00,Weekday,Tuesday,Light_Load,4.14,99.86,79.12,0.22,3.20
29/09/2018 17:30,Weekend,Saturday,Medium_Load,3.46,19.02,100.00,17.86,0.00
06/05/2018 16:45,Weekend,Sunday,Light_Load,3.17,18.37,100.00,16.96,0.00
20/03/2018 13:00,Weekday,Tuesday,Medium_Load,5.58,20.69,100.00,26.39,0.00
18/07/2018 22:45,Weekday,Wednesday,Medium_Load,2.84,51.32,100.00,4.75,0.00
11/06/2018 23:00,Weekday,Monday,Medium_Load,3.71,100.00,55.64,0.00,5.54
13/12/2018 20:00,Weekday,Thursday,Maximum_Load,61.16,100.00,93.73,0.00,22.75
27/06/2018 21:00,Weekday,Wednesday,Medium_Load,3.74,16.43,100.00,22.46,0.00
19/08/2018 07:15,Weekend,Sunday,Light_Load,2.66,100.00,48.01,0.00,4.86
25/09/2018 01:45,Weekday,Tuesday,Light_Load,2.59,100.00,41.25,0.00,5.72
15/01/2018 13:45,Weekday,Monday,Medium_Load,153.14,100.00,90.85,0.00,70.45
30/05/2018 04:15,Weekday,Wednesday,Light_Load,3.35,100.00,57.63,0.00,4.75
14/01/2018 14:30,Weekend,Sunday,Medium_Load,28.12,93.94,100.00,10.26,0.00
19/11/2018 03:15,Weekday,Monday,Light_Load,2.95,100.00,53.00,0.00,4.72
15/04/2018 06:00,Weekend,Sunday,Light_Load,3.10,100.00,64.53,0.00,3.67
12/07/2018 07:00,Weekday,Thursday,Light_Load,2.99,100.00,51.32,0.00,5.00
06/03/2018 22:45,Weekday,Tuesday,Medium_Load,4.86,100.00,72.03,0.00,4.68
09/05/2018 16:30,Weekday,Wednesday,Maximum_Load,76.68,100.00,88.36,0.00,40.64
13/07/2018 00:00,Weekday,Friday,Light_Load,2.59,100.00,56.93,0.00,3.74
08/08/2018 14:30,Weekday,Wednesday,Maximum_Load,79.56,100.00,87.38,0.00,44.28
28/12/2018 15:00,Weekday,Friday,Medium_Load,48.02,100.00,96.42,0.00,13.21
10/05/2018 02:45,Weekday,Thursday,Light_Load,3.02,100.00,65.01,0.00,3.53
03/07/2018 00:00,Weekday,Tuesday,Light_Load,3.42,100.00,64.70,0.00,4.03
24/10/2018 10:15,Weekday,Wednesday,Maximum_Load,80.78,100.00,90.60,0.00,37.73
03/06/2018 12:30,Weekend,Sunday,Light_Load,3.02,17.75,100.00,16.74,0.00
26/11/2018 09:00,Weekday,Monday,Light_Load,90.61,100.00,88.18,0.00,48.46
31/07/2018 13:45,Weekday,Tuesday,Maximum_Load,57.67,100.00,91.74,0.00,25.02
18/08/2018 13:15,Weekend,Saturday,Maximum_Load,26.89,98.21,97.10,5.15,6.62
13/01/2018 23:00,Weekend,Saturday,Maximum_Load,4.61,100.00,72.42,0.00,4.39
16/09/2018 10:15,Weekend,Sunday,Light_Load,2.84,23.80,100.00,11.59,0.00
13/05/2018 10:00,Weekend,Sunday,Light_Load,3.71,16.71,100.00,21.89,0.00
08/10/2018 01:30,Weekday,Monday,Light_Load,2.56,100.00,46.08,0.00,4.93
10/04/2018 15:15,Weekday,Tuesday,Maximum_Load,48.17,100.00,94.04,0.00,17.42
06/01/2018 09:30,Weekend,Saturday,Light_Load,4.43,16.56,100.00,26.39,0.00
09/08/2018 04:00,Weekday,Thursday,Light_Load,2.77,100.00,46.87,0.00,5.22
29/11/2018 14:45,Weekday,Thursday,Medium_Load,59.51,100.00,90.16,0.00,28.55
31/01/2018 23:45,Weekday,Wednesday,Light_Load,95.00,100.00,89.88,0.00,46.33
17/11/2018 15:45,Weekend,Saturday,Medium_Load,132.30,100.00,88.37,0.00,70.06
17/01/2018 20:15,Weekday,Wednesday,Medium_Load,39.78,99.91,99.98,1.73,0.79
06/04/2018 18:45,Weekday,Friday,Medium_Load,53.06,100.00,97.50,0.11,12.10
26/07/2018 22:15,Weekday,Thursday,Medium_Load,3.71,56.13,92.62,5.47,1.51
28/02/2018 19:45,Weekday,Wednesday,Maximum_Load,47.88,100.00,98.66,0.04,7.92
20/08/2018 14:15,Weekday,Monday,Maximum_Load,45.32,100.00,92.43,0.00,18.72
04/07/2018 03:45,Weekday,Wednesday,Light_Load,2.84,100.00,58.97,0.00,3.89
27/04/2018 14:15,Weekday,Friday,Maximum_Load,98.35,100.00,92.95,0.00,39.02
17/03/2018 22:30,Weekend,Saturday,Medium_Load,3.06,100.00,65.50,0.00,3.53
23/06/2018 10:00,Weekend,Saturday,Medium_Load,27.68,99.63,99.99,2.38,0.40
06/10/2018 01:15,Weekend,Saturday,Light_Load,2.84,100.00,43.13,0.00,5.94
02/11/2018 01:15,Weekday,Friday,Light_Load,3.10,100.00,48.83,0.00,5.54
13/09/2018 23:00,Weekday,Thursday,Medium_Load,4.28,100.00,52.82,0.00,6.88
01/03/2018 22:00,Weekday,Thursday,Medium_Load,3.49,18.71,100.00,18.32,0.00
14/12/2018 05:00,Weekday,Friday,Light_Load,4.46,100.00,78.75,0.04,3.49
03/01/2018 15:00,Weekday,Wednesday,Medium_Load,55.80,100.00,95.93,0.00,16.42
06/06/2018 02:00,Weekday,Wednesday,Light_Load,3.64,100.00,58.86,0.00,5.00
08/08/2018 04:00,Weekday,Wednesday,Light_Load,3.17,100.00,46.84,0.00,5.98
11/05/2018 06:30,Weekday,Friday,Light_Load,3.06,100.00,56.57,0.00,4.46
20/05/2018 06:00,Weekend,Sunday,Light_Load,3.06,100.00,46.23,0.00,5.87
04/06/2018 20:30,Weekday,Monday,Medium_Load,62.53,100.00,87.31,0.00,34.92
16/01/2018 03:30,Weekday,Tuesday,Light_Load,4.64,100.00,62.27,0.00,5.83
25/03/2018 02:45,Weekend,Sunday,Light_Load,3.06,100.00,65.50,0.00,3.53
26/05/2018 23:45,Weekend,Saturday,Light_Load,2.70,100.00,52.65,0.00,4.36
28/04/2018 06:15,Weekend,Saturday,Light_Load,3.38,100.00,63.61,0.00,4.10
31/05/2018 19:45,Weekday,Thursday,Medium_Load,3.96,16.56,100.00,23.58,0.00
18/04/2018 10:45,Weekday,Wednesday,Maximum_Load,79.02,100.00,92.26,0.00,33.05
20/04/2018 20:30,Weekday,Friday,Medium_Load,16.24,65.45,100.00,18.76,0.00
04/01/2018 22:30,Weekday,Thursday,Maximum_Load,4.82,100.00,60.34,0.00,6.37
04/05/2018 00:00,Weekday,Friday,Light_Load,3.56,100.00,69.63,0.00,3.67
21/07/2018 15:45,Weekend,Saturday,Maximum_Load,36.65,99.97,98.21,0.90,7.02
09/07/2018 18:30,Weekday,Monday,Medium_Load,42.66,100.00,84.50,0.00,27.00
03/04/2018 22:00,Weekday,Tuesday,Medium_Load,4.18,16.34,100.00,25.24,0.00
02/11/2018 05:45,Weekday,Friday,Light_Load,3.06,100.00,49.58,0.00,5.36
20/08/2018 04:30,Weekday,Monday,Light_Load,2.63,100.00,47.90,0.00,4.82
26/07/2018 14:15,Weekday,Thursday,Maximum_Load,42.55,100.00,98.21,0.00,8.17
10/05/2018 07:45,Weekday,Thursday,Light_Load,3.67,100.00,70.33,0.00,3.71
19/11/2018 09:00,Weekday,Monday,Light_Load,58.86,100.00,91.83,0.00,25.38
07/06/2018 16:30,Weekday,Thursday,Maximum_Load,58.54,100.00,89.47,0.00,29.23
09/10/2018 00:00,Weekday,Tuesday,Light_Load,3.46,100.00,46.49,0.00,6.59
06/09/2018 23:15,Weekday,Thursday,Light_Load,4.64,100.00,45.99,0.00,8.96
21/09/2018 06:00,Weekday,Friday,Light_Load,2.88,100.00,48.59,0.00,5.18
15/02/2018 05:30,Weekday,Thursday,Light_Load,3.60,100.00,56.26,0.00,5.29
07/01/2018 16:15,Weekend,Sunday,Light_Load,4.21,17.42,100.00,23.80,0.00
19/03/2018 12:00,Weekday,Monday,Maximum_Load,60.12,100.00,79.64,0.00,45.65
21/01/2018 02:45,Weekend,Sunday,Light_Load,40.03,100.00,79.79,0.00,30.24
02/01/2018 06:00,Weekday,Tuesday,Light_Load,3.67,100.00,67.97,0.00,3.96
01/05/2018 10:45,Weekday,Tuesday,Light_Load,3.10,18.02,100.00,16.92,0.00
07/03/2018 08:15,Weekday,Wednesday,Light_Load,54.72,100.00,78.66,0.00,42.95
15/10/2018 17:15,Weekday,Monday,Medium_Load,87.52,100.00,92.31,0.00,36.47
30/08/2018 00:00,Weekday,Thursday,Light_Load,2.74,100.00,49.11,0.00,4.86
30/03/2018 03:00,Weekday,Friday,Light_Load,3.13,100.00,60.31,0.00,4.14
01/09/2018 20:45,Weekend,Saturday,Medium_Load,2.99,25.79,100.00,11.20,0.00
01/10/2018 16:45,Weekday,Monday,Maximum_Load,51.37,100.00,87.70,0.00,28.15
18/01/2018 19:45,Weekday,Thursday,Maximum_Load,141.66,100.00,92.08,0.00,60.01
17/06/2018 19:45,Weekend,Sunday,Light_Load,2.99,17.19,100.00,17.14,0.00
04/03/2018 02:15,Weekend,Sunday,Light_Load,3.06,100.00,61.14,0.00,3.96
29/06/2018 18:45,Weekday,Friday,Medium_Load,51.34,100.00,88.41,0.00,27.14
23/10/2018 00:30,Weekday,Tuesday,Light_Load,3.60,100.00,49.20,0.00,6.37
05/06/2018 19:30,Weekday,Tuesday,Medium_Load,124.27,100.00,90.30,0.00,59.11
28/10/2018 10:00,Weekend,Sunday,Light_Load,3.17,28.70,100.00,10.58,0.00
05/07/2018 07:15,Weekday,Thursday,Light_Load,3.06,100.00,55.30,0.00,4.61
30/09/2018 13:45,Weekend,Sunday,Light_Load,2.74,22.47,100.00,11.88,0.00
06/03/2018 15:45,Weekday,Tuesday,Maximum_Load,73.69,100.00,94.31,0.00,25.99
05/11/2018 07:15,Weekday,Monday,Light_Load,3.31,100.00,62.82,0.00,4.10
29/09/2018 18:15,Weekend,Saturday,Medium_Load,3.35,46.15,100.00,6.44,0.00
11/09/2018 20:00,Weekday,Tuesday,Medium_Load,32.15,100.00,94.99,0.00,10.58
27/11/2018 20:30,Weekday,Tuesday,Medium_Load,49.21,100.00,96.47,0.00,13.43
18/06/2018 08:45,Weekday,Monday,Light_Load,92.41,100.00,81.52,0.00,65.66
23/05/2018 11:15,Weekday,Wednesday,Maximum_Load,110.09,100.00,83.24,0.00,73.30
10/01/2018 08:15,Weekday,Wednesday,Light_Load,94.61,100.00,84.89,0.00,58.90
12/03/2018 08:30,Weekday,Monday,Light_Load,87.30,100.00,82.63,0.00,59.51
13/02/2018 04:45,Weekday,Tuesday,Light_Load,5.94,100.00,72.46,0.00,5.65
08/07/2018 08:00,Weekend,Sunday,Light_Load,18.76,100.00,74.48,0.00,16.81
03/01/2018 12:30,Weekday,Wednesday,Medium_Load,8.21,29.89,100.00,26.21,0.00
02/10/2018 00:45,Weekday,Tuesday,Light_Load,2.63,100.00,51.05,0.00,4.43
05/03/2018 19:45,Weekday,Monday,Medium_Load,71.64,100.00,96.11,0.00,20.59
05/11/2018 13:30,Weekday,Monday,Medium_Load,68.87,100.00,84.79,0.00,43.06
26/12/2018 10:15,Weekday,Wednesday,Maximum_Load,52.06,100.00,93.81,0.00,19.22
26/05/2018 01:30,Weekend,Saturday,Light_Load,3.10,100.00,51.35,0.00,5.18
30/01/2018 18:45,Weekday,Tuesday,Maximum_Load,63.50,100.00,93.00,0.00,25.09
17/02/2018 07:15,Weekend,Saturday,Light_Load,3.78,100.00,58.14,0.00,5.29
20/06/2018 16:30,Weekday,Wednesday,Maximum_Load,52.16,100.00,90.88,0.00,23.94
22/09/2018 01:15,Weekend,Saturday,Light_Load,2.52,100.00,48.86,0.00,4.50
10/10/2018 05:30,Weekday,Wednesday,Light_Load,2.92,100.00,52.61,0.00,4.72
20/07/2018 07:00,Weekday,Friday,Light_Load,2.74,100.00,46.76,0.00,5.18
15/03/2018 21:45,Weekday,Thursday,Medium_Load,4.28,18.07,100.00,23.29,0.00
30/04/2018 03:15,Weekday,Monday,Light_Load,2.88,100.00,54.85,0.00,4.39
12/05/2018 21:15,Weekend,Saturday,Medium_Load,3.82,14.68,100.00,25.74,0.00
27/04/2018 13:30,Weekday,Friday,Maximum_Load,62.35,100.00,95.10,0.00,20.27
07/10/2018 19:45,Weekend,Sunday,Light_Load,2.84,23.51,100.00,11.74,0.00
22/08/2018 21:30,Weekday,Wednesday,Medium_Load,3.02,22.11,100.00,13.32,0.00
19/01/2018 20:00,Weekday,Friday,Maximum_Load,106.74,100.00,92.80,0.00,42.84
27/04/2018 17:15,Weekday,Friday,Medium_Load,40.03,100.00,97.75,0.00,8.64
06/11/2018 12:30,Weekday,Tuesday,Medium_Load,5.90,31.37,100.00,17.86,0.00
15/05/2018 00:00,Weekday,Tuesday,Light_Load,3.82,100.00,62.91,0.00,4.72
01/11/2018 08:30,Weekday,Thursday,Light_Load,106.49,100.00,83.73,0.00,69.55
08/12/2018 23:30,Weekend,Saturday,Light_Load,3.71,99.93,76.74,0.14,3.10
04/08/2018 14:30,Weekend,Saturday,Light_Load,3.35,15.13,100.00,21.89,0.00
20/07/2018 22:45,Weekday,Friday,Medium_Load,3.60,67.92,100.00,3.89,0.00
24/12/2018 02:00,Weekday,Monday,Light_Load,3.49,100.00,81.07,0.00,2.52
24/12/2018 08:15,Weekday,Monday,Light_Load,21.89,99.99,85.67,0.32,13.18
20/08/2018 22:45,Weekday,Monday,Medium_Load,2.77,100.00,52.42,0.00,4.50
01/08/2018 11:15,Weekday,Wednesday,Light_Load,2.59,30.22,100.00,8.17,0.00
21/10/2018 15:45,Weekend,Sunday,Light_Load,10.37,65.76,99.98,11.88,0.22
11/06/2018 12:30,Weekday,Monday,Medium_Load,3.71,21.59,100.00,16.78,0.00
19/01/2018 15:15,Weekday,Friday,Medium_Load,77.87,100.00,95.93,0.00,22.93
29/07/2018 22:30,Weekend,Sunday,Medium_Load,2.77,100.00,47.87,0.00,5.08
26/09/2018 00:30,Weekday,Wednesday,Light_Load,2.66,100.00,43.73,0.00,5.47
04/09/2018 14:15,Weekday,Tuesday,Maximum_Load,90.79,100.00,88.93,0.00,46.69
30/11/2018 15:00,Weekday,Friday,Medium_Load,44.71,100.00,95.97,0.00,13.10
08/06/2018 10:30,Weekday,Friday,Maximum_Load,45.18,100.00,89.48,0.00,22.54
19/06/2018 04:15,Weekday,Tuesday,Light_Load,2.77,100.00,51.83,0.00,4.57
16/08/2018 10:00,Weekday,Thursday,Medium_Load,80.21,100.00,90.80,0.00,37.01
18/08/2018 16:30,Weekend,Saturday,Maximum_Load,89.71,100.00,91.93,0.00,38.41
03/06/2018 17:30,Weekend,Sunday,Light_Load,2.99,17.40,100.00,16.92,0.00
18/03/2018 05:30,Weekend,Sunday,Light_Load,3.02,100.00,70.24,0.00,3.06
08/04/2018 13:00,Weekend,Sunday,Medium_Load,4.03,22.94,100.00,17.10,0.00
20/04/2018 00:30,Weekday,Friday,Light_Load,3.56,100.00,72.11,0.00,3.42
07/02/2018 21:00,Weekday,Wednesday,Medium_Load,41.26,99.97,99.95,1.08,1.33
12/03/2018 20:45,Weekday,Monday,Medium_Load,49.79,100.00,97.03,0.00,12.42
31/05/2018 16:15,Weekday,Thursday,Maximum_Load,52.99,100.00,92.95,0.00,21.02
20/02/2018 21:15,Weekday,Tuesday,Medium_Load,41.11,99.89,99.99,1.94,0.43
04/10/2018 23:45,Weekday,Thursday,Light_Load,3.60,100.00,48.17,0.00,6.55
19/10/2018 12:30,Weekday,Friday,Medium_Load,5.18,28.93,100.00,17.14,0.00
28/12/2018 02:15,Weekday,Friday,Light_Load,3.82,99.46,83.07,0.40,2.56
14/10/2018 23:15,Weekend,Sunday,Light_Load,2.74,100.00,48.81,0.00,4.90
11/07/2018 09:30,Weekday,Wednesday,Medium_Load,53.35,100.00,88.86,0.00,27.54
14/08/2018 17:45,Weekday,Tuesday,Medium_Load,29.92,98.65,99.98,4.97,0.54
24/08/2018 17:30,Weekday,Friday,Medium_Load,45.54,100.00,93.57,0.04,17.17
19/11/2018 01:00,Weekday,Monday,Light_Load,2.95,100.00,54.49,0.00,4.54
08/09/2018 00:45,Weekend,Saturday,Light_Load,3.10,100.00,51.06,0.00,5.22
07/05/2018 17:00,Weekday,Monday,Maximum_Load,103.79,100.00,92.38,0.00,43.02
10/12/2018 00:30,Weekday,Monday,Light_Load,3.02,99.93,81.34,0.11,2.16
15/10/2018 23:15,Weekday,Monday,Light_Load,3.64,100.00,47.19,0.00,6.80
16/12/2018 06:15,Weekend,Sunday,Light_Load,3.31,100.00,80.84,0.00,2.41
19/09/2018 04:30,Weekday,Wednesday,Light_Load,2.70,100.00,47.22,0.00,5.04
25/07/2018 02:15,Weekday,Wednesday,Light_Load,3.02,100.00,55.13,0.00,4.57
15/04/2018 06:30,Weekend,Sunday,Light_Load,3.06,100.00,63.63,0.00,3.71
28/07/2018 14:15,Weekend,Saturday,Maximum_Load,71.53,100.00,88.43,0.00,37.76
29/05/2018 17:30,Weekday,Tuesday,Medium_Load,47.23,100.00,96.89,0.04,12.06
28/10/2018 00:00,Weekend,Sunday,Light_Load,2.74,100.00,48.06,0.00,5.00
20/04/2018 23:00,Weekday,Friday,Medium_Load,3.46,100.00,71.53,0.00,3.38
11/10/2018 23:30,Weekday,Thursday,Light_Load,3.82,100.00,51.61,0.00,6.34
03/08/2018 08:15,Weekday,Friday,Light_Load,2.84,100.00,41.87,0.00,6.16
22/03/2018 00:00,Weekday,Thursday,Light_Load,5.08,100.00,66.86,0.00,5.65
03/01/2018 02:15,Weekday,Wednesday,Light_Load,4.61,100.00,72.42,0.00,4.39
07/04/2018 06:45,Weekend,Saturday,Light_Load,3.20,100.00,51.26,0.00,5.36
16/05/2018 02:30,Weekday,Wednesday,Light_Load,3.92,100.00,60.05,0.00,5.22
30/04/2018 22:30,Weekday,Monday,Medium_Load,3.46,100.00,64.77,0.00,4.07
10/07/2018 08:30,Weekday,Tuesday,Light_Load,49.54,100.00,69.52,0.00,51.23
02/06/2018 22:30,Weekend,Saturday,Light_Load,2.95,100.00,47.00,0.00,5.54
21/04/2018 03:15,Weekend,Saturday,Light_Load,2.92,100.00,66.49,0.00,3.28
21/03/2018 06:30,Weekday,Wednesday,Light_Load,3.28,100.00,65.54,0.00,3.78
05/08/2018 14:00,Weekend,Sunday,Light_Load,3.06,18.52,100.00,16.24,0.00
17/12/2018 08:30,Weekday,Monday,Light_Load,53.35,100.00,79.18,0.00,41.15
29/10/2018 15:00,Weekday,Monday,Maximum_Load,83.48,100.00,90.23,0.00,39.89
01/09/2018 06:45,Weekend,Saturday,Light_Load,3.53,100.00,50.21,0.00,6.08
09/11/2018 11:30,Weekday,Friday,Maximum_Load,64.19,100.00,87.35,0.00,35.78
07/10/2018 20:00,Weekend,Sunday,Light_Load,3.06,20.79,100.00,14.40,0.00
11/11/2018 16:45,Weekend,Sunday,Light_Load,4.03,21.00,100.00,18.76,0.00
02/12/2018 13:30,Weekend,Sunday,Light_Load,3.64,25.16,100.00,14.00,0.00
21/03/2018 02:15,Weekday,Wednesday,Light_Load,3.60,100.00,65.26,0.00,4.18
26/08/2018 22:15,Weekend,Sunday,Medium_Load,2.99,68.62,94.05,3.17,1.08
16/08/2018 09:45,Weekday,Thursday,Medium_Load,116.60,100.00,89.99,0.00,56.52
28/09/2018 06:15,Weekday,Friday,Light_Load,3.85,100.00,45.72,0.00,7.49
04/06/2018 01:45,Weekday,Monday,Light_Load,2.84,100.00,47.79,0.00,5.22
17/07/2018 00:45,Weekday,Tuesday,Light_Load,2.95,60.13,100.00,3.92,0.00
28/12/2018 05:15,Weekday,Friday,Light_Load,3.89,99.72,82.15,0.29,2.70
10/05/2018 10:30,Weekday,Thursday,Maximum_Load,71.24,100.00,85.85,0.00,42.55
29/09/2018 15:30,Weekend,Saturday,Maximum_Load,50.62,100.00,91.93,0.00,21.67
03/02/2018 15:45,Weekend,Saturday,Medium_Load,38.23,99.80,99.97,2.41,0.90
30/03/2018 01:00,Weekday,Friday,Light_Load,3.53,100.00,64.88,0.00,4.14
03/05/2018 05:45,Weekday,Thursday,Light_Load,3.67,100.00,66.97,0.00,4.07
05/06/2018 04:45,Weekday,Tuesday,Light_Load,3.53,100.00,51.34,0.00,5.90
23/11/2018 00:30,Weekday,Friday,Light_Load,4.64,99.99,88.74,0.07,2.41
06/03/2018 15:15,Weekday,Tuesday,Maximum_Load,74.63,100.00,90.04,0.00,36.07
12/05/2018 21:00,Weekend,Saturday,Medium_Load,3.74,14.72,100.00,25.13,0.00
06/04/2018 01:15,Weekday,Friday,Light_Load,3.89,100.00,59.24,0.00,5.29
07/10/2018 04:30,Weekend,Sunday,Light_Load,2.66,100.00,48.32,0.00,4.82
22/09/2018 02:30,Weekend,Saturday,Light_Load,3.02,100.00,45.75,0.00,5.87
24/04/2018 10:15,Weekday,Tuesday,Maximum_Load,48.35,100.00,98.30,0.00,9.04
29/06/2018 17:15,Weekday,Friday,Medium_Load,51.88,100.00,91.95,0.00,22.18
10/01/2018 22:15,Weekday,Wednesday,Maximum_Load,4.90,30.90,92.72,15.08,1.98
04/03/2018 15:45,Weekend,Sunday,Light_Load,3.24,18.00,100.00,17.71,0.00
17/08/2018 11:45,Weekday,Friday,Maximum_Load,45.07,100.00,80.00,0.00,33.80
22/04/2018 00:30,Weekend,Sunday,Light_Load,3.17,100.00,60.43,0.00,4.18
02/06/2018 03:00,Weekend,Saturday,Light_Load,2.95,100.00,48.92,0.00,5.26
10/11/2018 12:30,Weekend,Saturday,Medium_Load,4.57,37.07,100.00,11.45,0.00
01/05/2018 12:45,Weekday,Tuesday,Light_Load,3.24,19.53,100.00,16.27,0.00
01/03/2018 06:00,Weekday,Thursday,Light_Load,4.10,100.00,60.19,0.00,5.44
04/06/2018 07:15,Weekday,Monday,Light_Load,2.95,100.00,47.67,0.00,5.44
01/03/2018 04:00,Weekday,Thursday,Light_Load,3.67,100.00,60.82,0.00,4.79
04/06/2018 03:45,Weekday,Monday,Light_Load,3.31,100.00,54.37,0.00,5.11
20/08/2018 10:45,Weekday,Monday,Maximum_Load,101.20,100.00,84.81,0.00,63.22
12/02/2018 06:45,Weekday,Monday,Light_Load,4.46,100.00,71.27,0.00,4.39
17/04/2018 02:00,Weekday,Tuesday,Light_Load,3.42,100.00,60.85,0.00,4.46
08/06/2018 06:15,Weekday,Friday,Light_Load,2.95,100.00,42.63,0.00,6.26
08/10/2018 02:15,Weekday,Monday,Light_Load,2.56,100.00,45.29,0.00,5.04
26/11/2018 23:30,Weekday,Monday,Light_Load,4.64,100.00,78.68,0.04,3.64
26/04/2018 19:30,Weekday,Thursday,Medium_Load,119.34,100.00,91.45,0.00,52.81
30/04/2018 06:30,Weekday,Monday,Light_Load,3.06,100.00,59.07,0.00,4.18
27/05/2018 15:15,Weekend,Sunday,Light_Load,3.28,19.18,100.00,16.78,0.00
11/11/2018 05:15,Weekend,Sunday,Light_Load,2.84,100.00,53.37,0.00,4.50
23/06/2018 07:00,Weekend,Saturday,Light_Load,3.20,100.00,57.36,0.00,4.57
16/05/2018 04:15,Weekday,Wednesday,Light_Load,3.24,100.00,53.25,0.00,5.15
16/03/2018 08:30,Weekday,Friday,Light_Load,118.66,100.00,86.36,0.00,69.26
05/09/2018 10:30,Weekday,Wednesday,Maximum_Load,55.40,100.00,82.51,0.00,37.94
28/01/2018 11:00,Weekend,Sunday,Maximum_Load,27.86,93.24,100.00,10.80,0.00
18/06/2018 12:45,Weekday,Monday,Medium_Load,4.93,20.52,100.00,23.51,0.00
06/10/2018 13:00,Weekend,Saturday,Medium_Load,24.23,99.63,99.95,2.09,0.76
05/02/2018 05:45,Weekday,Monday,Light_Load,4.50,100.00,69.62,0.00,4.64
16/01/2018 02:15,Weekday,Tuesday,Light_Load,4.61,100.00,63.96,0.00,5.54
27/04/2018 10:30,Weekday,Friday,Maximum_Load,50.87,100.00,97.46,0.18,11.70
09/05/2018 20:15,Weekday,Wednesday,Medium_Load,45.22,100.00,94.47,0.00,15.70
02/10/2018 12:15,Weekday,Tuesday,Medium_Load,3.67,28.25,100.00,12.46,0.00
28/04/2018 13:30,Weekend,Saturday,Maximum_Load,76.28,100.00,99.86,0.61,4.10
14/03/2018 00:45,Weekday,Wednesday,Light_Load,3.82,100.00,64.72,0.00,4.50
22/04/2018 08:15,Weekend,Sunday,Light_Load,21.13,100.00,73.84,0.00,19.30
25/12/2018 00:15,Weekday,Tuesday,Light_Load,3.85,99.57,81.47,0.36,2.74
06/09/2018 03:15,Weekday,Thursday,Light_Load,2.95,100.00,45.58,0.00,5.76
13/05/2018 13:15,Weekend,Sunday,Light_Load,3.13,18.19,100.00,16.92,0.00
04/12/2018 03:15,Weekday,Tuesday,Light_Load,3.64,100.00,66.39,0.00,4.10
26/11/2018 21:30,Weekday,Monday,Medium_Load,6.23,28.64,100.00,20.84,0.00
14/02/2018 07:30,Weekday,Wednesday,Light_Load,4.18,100.00,62.00,0.00,5.29
07/10/2018 14:15,Weekend,Sunday,Light_Load,3.13,19.68,100.00,15.59,0.00
03/09/2018 11:30,Weekday,Monday,Maximum_Load,39.13,100.00,94.90,0.00,13.00
10/04/2018 03:30,Weekday,Tuesday,Light_Load,3.56,100.00,65.56,0.00,4.10
02/07/2018 16:45,Weekday,Monday,Maximum_Load,49.75,100.00,92.18,0.00,20.92
05/05/2018 03:00,Weekend,Saturday,Light_Load,3.02,100.00,61.32,0.00,3.89
26/03/2018 05:30,Weekday,Monday,Light_Load,3.10,100.00,67.16,0.00,3.42
08/04/2018 00:00,Weekend,Sunday,Light_Load,2.99,100.00,64.63,0.00,3.53
21/05/2018 15:00,Weekday,Monday,Maximum_Load,52.88,100.00,88.29,0.00,28.12
07/06/2018 16:00,Weekday,Thursday,Maximum_Load,40.46,100.00,96.29,0.00,11.34
27/01/2018 09:15,Weekend,Saturday,Medium_Load,32.47,94.83,100.00,10.87,0.00
09/08/2018 22:00,Weekday,Thursday,Medium_Load,3.89,23.60,100.00,16.02,0.00
14/05/2018 16:00,Weekday,Monday,Maximum_Load,60.62,100.00,91.08,0.00,27.47
13/06/2018 02:00,Weekday,Wednesday,Light_Load,3.46,100.00,55.54,0.00,5.18
28/08/2018 23:45,Weekday,Tuesday,Light_Load,2.92,100.00,52.93,0.00,4.68
19/02/2018 08:30,Weekday,Monday,Light_Load,59.00,100.00,78.95,0.00,45.86
01/11/2018 12:30,Weekday,Thursday,Medium_Load,6.44,34.68,100.00,17.42,0.00
09/03/2018 02:45,Weekday,Friday,Light_Load,4.93,100.00,78.81,0.00,3.85
10/04/2018 09:00,Weekday,Tuesday,Light_Load,117.47,100.00,90.22,0.00,56.16
11/09/2018 11:30,Weekday,Tuesday,Maximum_Load,90.25,100.00,87.58,0.00,49.75
06/07/2018 06:45,Weekday,Friday,Light_Load,3.20,100.00,48.12,0.00,5.83
13/01/2018 22:15,Weekend,Saturday,Maximum_Load,4.86,30.02,94.02,15.44,1.76
20/07/2018 18:00,Weekday,Friday,Medium_Load,31.21,97.73,100.00,6.77,0.00
24/07/2018 03:45,Weekday,Tuesday,Light_Load,3.02,100.00,50.08,0.00,5.22
14/02/2018 01:30,Weekday,Wednesday,Light_Load,13.03,100.00,80.89,0.00,9.47
04/11/2018 13:30,Weekend,Sunday,Medium_Load,92.05,100.00,96.20,0.00,26.14
24/05/2018 03:30,Weekday,Thursday,Light_Load,3.53,100.00,63.89,0.00,4.25
11/12/2018 22:45,Weekday,Tuesday,Maximum_Load,4.97,100.00,76.53,0.00,4.18
23/03/2018 01:15,Weekday,Friday,Light_Load,3.89,100.00,62.18,0.00,4.90
27/02/2018 13:30,Weekday,Tuesday,Medium_Load,50.62,100.00,95.70,0.00,15.34
25/03/2018 17:45,Weekend,Sunday,Medium_Load,4.10,15.62,100.00,25.92,0.00
27/06/2018 12:30,Weekday,Wednesday,Medium_Load,4.39,24.92,100.00,17.06,0.00
11/11/2018 10:45,Weekend,Sunday,Light_Load,2.95,23.84,100.00,12.02,0.00
18/08/2018 12:45,Weekend,Saturday,Medium_Load,4.25,21.24,100.00,19.55,0.00
28/09/2018 00:30,Weekday,Friday,Light_Load,2.81,100.00,45.24,0.00,5.54
20/10/2018 19:00,Weekend,Saturday,Medium_Load,4.93,26.32,100.00,18.07,0.00
08/12/2018 22:15,Weekend,Saturday,Maximum_Load,3.82,99.71,69.79,0.29,3.92
11/05/2018 08:30,Weekday,Friday,Light_Load,63.58,100.00,71.36,0.00,62.42
27/04/2018 23:30,Weekday,Friday,Light_Load,3.20,100.00,71.04,0.00,3.17
29/06/2018 16:00,Weekday,Friday,Maximum_Load,61.85,100.00,89.88,0.00,30.17
07/08/2018 15:00,Weekday,Tuesday,Maximum_Load,42.84,100.00,95.12,0.00,13.90
16/02/2018 13:30,Weekday,Friday,Light_Load,3.49,20.33,100.00,16.81,0.00
20/04/2018 22:15,Weekday,Friday,Medium_Load,4.90,31.09,94.95,14.98,1.62
21/02/2018 05:45,Weekday,Wednesday,Light_Load,3.96,100.00,72.70,0.00,3.74
24/05/2018 22:00,Weekday,Thursday,Medium_Load,4.28,16.60,100.00,25.42,0.00
10/11/2018 05:00,Weekend,Saturday,Light_Load,3.74,100.00,45.40,0.00,7.34
11/09/2018 15:00,Weekday,Tuesday,Maximum_Load,53.64,100.00,85.39,0.00,32.69
11/01/2018 21:00,Weekday,Thursday,Medium_Load,71.71,99.94,97.98,2.56,14.65
09/06/2018 23:15,Weekend,Saturday,Light_Load,2.81,100.00,52.63,0.00,4.54
25/08/2018 00:00,Weekend,Saturday,Light_Load,2.56,100.00,53.91,0.00,4.00
11/07/2018 15:30,Weekday,Wednesday,Maximum_Load,38.84,99.99,99.64,0.40,3.31
13/07/2018 07:45,Weekday,Friday,Light_Load,3.38,100.00,59.72,0.00,4.54
26/08/2018 17:45,Weekend,Sunday,Medium_Load,4.25,22.89,100.00,18.07,0.00
20/02/2018 12:45,Weekday,Tuesday,Medium_Load,7.38,27.96,100.00,25.34,0.00
10/09/2018 02:00,Weekday,Monday,Light_Load,3.28,100.00,51.91,0.00,5.40
19/06/2018 17:30,Weekday,Tuesday,Medium_Load,41.33,100.00,95.70,0.11,12.53
18/05/2018 13:30,Weekday,Friday,Maximum_Load,52.88,100.00,87.57,0.00,29.16
31/03/2018 15:00,Weekend,Saturday,Light_Load,2.99,16.98,100.00,17.35,0.00
18/06/2018 01:30,Weekday,Monday,Light_Load,2.81,100.00,56.53,0.00,4.10
21/04/2018 11:30,Weekend,Saturday,Maximum_Load,72.36,100.00,92.64,0.00,29.41
03/03/2018 03:30,Weekend,Saturday,Light_Load,3.38,100.00,71.76,0.00,3.28
26/04/2018 08:15,Weekday,Thursday,Light_Load,93.53,100.00,81.66,0.00,66.10
25/06/2018 04:30,Weekday,Monday,Light_Load,2.84,100.00,52.78,0.00,4.57
09/10/2018 16:30,Weekday,Tuesday,Maximum_Load,117.40,100.00,88.32,0.00,62.35
26/04/2018 05:15,Weekday,Thursday,Light_Load,3.13,100.00,58.32,0.00,4.36
30/11/2018 22:00,Weekday,Friday,Medium_Load,5.44,24.89,100.00,21.17,0.00
11/07/2018 06:15,Weekday,Wednesday,Light_Load,2.74,100.00,54.55,0.00,4.21
28/05/2018 17:15,Weekday,Monday,Medium_Load,66.71,100.00,90.69,0.00,31.00
15/04/2018 14:45,Weekend,Sunday,Light_Load,3.28,18.50,100.00,17.42,0.00
30/12/2018 22:15,Weekend,Sunday,Light_Load,3.20,98.61,82.04,0.54,2.23
02/02/2018 21:00,Weekday,Friday,Medium_Load,41.11,99.92,99.99,1.66,0.65
13/10/2018 12:15,Weekend,Saturday,Medium_Load,3.67,29.77,100.00,11.77,0.00
15/06/2018 20:30,Weekday,Friday,Medium_Load,97.52,100.00,94.72,0.00,33.01
05/05/2018 04:45,Weekend,Saturday,Light_Load,2.88,100.00,61.01,0.00,3.74
02/07/2018 11:45,Weekday,Monday,Maximum_Load,70.70,100.00,75.51,0.00,61.38
26/06/2018 10:45,Weekday,Tuesday,Maximum_Load,44.78,100.00,93.52,0.00,16.96
12/08/2018 08:45,Weekend,Sunday,Light_Load,2.70,98.92,53.62,0.40,4.25
24/08/2018 09:15,Weekday,Friday,Medium_Load,55.76,100.00,86.05,0.00,33.01
07/01/2018 08:15,Weekend,Sunday,Light_Load,3.82,100.00,61.80,0.00,4.86
29/09/2018 16:45,Weekend,Saturday,Maximum_Load,24.12,97.55,97.64,5.44,5.33
22/07/2018 19:45,Weekend,Sunday,Light_Load,3.46,19.83,100.00,17.10,0.00
15/03/2018 08:15,Weekday,Thursday,Light_Load,63.18,100.00,80.90,0.00,45.90
10/06/2018 02:45,Weekend,Sunday,Light_Load,2.81,100.00,50.60,0.00,4.79
30/04/2018 06:15,Weekday,Monday,Light_Load,2.84,100.00,54.32,0.00,4.39
03/12/2018 08:30,Weekday,Monday,Light_Load,56.84,100.00,78.84,0.00,44.35
27/12/2018 21:30,Weekday,Thursday,Medium_Load,5.26,22.94,100.00,22.32,0.00
19/08/2018 06:00,Weekend,Sunday,Light_Load,2.63,100.00,46.77,0.00,4.97
08/10/2018 08:30,Weekday,Monday,Light_Load,95.83,100.00,81.71,0.00,67.61
21/12/2018 23:00,Weekday,Friday,Maximum_Load,5.15,100.00,86.26,0.00,3.02
27/09/2018 15:45,Weekday,Thursday,Maximum_Load,115.24,100.00,88.50,0.00,60.62
21/12/2018 01:45,Weekday,Friday,Light_Load,3.89,99.94,76.84,0.14,3.24
18/09/2018 02:45,Weekday,Tuesday,Light_Load,2.95,100.00,47.00,0.00,5.54
04/11/2018 14:30,Weekend,Sunday,Medium_Load,89.46,100.00,96.39,0.00,24.73
15/08/2018 06:45,Weekday,Wednesday,Light_Load,3.06,100.00,57.80,0.00,4.32
18/07/2018 23:45,Weekday,Wednesday,Light_Load,2.77,48.17,100.00,5.04,0.00
10/01/2018 12:00,Weekday,Wednesday,Maximum_Load,122.76,100.00,89.41,0.00,61.49
19/02/2018 06:45,Weekday,Monday,Light_Load,3.38,100.00,59.72,0.00,4.54
23/11/2018 18:45,Weekday,Friday,Maximum_Load,56.02,100.00,93.24,0.00,21.71
25/01/2018 10:15,Weekday,Thursday,Maximum_Load,57.20,100.00,98.58,0.00,9.76
04/12/2018 13:15,Weekday,Tuesday,Medium_Load,32.51,97.90,92.46,6.77,13.39
13/04/2018 15:00,Weekday,Friday,Maximum_Load,68.76,100.00,92.27,0.00,28.73
24/12/2018 19:45,Weekday,Monday,Maximum_Load,4.10,18.59,100.00,21.67,0.00
18/02/2018 08:00,Weekend,Sunday,Light_Load,3.06,100.00,62.52,0.00,3.82
07/05/2018 01:30,Weekday,Monday,Light_Load,2.95,100.00,55.78,0.00,4.39
19/02/2018 17:00,Weekday,Monday,Medium_Load,91.73,100.00,93.63,0.00,34.42
20/12/2018 21:30,Weekday,Thursday,Medium_Load,4.14,18.67,100.00,21.78,0.00
27/11/2018 21:15,Weekday,Tuesday,Medium_Load,25.96,95.69,100.00,7.88,0.04
21/05/2018 08:00,Weekday,Monday,Light_Load,3.20,100.00,61.81,0.00,4.07
11/01/2018 08:00,Weekday,Thursday,Light_Load,7.38,100.00,90.21,0.04,3.53
13/03/2018 16:00,Weekday,Tuesday,Maximum_Load,57.74,100.00,92.80,0.00,23.18
09/10/2018 05:30,Weekday,Tuesday,Light_Load,3.35,100.00,51.95,0.00,5.51
14/06/2018 15:00,Weekday,Thursday,Maximum_Load,56.70,100.00,91.19,0.00,25.52
28/05/2018 16:15,Weekday,Monday,Maximum_Load,48.67,100.00,94.84,0.00,16.27
25/12/2018 12:00,Weekday,Tuesday,Light_Load,4.18,20.26,100.00,20.20,0.00
20/08/2018 17:00,Weekday,Monday,Maximum_Load,101.48,100.00,86.61,0.00,58.57
15/01/2018 01:00,Weekday,Monday,Light_Load,4.61,100.00,71.87,0.00,4.46
25/12/2018 08:00,Weekday,Tuesday,Light_Load,3.89,99.99,74.43,0.04,3.49
22/06/2018 19:15,Weekday,Friday,Medium_Load,43.20,100.00,90.59,0.00,20.20
20/01/2018 20:30,Weekend,Saturday,Medium_Load,38.41,99.63,100.00,3.31,0.18
20/07/2018 02:45,Weekday,Friday,Light_Load,2.88,53.57,100.00,4.54,0.00
23/02/2018 16:15,Weekday,Friday,Medium_Load,58.79,100.00,94.11,0.00,21.13
02/02/2018 08:15,Weekday,Friday,Light_Load,39.28,100.00,85.39,0.00,23.94
29/07/2018 03:45,Weekend,Sunday,Light_Load,2.74,100.00,50.52,0.00,4.68
23/05/2018 11:30,Weekday,Wednesday,Maximum_Load,108.68,100.00,86.39,0.00,63.36
03/10/2018 12:30,Weekday,Wednesday,Medium_Load,5.87,33.94,100.00,16.27,0.00
04/10/2018 17:45,Weekday,Thursday,Medium_Load,29.74,99.87,99.86,1.51,1.58
23/06/2018 17:00,Weekend,Saturday,Maximum_Load,15.52,67.36,100.00,17.03,0.14
24/01/2018 01:30,Weekday,Wednesday,Light_Load,32.00,100.00,83.36,0.00,21.20
02/03/2018 07:00,Weekday,Friday,Light_Load,3.92,100.00,71.62,0.00,3.82
23/03/2018 04:15,Weekday,Friday,Light_Load,3.31,100.00,60.82,0.00,4.32
24/12/2018 12:30,Weekday,Monday,Medium_Load,6.91,30.38,100.00,21.67,0.00
08/06/2018 03:15,Weekday,Friday,Light_Load,2.92,100.00,46.37,0.00,5.58
13/02/2018 07:15,Weekday,Tuesday,Light_Load,4.68,100.00,66.26,0.00,5.29
11/09/2018 14:00,Weekday,Tuesday,Maximum_Load,125.89,100.00,88.01,0.00,67.93
05/04/2018 20:00,Weekday,Thursday,Medium_Load,39.67,99.81,100.00,2.48,0.32
05/12/2018 00:45,Weekday,Wednesday,Light_Load,3.89,100.00,69.45,0.00,4.03
24/05/2018 02:15,Weekday,Thursday,Light_Load,2.92,100.00,54.78,0.00,4.46
10/08/2018 08:30,Weekday,Friday,Light_Load,49.90,100.00,72.94,0.00,46.80
16/05/2018 05:15,Weekday,Wednesday,Light_Load,3.24,100.00,51.94,0.00,5.33
17/12/2018 18:15,Weekday,Monday,Maximum_Load,16.09,90.59,99.54,7.52,1.55
16/06/2018 02:15,Weekend,Saturday,Light_Load,2.92,100.00,50.43,0.00,5.00
03/02/2018 02:30,Weekend,Saturday,Light_Load,6.12,100.00,77.44,0.00,5.00
17/03/2018 21:15,Weekend,Saturday,Medium_Load,4.00,14.83,100.00,26.68,0.00
16/01/2018 14:15,Weekday,Tuesday,Medium_Load,75.64,100.00,92.27,0.00,31.61
12/11/2018 08:30,Weekday,Monday,Light_Load,50.58,100.00,77.76,0.00,40.90
18/03/2018 17:15,Weekend,Sunday,Light_Load,3.46,16.11,100.00,21.20,0.00
20/02/2018 04:30,Weekday,Tuesday,Light_Load,5.83,100.00,74.50,0.00,5.22
16/05/2018 08:45,Weekday,Wednesday,Light_Load,50.40,100.00,68.06,0.00,54.25
12/11/2018 17:00,Weekday,Monday,Medium_Load,96.26,100.00,91.39,0.00,42.77
02/02/2018 08:30,Weekday,Friday,Light_Load,57.78,100.00,85.28,0.00,35.39
18/06/2018 03:30,Weekday,Monday,Light_Load,2.77,100.00,56.64,0.00,4.03
31/12/2018 11:45,Weekday,Monday,Light_Load,4.00,18.78,100.00,20.92,0.00
07/05/2018 18:00,Weekday,Monday,Medium_Load,35.60,99.57,99.87,3.31,1.80
15/04/2018 03:45,Weekend,Sunday,Light_Load,3.13,100.00,61.63,0.00,4.00
23/01/2018 14:15,Weekday,Tuesday,Medium_Load,65.59,100.00,95.44,0.00,20.52
21/03/2018 04:15,Weekday,Wednesday,Light_Load,3.31,100.00,67.68,0.00,3.60
17/09/2018 19:15,Weekday,Monday,Medium_Load,54.22,100.00,85.97,0.00,32.22
24/12/2018 11:00,Weekday,Monday,Maximum_Load,54.18,100.00,92.29,0.00,22.61
20/07/2018 08:45,Weekday,Friday,Light_Load,51.52,100.00,69.91,0.00,52.70
07/09/2018 02:45,Weekday,Friday,Light_Load,2.92,100.00,51.81,0.00,4.82
26/05/2018 14:45,Weekend,Saturday,Maximum_Load,37.22,100.00,98.60,0.32,6.30
08/10/2018 06:00,Weekday,Monday,Light_Load,2.56,100.00,44.51,0.00,5.15
10/06/2018 13:30,Weekend,Sunday,Light_Load,3.10,18.75,100.00,16.24,0.00
20/11/2018 20:15,Weekday,Tuesday,Medium_Load,5.00,21.66,100.00,22.54,0.00
10/02/2018 20:45,Weekend,Saturday,Light_Load,3.92,21.69,100.00,17.64,0.00
15/12/2018 18:00,Weekend,Saturday,Light_Load,4.10,23.60,100.00,16.88,0.00
31/03/2018 08:00,Weekend,Saturday,Light_Load,2.74,100.00,56.23,0.00,4.03
20/06/2018 09:45,Weekday,Wednesday,Medium_Load,65.92,100.00,94.59,0.00,22.61
13/12/2018 08:30,Weekday,Thursday,Light_Load,72.86,100.00,80.32,0.00,54.04
20/03/2018 16:30,Weekday,Tuesday,Maximum_Load,49.43,100.00,93.45,0.00,18.83
12/09/2018 12:15,Weekday,Wednesday,Medium_Load,4.43,28.87,100.00,14.69,0.00
16/05/2018 07:45,Weekday,Wednesday,Light_Load,3.42,100.00,61.11,0.00,4.43
11/05/2018 21:15,Weekday,Friday,Medium_Load,5.29,19.95,100.00,25.99,0.00
21/03/2018 13:45,Weekday,Wednesday,Maximum_Load,71.14,100.00,89.88,0.00,34.70
27/04/2018 03:00,Weekday,Friday,Light_Load,3.02,100.00,67.73,0.00,3.28
15/10/2018 11:30,Weekday,Monday,Maximum_Load,125.21,100.00,89.34,0.00,62.96
13/09/2018 00:00,Weekday,Thursday,Light_Load,4.28,100.00,56.87,0.00,6.19
13/02/2018 07:30,Weekday,Tuesday,Light_Load,6.55,100.00,79.25,0.00,5.04
07/02/2018 07:15,Weekday,Wednesday,Light_Load,4.50,100.00,71.26,0.00,4.43
21/06/2018 17:45,Weekday,Thursday,Medium_Load,29.56,96.35,100.00,8.21,0.00
21/10/2018 05:45,Weekend,Sunday,Light_Load,2.81,100.00,51.15,0.00,4.72
13/03/2018 01:30,Weekday,Tuesday,Light_Load,4.57,100.00,54.94,0.00,6.95
15/05/2018 11:30,Weekday,Tuesday,Maximum_Load,74.99,100.00,80.11,0.00,56.02
26/11/2018 19:00,Weekday,Monday,Maximum_Load,58.43,100.00,91.22,0.00,26.24
26/11/2018 21:15,Weekday,Monday,Medium_Load,16.09,74.10,100.00,14.58,0.00
26/06/2018 23:45,Weekday,Tuesday,Light_Load,4.39,100.00,65.68,0.00,5.04
02/06/2018 05:30,Weekend,Saturday,Light_Load,3.53,100.00,50.83,0.00,5.98
28/12/2018 01:30,Weekday,Friday,Light_Load,4.14,99.62,87.42,0.36,2.30
22/08/2018 15:30,Weekday,Wednesday,Maximum_Load,47.59,100.00,92.89,0.00,18.97
14/01/2018 05:45,Weekend,Sunday,Light_Load,4.03,100.00,74.95,0.00,3.56
05/04/2018 15:30,Weekday,Thursday,Maximum_Load,54.86,100.00,93.07,0.00,21.56
28/10/2018 05:45,Weekend,Sunday,Light_Load,2.74,100.00,48.81,0.00,4.90
17/11/2018 21:30,Weekend,Saturday,Medium_Load,5.26,29.18,100.00,17.24,0.00
14/09/2018 18:30,Weekday,Friday,Medium_Load,29.05,100.00,89.99,0.00,14.08
28/12/2018 09:00,Weekday,Friday,Light_Load,66.46,100.00,92.08,0.00,28.15
10/04/2018 01:30,Weekday,Tuesday,Light_Load,3.56,100.00,64.84,0.00,4.18
17/11/2018 20:45,Weekend,Saturday,Medium_Load,4.07,23.10,100.00,17.14,0.00
12/01/2018 09:15,Weekday,Friday,Medium_Load,130.18,100.00,93.33,0.00,50.08
05/12/2018 18:00,Weekday,Wednesday,Maximum_Load,27.32,99.29,99.56,3.28,2.56
16/04/2018 11:45,Weekday,Monday,Maximum_Load,58.64,100.00,80.18,0.00,43.70
31/03/2018 21:15,Weekend,Saturday,Light_Load,3.06,17.33,100.00,17.39,0.00
20/10/2018 21:15,Weekend,Saturday,Medium_Load,3.67,19.90,100.00,18.07,0.00
30/01/2018 11:45,Weekday,Tuesday,Maximum_Load,81.90,100.00,82.91,0.00,55.22
20/03/2018 17:00,Weekday,Tuesday,Maximum_Load,64.15,100.00,90.81,0.00,29.59
19/05/2018 15:45,Weekend,Saturday,Maximum_Load,36.25,99.76,99.96,2.52,0.97
26/07/2018 15:15,Weekday,Thursday,Maximum_Load,48.96,100.00,97.15,0.00,11.95
18/08/2018 15:30,Weekend,Saturday,Maximum_Load,52.02,100.00,88.96,0.00,26.71
23/08/2018 07:15,Weekday,Thursday,Light_Load,3.06,100.00,46.92,0.00,5.76
21/02/2018 21:45,Weekday,Wednesday,Medium_Load,93.35,100.00,98.68,0.00,15.34
01/10/2018 06:00,Weekday,Monday,Light_Load,2.52,100.00,47.10,0.00,4.72
12/01/2018 05:45,Weekday,Friday,Light_Load,4.75,100.00,67.30,0.00,5.22
29/09/2018 06:30,Weekend,Saturday,Light_Load,2.56,100.00,49.12,0.00,4.54
19/11/2018 23:30,Weekday,Monday,Light_Load,3.64,99.95,77.69,0.11,2.95
07/10/2018 21:30,Weekend,Sunday,Light_Load,3.42,18.89,100.00,17.78,0.00
21/11/2018 12:30,Weekday,Wednesday,Medium_Load,6.66,29.51,100.00,21.56,0.00
14/06/2018 14:15,Weekday,Thursday,Maximum_Load,22.14,91.50,99.66,9.76,1.84
17/07/2018 03:00,Weekday,Tuesday,Light_Load,3.49,67.16,100.00,3.85,0.00
12/04/2018 01:30,Weekday,Thursday,Light_Load,3.67,100.00,55.44,0.00,5.51
22/02/2018 08:45,Weekday,Thursday,Light_Load,103.39,100.00,81.41,0.00,73.76
23/04/2018 09:15,Weekday,Monday,Medium_Load,71.68,100.00,89.81,0.00,35.10
30/10/2018 06:00,Weekday,Tuesday,Light_Load,2.88,100.00,61.32,0.00,3.71
11/05/2018 15:15,Weekday,Friday,Maximum_Load,46.76,100.00,96.46,0.00,12.78
01/05/2018 04:30,Weekday,Tuesday,Light_Load,3.35,100.00,62.54,0.00,4.18
03/02/2018 20:15,Weekend,Saturday,Medium_Load,40.90,99.91,99.99,1.73,0.43
30/06/2018 11:15,Weekend,Saturday,Maximum_Load,31.46,100.00,91.56,0.22,13.82
21/02/2018 18:45,Weekday,Wednesday,Maximum_Load,63.79,99.96,98.41,1.69,11.52
30/03/2018 16:30,Weekday,Friday,Maximum_Load,67.93,100.00,89.89,0.00,33.12
05/02/2018 19:45,Weekday,Monday,Maximum_Load,62.14,99.99,99.51,0.83,6.16
07/05/2018 21:30,Weekday,Monday,Medium_Load,3.96,15.00,100.00,26.10,0.00
19/01/2018 22:00,Weekday,Friday,Medium_Load,89.68,100.00,99.02,0.00,12.64
31/07/2018 23:15,Weekday,Tuesday,Light_Load,3.31,100.00,52.76,0.00,5.33
05/09/2018 15:45,Weekday,Wednesday,Maximum_Load,66.71,100.00,84.52,0.00,42.19
29/08/2018 01:45,Weekday,Wednesday,Light_Load,2.70,100.00,53.00,0.00,4.32
15/06/2018 13:00,Weekday,Friday,Medium_Load,8.17,35.64,100.00,21.42,0.00
28/03/2018 06:45,Weekday,Wednesday,Light_Load,2.99,100.00,67.03,0.00,3.31
16/12/2018 02:30,Weekend,Sunday,Light_Load,3.42,100.00,79.27,0.00,2.63
10/05/2018 04:45,Weekday,Thursday,Light_Load,3.10,100.00,64.53,0.00,3.67
21/06/2018 20:00,Weekday,Thursday,Medium_Load,34.24,100.00,97.65,0.07,7.56
20/06/2018 03:45,Weekday,Wednesday,Light_Load,3.10,100.00,46.02,0.00,5.98
25/06/2018 08:45,Weekday,Monday,Light_Load,62.03,100.00,69.69,0.00,63.83
03/03/2018 05:00,Weekend,Saturday,Light_Load,3.89,100.00,65.40,0.00,4.50
21/03/2018 08:15,Weekday,Wednesday,Light_Load,41.65,100.00,79.06,0.00,32.26
09/07/2018 00:00,Weekday,Monday,Light_Load,3.31,100.00,66.27,0.00,3.74
09/05/2018 12:45,Weekday,Wednesday,Medium_Load,6.73,25.46,100.00,25.56,0.00
30/05/2018 12:00,Weekday,Wednesday,Maximum_Load,47.45,100.00,79.96,0.00,35.64
22/08/2018 19:30,Weekday,Wednesday,Medium_Load,3.42,21.39,100.00,15.62,0.00
25/02/2018 16:00,Weekend,Sunday,Light_Load,4.18,24.17,100.00,16.78,0.00
15/09/2018 11:30,Weekend,Saturday,Maximum_Load,32.58,100.00,96.56,0.00,8.78
20/02/2018 17:00,Weekday,Tuesday,Medium_Load,104.36,100.00,96.83,0.00,26.93
03/05/2018 07:15,Weekday,Thursday,Light_Load,3.42,100.00,59.92,0.00,4.57
20/03/2018 10:45,Weekday,Tuesday,Maximum_Load,56.34,100.00,95.55,0.00,17.39
19/12/2018 07:45,Weekday,Wednesday,Light_Load,5.76,99.85,89.19,0.32,2.92
21/05/2018 08:45,Weekday,Monday,Light_Load,67.72,100.00,72.25,0.00,64.80
08/09/2018 19:15,Weekend,Saturday,Medium_Load,3.56,19.66,100.00,17.75,0.00
02/11/2018 11:15,Weekday,Friday,Maximum_Load,63.58,100.00,90.84,0.00,29.27
24/12/2018 17:45,Weekday,Monday,Maximum_Load,6.73,29.39,100.00,21.89,0.00
12/09/2018 14:15,Weekday,Wednesday,Maximum_Load,91.51,100.00,86.83,0.00,52.27
25/10/2018 07:15,Weekday,Thursday,Light_Load,2.84,100.00,50.15,0.00,4.90
20/07/2018 01:15,Weekday,Friday,Light_Load,2.88,52.41,100.00,4.68,0.00
23/01/2018 15:45,Weekday,Tuesday,Medium_Load,67.28,100.00,94.48,0.00,23.33
05/09/2018 14:00,Weekday,Wednesday,Maximum_Load,56.05,100.00,83.77,0.00,36.54
28/12/2018 04:00,Weekday,Friday,Light_Load,3.82,99.56,82.06,0.36,2.66
04/08/2018 19:00,Weekend,Saturday,Light_Load,2.88,16.99,100.00,16.70,0.00
18/11/2018 16:15,Weekend,Sunday,Medium_Load,38.41,100.00,98.10,0.00,7.60
11/08/2018 12:30,Weekend,Saturday,Medium_Load,4.21,25.25,100.00,16.13,0.00
19/02/2018 14:00,Weekday,Monday,Medium_Load,70.56,100.00,92.53,0.00,28.91
15/09/2018 11:45,Weekend,Saturday,Maximum_Load,40.39,100.00,93.38,0.00,15.48
12/06/2018 12:30,Weekday,Tuesday,Medium_Load,4.79,18.47,100.00,25.49,0.00
09/10/2018 11:15,Weekday,Tuesday,Maximum_Load,47.66,100.00,88.76,0.00,24.73
21/08/2018 12:30,Weekday,Tuesday,Medium_Load,5.47,26.36,100.00,20.02,0.00
16/07/2018 22:30,Weekday,Monday,Medium_Load,3.64,64.44,100.00,4.32,0.00
24/09/2018 08:30,Weekday,Monday,Light_Load,2.59,100.00,39.36,0.00,6.05
06/10/2018 23:00,Weekend,Saturday,Medium_Load,3.24,100.00,43.17,0.00,6.77
15/04/2018 13:45,Weekend,Sunday,Light_Load,3.31,18.58,100.00,17.50,0.00
23/10/2018 03:45,Weekday,Tuesday,Light_Load,3.10,100.00,45.42,0.00,6.08
22/04/2018 02:30,Weekend,Sunday,Light_Load,3.56,100.00,67.23,0.00,3.92
05/02/2018 21:30,Weekday,Monday,Medium_Load,54.29,99.98,99.84,1.19,3.10
22/05/2018 22:15,Weekday,Tuesday,Medium_Load,3.20,32.92,85.87,9.18,1.91
13/08/2018 17:15,Weekday,Monday,Medium_Load,95.36,100.00,89.26,0.00,48.17
12/01/2018 08:45,Weekday,Friday,Light_Load,114.19,100.00,85.89,0.00,68.08
03/10/2018 23:30,Weekday,Wednesday,Light_Load,3.31,100.00,43.35,0.00,6.88
30/12/2018 07:00,Weekend,Sunday,Light_Load,3.82,100.00,68.79,0.00,4.03
15/03/2018 05:45,Weekday,Thursday,Light_Load,3.42,100.00,52.26,0.00,5.58
14/08/2018 14:45,Weekday,Tuesday,Maximum_Load,81.22,100.00,93.89,0.00,29.77
19/10/2018 10:15,Weekday,Friday,Maximum_Load,51.77,100.00,88.38,0.00,27.40
17/04/2018 01:45,Weekday,Tuesday,Light_Load,3.28,100.00,60.47,0.00,4.32
14/04/2018 03:15,Weekend,Saturday,Light_Load,3.06,100.00,61.14,0.00,3.96
15/07/2018 23:30,Weekend,Sunday,Light_Load,2.84,47.51,100.00,5.26,0.00
14/03/2018 02:30,Weekday,Wednesday,Light_Load,3.89,100.00,63.92,0.00,4.68
05/01/2018 16:00,Weekday,Friday,Medium_Load,146.34,100.00,90.94,0.00,66.92
19/01/2018 16:00,Weekday,Friday,Medium_Load,114.59,100.00,94.28,0.00,40.50
22/07/2018 16:45,Weekend,Sunday,Light_Load,2.95,17.11,100.00,16.99,0.00
14/03/2018 20:45,Weekday,Wednesday,Medium_Load,4.43,18.01,100.00,24.19,0.00
10/01/2018 15:45,Weekday,Wednesday,Medium_Load,100.48,100.00,95.97,0.00,29.41
29/08/2018 11:00,Weekday,Wednesday,Maximum_Load,44.82,100.00,90.51,0.00,21.06
05/03/2018 08:30,Weekday,Monday,Light_Load,78.23,100.00,83.91,0.00,50.72
30/10/2018 01:30,Weekday,Tuesday,Light_Load,3.67,100.00,47.07,0.00,6.88
09/03/2018 06:00,Weekday,Friday,Light_Load,4.93,100.00,80.21,0.00,3.67
18/10/2018 09:45,Weekday,Thursday,Medium_Load,46.94,100.00,91.45,0.00,20.77
12/08/2018 18:30,Weekend,Sunday,Light_Load,2.74,49.42,100.00,4.82,0.00
01/10/2018 16:00,Weekday,Monday,Maximum_Load,45.54,100.00,86.50,0.00,26.42
23/03/2018 13:00,Weekday,Friday,Medium_Load,5.44,27.61,100.00,18.94,0.00
18/10/2018 15:15,Weekday,Thursday,Maximum_Load,66.89,100.00,80.20,0.00,49.82
30/08/2018 20:45,Weekday,Thursday,Medium_Load,32.22,100.00,98.10,0.14,6.37
15/04/2018 23:00,Weekend,Sunday,Light_Load,3.10,100.00,63.01,0.00,3.82
11/11/2018 17:45,Weekend,Sunday,Light_Load,2.92,22.89,100.00,12.42,0.00
03/07/2018 11:15,Weekday,Tuesday,Maximum_Load,71.14,100.00,83.10,0.00,47.63
20/07/2018 06:00,Weekday,Friday,Light_Load,2.81,100.00,44.98,0.00,5.58
05/08/2018 22:30,Weekend,Sunday,Light_Load,2.84,100.00,49.39,0.00,5.00
01/02/2018 15:45,Weekday,Thursday,Medium_Load,75.35,100.00,89.38,0.00,37.80
11/11/2018 13:45,Weekend,Sunday,Light_Load,3.28,19.72,100.00,16.31,0.00
26/01/2018 12:15,Weekday,Friday,Medium_Load,31.32,85.84,93.78,18.72,11.59
16/02/2018 03:45,Weekday,Friday,Light_Load,3.92,100.00,63.65,0.00,4.75
20/05/2018 22:30,Weekend,Sunday,Medium_Load,3.13,100.00,46.62,0.00,5.94
27/02/2018 22:30,Weekday,Tuesday,Maximum_Load,6.16,100.00,70.14,0.00,6.26
02/09/2018 06:00,Weekend,Sunday,Light_Load,2.63,100.00,50.79,0.00,4.46
12/01/2018 15:45,Weekday,Friday,Medium_Load,112.36,100.00,91.42,0.00,49.82
16/07/2018 22:00,Weekday,Monday,Medium_Load,3.82,22.90,100.00,16.24,0.00
05/07/2018 02:00,Weekday,Thursday,Light_Load,3.06,100.00,53.84,0.00,4.79
16/03/2018 15:30,Weekday,Friday,Maximum_Load,122.94,100.00,91.26,0.00,55.08
01/11/2018 22:45,Weekday,Thursday,Maximum_Load,3.71,100.00,44.06,0.00,7.56
30/09/2018 09:15,Weekend,Sunday,Light_Load,3.02,20.14,100.00,14.69,0.00
24/12/2018 08:45,Weekday,Monday,Light_Load,64.58,100.00,85.78,0.00,38.70
30/03/2018 16:00,Weekday,Friday,Maximum_Load,56.38,100.00,89.51,0.00,28.08
07/01/2018 20:00,Weekend,Sunday,Light_Load,4.07,17.53,100.00,22.86,0.00
06/03/2018 09:30,Weekday,Tuesday,Medium_Load,104.40,100.00,93.56,0.00,39.38
29/04/2018 08:30,Weekend,Sunday,Light_Load,2.77,100.00,60.24,0.00,3.67
15/02/2018 17:00,Weekday,Thursday,Light_Load,3.42,19.49,100.00,17.21,0.00
28/10/2018 18:30,Weekend,Sunday,Light_Load,3.28,36.83,100.00,8.28,0.00
19/12/2018 15:30,Weekday,Wednesday,Medium_Load,130.46,100.00,90.79,0.00,60.23
21/03/2018 17:00,Weekday,Wednesday,Maximum_Load,66.78,100.00,92.24,0.00,27.97
09/12/2018 05:15,Weekend,Sunday,Light_Load,3.74,99.93,76.99,0.14,3.10
17/10/2018 18:00,Weekday,Wednesday,Medium_Load,28.87,99.96,97.78,0.79,6.19
19/07/2018 20:45,Weekday,Thursday,Medium_Load,63.22,100.00,88.08,0.00,33.98
23/02/2018 03:15,Weekday,Friday,Light_Load,5.94,100.00,63.43,0.00,7.24
24/08/2018 21:15,Weekday,Friday,Medium_Load,6.70,41.43,100.00,14.72,0.00
25/10/2018 14:30,Weekday,Thursday,Maximum_Load,60.16,100.00,90.24,0.00,28.73
19/08/2018 04:45,Weekend,Sunday,Light_Load,2.74,100.00,49.42,0.00,4.82
20/03/2018 05:45,Weekday,Tuesday,Light_Load,3.06,100.00,66.25,0.00,3.46
03/08/2018 22:00,Weekday,Friday,Light_Load,3.02,19.02,100.00,15.59,0.00
11/04/2018 18:45,Weekday,Wednesday,Medium_Load,85.03,100.00,92.41,0.00,35.17
01/03/2018 05:00,Weekday,Thursday,Light_Load,3.67,100.00,61.14,0.00,4.75
24/07/2018 06:30,Weekday,Tuesday,Light_Load,2.92,100.00,48.33,0.00,5.29
10/02/2018 17:45,Weekend,Saturday,Light_Load,3.85,21.45,100.00,17.53,0.00
23/08/2018 06:30,Weekday,Thursday,Light_Load,3.17,100.00,46.84,0.00,5.98
20/04/2018 10:45,Weekday,Friday,Maximum_Load,50.11,100.00,91.88,0.00,21.53
26/10/2018 03:45,Weekday,Friday,Light_Load,2.84,100.00,53.71,0.00,4.46
16/02/2018 16:15,Weekday,Friday,Light_Load,3.49,20.28,100.00,16.85,0.00
03/02/2018 08:45,Weekend,Saturday,Light_Load,38.09,100.00,79.73,0.00,28.84
07/03/2018 01:30,Weekday,Wednesday,Light_Load,3.13,100.00,71.96,0.00,3.02
07/11/2018 22:30,Weekday,Wednesday,Maximum_Load,3.74,100.00,47.60,0.00,6.91
02/06/2018 06:00,Weekend,Saturday,Light_Load,2.95,100.00,44.90,0.00,5.87
23/01/2018 01:30,Weekday,Tuesday,Light_Load,30.56,100.00,79.35,0.00,23.44
02/08/2018 08:00,Weekday,Thursday,Light_Load,2.63,100.00,49.31,0.00,4.64
16/04/2018 11:00,Weekday,Monday,Maximum_Load,61.20,100.00,89.59,0.00,30.35
18/01/2018 07:45,Weekday,Thursday,Light_Load,42.37,100.00,81.03,0.00,30.64
02/09/2018 22:15,Weekend,Sunday,Medium_Load,2.70,99.92,53.35,0.11,4.28
20/05/2018 19:15,Weekend,Sunday,Medium_Load,4.00,24.28,100.00,15.98,0.00
24/02/2018 04:00,Weekend,Saturday,Light_Load,5.87,100.00,77.48,0.00,4.79
14/10/2018 01:00,Weekend,Sunday,Light_Load,2.99,100.00,49.70,0.00,5.22
24/03/2018 15:15,Weekend,Saturday,Maximum_Load,35.86,99.91,99.93,1.51,1.37
04/01/2018 20:30,Weekday,Thursday,Medium_Load,69.30,100.00,86.65,0.00,39.92
12/10/2018 22:45,Weekday,Friday,Medium_Load,3.53,100.00,50.21,0.00,6.08
12/08/2018 18:15,Weekend,Sunday,Light_Load,2.77,36.52,100.00,7.06,0.00
28/02/2018 23:45,Weekday,Wednesday,Light_Load,5.29,100.00,68.80,0.00,5.58
09/08/2018 08:45,Weekday,Thursday,Light_Load,109.98,100.00,78.19,0.00,87.70
28/05/2018 04:15,Weekday,Monday,Light_Load,2.84,100.00,47.79,0.00,5.22
25/01/2018 09:45,Weekday,Thursday,Medium_Load,80.68,100.00,91.80,0.00,34.85
28/12/2018 02:45,Weekday,Friday,Light_Load,3.82,99.56,82.77,0.36,2.59
13/02/2018 12:45,Weekday,Tuesday,Medium_Load,9.61,35.06,100.00,25.67,0.00
09/03/2018 22:30,Weekday,Friday,Medium_Load,3.85,100.00,66.19,0.00,4.36
28/07/2018 04:45,Weekend,Saturday,Light_Load,3.46,100.00,47.73,0.00,6.37
14/02/2018 17:15,Weekday,Wednesday,Light_Load,4.21,16.36,100.00,25.38,0.00
04/05/2018 05:15,Weekday,Friday,Light_Load,2.99,100.00,62.44,0.00,3.74
04/04/2018 12:45,Weekday,Wednesday,Medium_Load,5.36,19.77,100.00,26.57,0.00
04/08/2018 04:15,Weekend,Saturday,Light_Load,2.84,100.00,42.90,0.00,5.98
09/05/2018 23:30,Weekday,Wednesday,Light_Load,3.60,100.00,75.05,0.00,3.17
29/10/2018 05:00,Weekday,Monday,Light_Load,2.77,100.00,47.37,0.00,5.15
14/11/2018 10:45,Weekday,Wednesday,Maximum_Load,58.10,100.00,89.11,0.00,29.59
13/07/2018 06:00,Weekday,Friday,Light_Load,2.84,100.00,45.81,0.00,5.51
08/12/2018 14:00,Weekend,Saturday,Medium_Load,50.51,100.00,95.10,0.00,16.42
04/07/2018 08:30,Weekday,Wednesday,Light_Load,87.37,100.00,83.44,0.00,57.71
10/06/2018 05:45,Weekend,Sunday,Light_Load,2.84,100.00,47.30,0.00,5.29
10/07/2018 07:00,Weekday,Tuesday,Light_Load,2.88,100.00,49.32,0.00,5.08
10/11/2018 17:45,Weekend,Saturday,Maximum_Load,3.71,20.26,100.00,17.93,0.00
04/09/2018 20:30,Weekday,Tuesday,Medium_Load,88.09,100.00,96.36,0.00,24.44
11/03/2018 10:00,Weekend,Sunday,Medium_Load,34.34,99.94,99.78,1.22,2.30
24/01/2018 07:15,Weekday,Wednesday,Light_Load,37.33,100.00,80.84,0.00,27.18
27/05/2018 15:30,Weekend,Sunday,Light_Load,2.99,17.77,100.00,16.56,0.00
23/10/2018 10:45,Weekday,Tuesday,Maximum_Load,44.32,100.00,89.17,0.00,22.50
20/06/2018 13:15,Weekday,Wednesday,Maximum_Load,34.56,97.84,95.34,7.31,10.94
25/01/2018 01:45,Weekday,Thursday,Light_Load,35.10,100.00,82.22,0.00,24.30
09/02/2018 12:15,Weekday,Friday,Medium_Load,14.94,61.79,98.36,19.01,2.74
01/11/2018 10:30,Weekday,Thursday,Maximum_Load,56.52,100.00,90.70,0.00,26.24
15/12/2018 03:15,Weekend,Saturday,Light_Load,4.82,100.00,75.55,0.00,4.18
14/07/2018 02:30,Weekend,Saturday,Light_Load,2.74,100.00,52.35,0.00,4.46
04/02/2018 18:30,Weekend,Sunday,Light_Load,4.25,53.39,100.00,6.73,0.00
20/12/2018 00:30,Weekday,Thursday,Light_Load,4.03,99.60,82.41,0.36,2.77
29/04/2018 22:15,Weekend,Sunday,Light_Load,3.35,23.97,88.85,13.57,1.73
20/02/2018 05:00,Weekday,Tuesday,Light_Load,5.83,100.00,74.76,0.00,5.18
09/11/2018 00:00,Weekday,Friday,Light_Load,4.90,100.00,57.84,0.00,6.91
21/12/2018 23:45,Weekday,Friday,Light_Load,4.00,99.23,83.56,0.50,2.63
17/03/2018 16:45,Weekend,Saturday,Maximum_Load,92.99,100.00,98.48,0.00,16.38
18/05/2018 04:15,Weekday,Friday,Light_Load,3.17,100.00,51.40,0.00,5.29
16/03/2018 17:45,Weekday,Friday,Medium_Load,31.07,95.08,100.00,10.12,0.18
26/10/2018 22:00,Weekday,Friday,Medium_Load,3.96,24.46,100.00,15.70,0.00
30/04/2018 05:15,Weekday,Monday,Light_Load,2.84,100.00,55.29,0.00,4.28
21/11/2018 09:45,Weekday,Wednesday,Medium_Load,67.43,100.00,90.75,0.00,31.21
09/05/2018 18:45,Weekday,Wednesday,Medium_Load,55.33,100.00,87.27,0.00,30.96
10/08/2018 12:45,Weekday,Friday,Medium_Load,4.68,27.53,100.00,16.34,0.00
20/10/2018 18:45,Weekend,Saturday,Medium_Load,5.29,28.14,100.00,18.04,0.00
31/12/2018 14:30,Weekday,Monday,Light_Load,3.56,22.61,100.00,15.34,0.00
20/10/2018 10:30,Weekend,Saturday,Maximum_Load,59.18,100.00,88.21,0.00,31.61
09/08/2018 23:45,Weekday,Thursday,Light_Load,2.63,100.00,52.00,0.00,4.32
19/08/2018 01:15,Weekend,Sunday,Light_Load,2.59,100.00,52.40,0.00,4.21
02/07/2018 17:30,Weekday,Monday,Medium_Load,57.46,100.00,87.89,0.00,31.18
17/10/2018 17:30,Weekday,Wednesday,Medium_Load,42.52,100.00,91.18,0.22,19.15
22/12/2018 20:45,Weekend,Saturday,Light_Load,3.67,25.48,100.00,13.93,0.00
28/03/2018 21:15,Weekday,Wednesday,Medium_Load,8.96,35.81,100.00,23.36,0.00
12/06/2018 14:45,Weekday,Tuesday,Maximum_Load,93.74,100.00,96.19,0.00,26.64
15/01/2018 17:15,Weekday,Monday,Maximum_Load,55.62,100.00,95.14,0.00,18.00
14/01/2018 19:00,Weekend,Sunday,Maximum_Load,4.93,17.94,100.00,27.04,0.00
09/11/2018 08:00,Weekday,Friday,Light_Load,6.05,100.00,76.83,0.00,5.04
01/01/2018 23:15,Weekday,Monday,Light_Load,3.53,100.00,71.82,0.00,3.42
09/11/2018 12:15,Weekday,Friday,Medium_Load,5.15,27.45,100.00,18.04,0.00
03/04/2018 09:00,Weekday,Tuesday,Light_Load,104.44,100.00,92.50,0.00,42.91
23/08/2018 11:30,Weekday,Thursday,Maximum_Load,71.68,100.00,77.80,0.00,57.89
09/10/2018 00:15,Weekday,Tuesday,Light_Load,3.20,100.00,45.69,0.00,6.23
07/10/2018 05:30,Weekend,Sunday,Light_Load,2.56,100.00,49.12,0.00,4.54
25/02/2018 15:45,Weekend,Sunday,Light_Load,4.18,24.23,100.00,16.74,0.00
23/02/2018 11:15,Weekday,Friday,Maximum_Load,68.08,100.00,80.31,0.00,50.51
11/08/2018 02:30,Weekend,Saturday,Light_Load,2.70,100.00,47.22,0.00,5.04
13/03/2018 12:30,Weekday,Tuesday,Medium_Load,6.59,25.30,100.00,25.20,0.00
17/03/2018 08:00,Weekend,Saturday,Light_Load,3.49,100.00,69.61,0.00,3.60
19/03/2018 22:30,Weekday,Monday,Medium_Load,3.74,100.00,62.43,0.00,4.68
20/05/2018 17:30,Weekend,Sunday,Medium_Load,4.03,24.50,100.00,15.95,0.00
01/07/2018 07:45,Weekend,Sunday,Light_Load,3.28,100.00,71.91,0.00,3.17
31/01/2018 12:30,Weekday,Wednesday,Medium_Load,8.32,30.61,100.00,25.88,0.00
08/05/2018 10:15,Weekday,Tuesday,Maximum_Load,83.70,100.00,93.67,0.00,31.28
03/05/2018 01:30,Weekday,Thursday,Light_Load,3.71,100.00,71.77,0.00,3.60
16/11/2018 09:15,Weekday,Friday,Medium_Load,65.30,100.00,87.75,0.00,35.68
15/04/2018 08:45,Weekend,Sunday,Light_Load,3.42,99.92,63.05,0.14,4.21
27/11/2018 00:00,Weekday,Tuesday,Light_Load,23.65,100.00,85.19,0.00,14.54
02/02/2018 12:00,Weekday,Friday,Maximum_Load,61.70,100.00,90.33,0.00,29.30
18/03/2018 11:00,Weekend,Sunday,Light_Load,3.13,17.07,100.00,18.07,0.00
03/04/2018 00:15,Weekday,Tuesday,Light_Load,3.67,100.00,62.04,0.00,4.64
31/01/2018 18:45,Weekday,Wednesday,Maximum_Load,74.12,99.98,98.46,1.44,13.18
10/11/2018 05:45,Weekend,Saturday,Light_Load,3.74,100.00,45.75,0.00,7.27
20/01/2018 03:30,Weekend,Saturday,Light_Load,87.55,100.00,90.01,0.00,42.37
23/08/2018 16:30,Weekday,Thursday,Maximum_Load,49.46,100.00,89.18,0.00,25.09
24/11/2018 23:45,Weekend,Saturday,Light_Load,2.77,99.79,81.35,0.18,1.98
04/06/2018 23:15,Weekday,Monday,Light_Load,4.21,100.00,53.84,0.00,6.59
03/12/2018 15:00,Weekday,Monday,Medium_Load,54.22,100.00,90.84,0.00,24.95
15/01/2018 20:00,Weekday,Monday,Maximum_Load,66.92,100.00,91.18,0.00,30.13
17/09/2018 00:45,Weekday,Monday,Light_Load,2.74,100.00,46.20,0.00,5.26
16/03/2018 11:30,Weekday,Friday,Maximum_Load,103.72,100.00,86.15,0.00,61.13
17/01/2018 13:45,Weekday,Wednesday,Medium_Load,104.04,100.00,87.49,0.00,57.60
26/03/2018 06:45,Weekday,Monday,Light_Load,3.06,100.00,67.44,0.00,3.35
28/12/2018 16:15,Weekday,Friday,Medium_Load,30.06,97.73,100.00,6.52,0.04
27/01/2018 14:45,Weekend,Saturday,Medium_Load,28.30,95.88,100.00,8.39,0.00
02/07/2018 07:30,Weekday,Monday,Light_Load,2.99,100.00,64.63,0.00,3.53
13/03/2018 18:00,Weekday,Tuesday,Medium_Load,28.58,95.89,100.00,8.46,0.00
15/11/2018 03:30,Weekday,Thursday,Light_Load,4.07,100.00,62.00,0.00,5.15
16/08/2018 01:45,Weekday,Thursday,Light_Load,2.70,100.00,49.42,0.00,4.75
30/05/2018 14:00,Weekday,Wednesday,Maximum_Load,45.40,100.00,97.20,0.07,10.98
12/01/2018 13:30,Weekday,Friday,Medium_Load,100.30,100.00,92.74,0.00,40.46
09/03/2018 03:30,Weekday,Friday,Light_Load,4.97,100.00,77.90,0.00,4.00
07/06/2018 11:30,Weekday,Thursday,Maximum_Load,45.90,100.00,75.68,0.00,39.64
03/08/2018 02:45,Weekday,Friday,Light_Load,3.20,100.00,47.18,0.00,5.98
11/01/2018 01:00,Weekday,Thursday,Light_Load,4.61,100.00,70.18,0.00,4.68
15/03/2018 00:00,Weekday,Thursday,Light_Load,3.71,100.00,61.80,0.00,4.72
26/07/2018 22:45,Weekday,Thursday,Medium_Load,3.46,100.00,48.55,0.00,6.23
20/07/2018 23:15,Weekday,Friday,Light_Load,3.10,60.31,100.00,4.10,0.00
24/09/2018 18:45,Weekday,Monday,Light_Load,2.88,25.68,100.00,10.84,0.00
27/09/2018 22:00,Weekday,Thursday,Medium_Load,3.78,22.96,100.00,16.02,0.00
20/09/2018 23:45,Weekday,Thursday,Light_Load,3.38,100.00,46.25,0.00,6.48
23/02/2018 18:15,Weekday,Friday,Maximum_Load,57.89,100.00,83.13,0.11,38.70
11/02/2018 01:45,Weekend,Sunday,Light_Load,3.78,100.00,71.75,0.00,3.67
17/12/2018 18:30,Weekday,Monday,Maximum_Load,6.37,39.31,100.00,14.90,0.00
11/01/2018 02:00,Weekday,Thursday,Light_Load,4.61,100.00,68.52,0.00,4.90
27/03/2018 17:00,Weekday,Tuesday,Maximum_Load,36.58,99.98,99.91,0.65,1.55
11/07/2018 08:15,Weekday,Wednesday,Light_Load,18.14,100.00,72.41,0.00,17.28
13/01/2018 00:00,Weekend,Saturday,Light_Load,4.64,100.00,76.06,0.00,3.96
06/10/2018 10:15,Weekend,Saturday,Maximum_Load,45.61,100.00,88.66,0.00,23.80
25/02/2018 18:45,Weekend,Sunday,Light_Load,4.07,26.58,100.00,14.76,0.00
22/04/2018 22:00,Weekend,Sunday,Medium_Load,3.42,19.86,100.00,16.88,0.00
05/05/2018 23:30,Weekend,Saturday,Light_Load,2.84,100.00,63.12,0.00,3.49
01/08/2018 19:15,Weekday,Wednesday,Light_Load,2.84,16.25,100.00,17.24,0.00
05/06/2018 13:00,Weekday,Tuesday,Medium_Load,4.43,21.24,100.00,20.38,0.00
31/10/2018 00:00,Weekday,Wednesday,Light_Load,3.85,100.00,58.84,0.00,5.29
14/08/2018 03:30,Weekday,Tuesday,Light_Load,3.06,100.00,46.23,0.00,5.87
03/05/2018 09:30,Weekday,Thursday,Medium_Load,110.95,100.00,94.64,0.00,37.87
21/02/2018 18:15,Weekday,Wednesday,Maximum_Load,75.92,100.00,95.67,0.00,23.11
26/10/2018 18:45,Weekday,Friday,Medium_Load,52.06,100.00,88.55,0.00,27.32
06/09/2018 21:00,Weekday,Thursday,Medium_Load,63.50,100.00,88.77,0.00,32.94
13/08/2018 02:30,Weekday,Monday,Light_Load,2.81,100.00,44.09,0.00,5.72
10/06/2018 23:15,Weekend,Sunday,Light_Load,2.84,100.00,50.15,0.00,4.90
27/09/2018 12:15,Weekday,Thursday,Medium_Load,3.89,32.73,100.00,11.23,0.00
08/04/2018 09:45,Weekend,Sunday,Medium_Load,93.96,100.00,97.74,0.36,20.30
16/05/2018 18:30,Weekday,Wednesday,Medium_Load,73.01,100.00,93.29,0.00,28.19
19/07/2018 04:15,Weekday,Thursday,Light_Load,2.77,100.00,48.17,0.00,5.04
25/04/2018 22:15,Weekday,Wednesday,Medium_Load,4.00,27.15,94.09,14.18,1.44
25/09/2018 04:15,Weekday,Tuesday,Light_Load,2.59,100.00,41.67,0.00,5.65
02/08/2018 15:15,Weekday,Thursday,Light_Load,2.95,17.68,100.00,16.42,0.00
24/06/2018 20:00,Weekend,Sunday,Medium_Load,3.64,14.44,100.00,24.95,0.00
07/08/2018 20:45,Weekday,Tuesday,Medium_Load,50.00,100.00,92.49,0.00,20.56
18/10/2018 23:00,Weekday,Thursday,Medium_Load,3.78,100.00,47.05,0.00,7.09
29/03/2018 03:00,Weekday,Thursday,Light_Load,3.02,100.00,60.26,0.00,4.00
26/02/2018 22:45,Weekday,Monday,Maximum_Load,5.76,100.00,77.15,0.00,4.75
30/07/2018 11:15,Weekday,Monday,Maximum_Load,44.28,100.00,83.33,0.00,29.38
06/10/2018 05:00,Weekend,Saturday,Light_Load,2.92,100.00,45.22,0.00,5.76
06/09/2018 01:15,Weekday,Thursday,Light_Load,2.81,100.00,47.12,0.00,5.26
05/11/2018 09:00,Weekday,Monday,Light_Load,78.62,100.00,85.11,0.00,48.49
27/10/2018 22:15,Weekend,Saturday,Medium_Load,3.38,99.86,47.69,0.18,6.23
04/04/2018 04:15,Weekday,Wednesday,Light_Load,3.06,100.00,62.52,0.00,3.82
19/05/2018 23:15,Weekend,Saturday,Light_Load,2.99,100.00,53.27,0.00,4.75
31/10/2018 06:15,Weekday,Wednesday,Light_Load,2.88,100.00,60.20,0.00,3.82
11/06/2018 20:45,Weekday,Monday,Medium_Load,76.07,100.00,97.36,0.00,17.82
25/01/2018 00:15,Weekday,Thursday,Light_Load,41.90,100.00,81.12,0.00,30.20
28/08/2018 12:45,Weekday,Tuesday,Medium_Load,4.39,31.30,100.00,13.32,0.00
01/02/2018 06:15,Weekday,Thursday,Light_Load,4.39,100.00,70.71,0.00,4.39
24/02/2018 08:45,Weekend,Saturday,Light_Load,45.11,100.00,83.46,0.00,29.77
26/08/2018 18:30,Weekend,Sunday,Medium_Load,3.53,56.54,100.00,5.15,0.00
09/08/2018 13:00,Weekday,Thursday,Medium_Load,4.57,27.50,100.00,15.98,0.00
31/10/2018 21:00,Weekday,Wednesday,Medium_Load,45.07,99.71,99.18,3.42,5.80
06/04/2018 02:15,Weekday,Friday,Light_Load,3.56,100.00,56.64,0.00,5.18
09/02/2018 00:45,Weekday,Friday,Light_Load,60.98,100.00,84.68,0.00,38.30
02/06/2018 14:00,Weekend,Saturday,Light_Load,6.12,26.29,100.00,22.46,0.00
27/05/2018 11:30,Weekend,Sunday,Light_Load,2.81,50.92,100.00,4.75,0.00
13/07/2018 18:15,Weekday,Friday,Medium_Load,34.88,99.94,92.03,1.22,14.83
16/02/2018 12:00,Weekday,Friday,Light_Load,4.36,54.37,100.00,6.73,0.00
27/08/2018 05:30,Weekday,Monday,Light_Load,3.49,100.00,56.93,0.00,5.04
21/12/2018 05:30,Weekday,Friday,Light_Load,3.20,99.98,81.20,0.07,2.30
13/12/2018 16:15,Weekday,Thursday,Medium_Load,88.92,100.00,97.48,0.00,20.34
11/05/2018 10:00,Weekday,Friday,Medium_Load,64.04,100.00,89.13,0.00,32.58
16/12/2018 03:30,Weekend,Sunday,Light_Load,3.35,100.00,77.86,0.00,2.70
31/10/2018 07:30,Weekday,Wednesday,Light_Load,2.95,100.00,63.81,0.00,3.56
05/03/2018 20:15,Weekday,Monday,Medium_Load,99.61,100.00,95.84,0.00,29.66
24/11/2018 04:00,Weekend,Saturday,Light_Load,4.79,100.00,78.50,0.00,3.78
04/12/2018 04:30,Weekday,Tuesday,Light_Load,3.60,100.00,68.58,0.00,3.82
09/10/2018 02:00,Weekday,Tuesday,Light_Load,2.63,100.00,51.05,0.00,4.43
08/04/2018 13:45,Weekend,Sunday,Maximum_Load,78.62,99.98,98.20,1.40,15.12
04/05/2018 07:45,Weekday,Friday,Light_Load,4.36,100.00,63.32,0.00,5.33
19/03/2018 01:30,Weekday,Monday,Light_Load,3.06,100.00,62.52,0.00,3.82
14/08/2018 04:15,Weekday,Tuesday,Light_Load,2.92,100.00,45.22,0.00,5.76
18/04/2018 10:15,Weekday,Wednesday,Maximum_Load,96.84,100.00,94.31,0.00,34.13
29/01/2018 21:15,Weekday,Monday,Medium_Load,94.07,100.00,98.40,0.00,17.03
04/04/2018 09:45,Weekday,Wednesday,Medium_Load,62.93,100.00,91.34,0.00,28.04
01/09/2018 23:45,Weekend,Saturday,Light_Load,3.82,100.00,57.47,0.00,5.44
12/08/2018 14:00,Weekend,Sunday,Light_Load,3.02,20.05,100.00,14.76,0.00
08/05/2018 00:00,Weekday,Tuesday,Light_Load,3.96,100.00,68.51,0.00,4.21
08/02/2018 19:30,Weekday,Thursday,Maximum_Load,76.32,99.99,98.24,0.90,14.51
20/05/2018 11:00,Weekend,Sunday,Maximum_Load,5.51,23.30,100.00,23.00,0.00
01/04/2018 11:45,Weekend,Sunday,Light_Load,2.95,50.81,100.00,5.00,0.00
07/02/2018 04:15,Weekday,Wednesday,Light_Load,5.94,100.00,72.03,0.00,5.72
11/06/2018 18:15,Weekday,Monday,Medium_Load,43.31,100.00,85.87,0.22,25.85
13/06/2018 22:15,Weekday,Wednesday,Medium_Load,2.99,27.80,95.12,10.33,0.97
11/05/2018 10:45,Weekday,Friday,Maximum_Load,64.76,100.00,87.03,0.00,36.65
27/02/2018 19:15,Weekday,Tuesday,Maximum_Load,99.61,100.00,94.58,0.00,34.20
02/06/2018 12:15,Weekend,Saturday,Light_Load,3.24,25.95,100.00,12.06,0.00
14/04/2018 18:30,Weekend,Saturday,Medium_Load,3.74,47.98,100.00,6.84,0.00
29/01/2018 10:45,Weekday,Monday,Maximum_Load,59.18,100.00,95.86,0.00,17.57
19/02/2018 10:15,Weekday,Monday,Maximum_Load,54.61,100.00,97.86,0.00,11.48
03/07/2018 04:30,Weekday,Tuesday,Light_Load,2.81,100.00,52.63,0.00,4.54
29/07/2018 20:30,Weekend,Sunday,Medium_Load,2.95,17.50,100.00,16.60,0.00
22/09/2018 14:45,Weekend,Saturday,Light_Load,2.81,25.03,100.00,10.87,0.00
02/06/2018 08:30,Weekend,Saturday,Light_Load,24.48,100.00,71.66,0.00,23.83
19/06/2018 00:15,Weekday,Tuesday,Light_Load,2.99,100.00,55.00,0.00,4.54
20/09/2018 00:45,Weekday,Thursday,Light_Load,3.35,100.00,44.72,0.00,6.70
20/07/2018 10:45,Weekday,Friday,Maximum_Load,54.65,100.00,83.66,0.00,35.78
11/11/2018 17:00,Weekend,Sunday,Light_Load,3.85,20.10,100.00,18.76,0.00
11/08/2018 09:15,Weekend,Saturday,Medium_Load,91.19,100.00,93.66,0.00,34.13
12/06/2018 13:00,Weekday,Tuesday,Medium_Load,4.72,18.62,100.00,24.91,0.00
22/09/2018 12:00,Weekend,Saturday,Light_Load,3.35,46.55,100.00,6.37,0.00
28/11/2018 19:00,Weekday,Wednesday,Maximum_Load,62.21,100.00,91.83,0.00,26.82
19/02/2018 00:30,Weekday,Monday,Light_Load,3.35,100.00,55.66,0.00,5.00
20/06/2018 23:00,Weekday,Wednesday,Medium_Load,3.46,100.00,62.87,0.00,4.28
11/08/2018 06:45,Weekend,Saturday,Light_Load,2.84,100.00,43.55,0.00,5.87
09/01/2018 15:00,Weekday,Tuesday,Medium_Load,124.92,100.00,95.15,0.00,40.39
06/01/2018 05:00,Weekend,Saturday,Light_Load,4.18,100.00,58.27,0.00,5.83
28/03/2018 21:30,Weekday,Wednesday,Medium_Load,5.47,20.84,100.00,25.67,0.00
01/06/2018 20:45,Weekday,Friday,Medium_Load,3.67,14.04,100.00,25.88,0.00
09/09/2018 08:15,Weekend,Sunday,Light_Load,3.74,100.00,44.87,0.00,7.45
07/12/2018 17:15,Weekday,Friday,Maximum_Load,72.11,100.00,90.65,0.00,33.59
04/05/2018 10:00,Weekday,Friday,Medium_Load,65.70,100.00,89.06,0.00,33.55
24/08/2018 12:45,Weekday,Friday,Medium_Load,4.50,32.55,100.00,13.07,0.00
17/07/2018 22:15,Weekday,Tuesday,Medium_Load,3.74,26.77,100.00,13.46,0.00
07/05/2018 06:00,Weekday,Monday,Light_Load,2.84,100.00,59.36,0.00,3.85
15/03/2018 23:15,Weekday,Thursday,Light_Load,3.74,100.00,63.58,0.00,4.54
26/07/2018 01:00,Weekday,Thursday,Light_Load,2.63,100.00,52.00,0.00,4.32
09/03/2018 17:45,Weekday,Friday,Medium_Load,35.10,98.97,99.99,5.08,0.47
21/06/2018 23:00,Weekday,Thursday,Medium_Load,3.56,100.00,58.00,0.00,5.00
31/07/2018 05:00,Weekday,Tuesday,Light_Load,3.13,100.00,59.03,0.00,4.28
14/09/2018 23:45,Weekday,Friday,Light_Load,2.66,100.00,46.68,0.00,5.04
24/07/2018 17:15,Weekday,Tuesday,Medium_Load,54.94,100.00,95.01,0.00,18.04
12/10/2018 07:00,Weekday,Friday,Light_Load,2.92,100.00,47.57,0.00,5.40
17/03/2018 03:15,Weekend,Saturday,Light_Load,3.13,100.00,69.04,0.00,3.28
18/11/2018 14:00,Weekend,Sunday,Medium_Load,35.10,100.00,98.74,0.14,5.62
23/08/2018 18:30,Weekday,Thursday,Medium_Load,39.96,100.00,87.68,0.00,21.92
03/04/2018 18:15,Weekday,Tuesday,Medium_Load,40.61,99.99,82.36,0.43,27.97
16/07/2018 06:45,Weekday,Monday,Light_Load,2.77,100.00,50.38,0.00,4.75
22/05/2018 20:30,Weekday,Tuesday,Medium_Load,4.36,20.57,100.00,20.74,0.00
09/12/2018 00:30,Weekend,Sunday,Light_Load,3.74,99.99,75.18,0.04,3.28
15/10/2018 07:45,Weekday,Monday,Light_Load,4.21,100.00,50.11,0.00,7.27
19/03/2018 19:15,Weekday,Monday,Medium_Load,42.59,100.00,98.18,0.04,8.24
29/01/2018 14:45,Weekday,Monday,Medium_Load,97.27,100.00,94.91,0.00,32.29
30/11/2018 12:15,Weekday,Friday,Medium_Load,5.65,25.38,100.00,21.53,0.00
08/01/2018 17:45,Weekday,Monday,Maximum_Load,37.73,97.27,99.96,9.00,1.01
28/08/2018 14:15,Weekday,Tuesday,Maximum_Load,51.16,100.00,89.61,0.00,25.34
02/06/2018 21:00,Weekend,Saturday,Light_Load,3.74,21.45,100.00,17.03,0.00
10/08/2018 15:30,Weekday,Friday,Maximum_Load,106.67,100.00,91.55,0.00,46.87
09/08/2018 02:30,Weekday,Thursday,Light_Load,3.20,100.00,55.31,0.00,4.82
27/05/2018 07:15,Weekend,Sunday,Light_Load,3.02,100.00,52.47,0.00,4.90
09/09/2018 08:45,Weekend,Sunday,Light_Load,8.53,99.57,74.84,0.79,7.56
01/11/2018 21:30,Weekday,Thursday,Medium_Load,3.92,22.29,100.00,17.14,0.00
06/01/2018 08:15,Weekend,Saturday,Light_Load,4.07,100.00,62.30,0.00,5.11
17/12/2018 20:45,Weekday,Monday,Medium_Load,4.46,20.35,100.00,21.46,0.00
17/11/2018 21:00,Weekend,Saturday,Medium_Load,4.10,23.00,100.00,17.35,0.00
22/10/2018 04:15,Weekday,Monday,Light_Load,2.88,100.00,45.16,0.00,5.69
27/04/2018 18:15,Weekday,Friday,Medium_Load,39.31,99.98,90.29,0.72,18.72
24/02/2018 04:30,Weekend,Saturday,Light_Load,5.87,100.00,79.82,0.00,4.43
31/05/2018 02:45,Weekday,Thursday,Light_Load,2.95,100.00,47.94,0.00,5.40
23/08/2018 08:45,Weekday,Thursday,Light_Load,59.47,100.00,75.52,0.00,51.62
07/01/2018 04:30,Weekend,Sunday,Light_Load,3.24,100.00,69.95,0.00,3.31
11/05/2018 23:30,Weekday,Friday,Light_Load,3.49,100.00,70.31,0.00,3.53
10/01/2018 02:30,Weekday,Wednesday,Light_Load,4.54,100.00,71.57,0.00,4.43
06/07/2018 10:00,Weekday,Friday,Medium_Load,78.12,100.00,91.53,0.00,34.38
30/01/2018 12:45,Weekday,Tuesday,Medium_Load,9.72,35.94,100.00,25.24,0.00
23/08/2018 17:00,Weekday,Thursday,Maximum_Load,53.57,100.00,85.41,0.00,32.62
30/03/2018 22:45,Weekday,Friday,Medium_Load,3.46,100.00,54.23,0.00,5.36
17/10/2018 18:15,Weekday,Wednesday,Medium_Load,32.40,100.00,89.40,0.00,16.24
07/05/2018 10:45,Weekday,Monday,Maximum_Load,96.41,100.00,93.68,0.00,36.00
29/03/2018 00:45,Weekday,Thursday,Light_Load,3.64,100.00,62.55,0.00,4.54
11/08/2018 02:00,Weekend,Saturday,Light_Load,2.92,100.00,49.61,0.00,5.11
21/11/2018 06:45,Weekday,Wednesday,Light_Load,2.84,99.37,83.52,0.32,1.87
21/10/2018 18:30,Weekend,Sunday,Light_Load,2.99,42.11,100.00,6.44,0.00
04/07/2018 20:45,Weekday,Wednesday,Medium_Load,53.21,100.00,93.45,0.04,20.27
16/11/2018 06:00,Weekday,Friday,Light_Load,3.20,100.00,54.68,0.00,4.90
06/11/2018 04:15,Weekday,Tuesday,Light_Load,3.10,100.00,50.28,0.00,5.33
15/11/2018 08:45,Weekday,Thursday,Light_Load,119.12,100.00,85.22,0.00,73.12
28/03/2018 07:30,Weekday,Wednesday,Light_Load,3.74,100.00,70.71,0.00,3.74
26/04/2018 14:15,Weekday,Thursday,Maximum_Load,44.78,100.00,94.42,0.00,15.62
25/09/2018 17:15,Weekday,Tuesday,Light_Load,2.95,19.83,100.00,14.58,0.00
13/02/2018 03:15,Weekday,Tuesday,Light_Load,5.98,100.00,70.30,0.00,6.05
26/06/2018 01:00,Weekday,Tuesday,Light_Load,2.59,100.00,59.59,0.00,3.49
03/03/2018 18:30,Weekend,Saturday,Medium_Load,4.79,44.72,100.00,9.58,0.00
28/12/2018 17:15,Weekday,Friday,Maximum_Load,9.58,42.61,100.00,20.34,0.00
13/05/2018 13:00,Weekend,Sunday,Light_Load,3.17,18.72,100.00,16.63,0.00
09/12/2018 16:45,Weekend,Sunday,Light_Load,3.31,23.23,100.00,13.86,0.00
10/12/2018 13:15,Weekday,Monday,Medium_Load,42.66,99.17,94.00,5.54,15.48
25/08/2018 23:30,Weekend,Saturday,Light_Load,3.17,100.00,64.66,0.00,3.74
20/02/2018 06:15,Weekday,Tuesday,Light_Load,4.97,100.00,66.78,0.00,5.54
02/02/2018 10:30,Weekday,Friday,Maximum_Load,76.00,100.00,94.56,0.00,26.14
30/03/2018 17:15,Weekday,Friday,Medium_Load,68.00,100.00,87.64,0.00,37.37
16/11/2018 05:00,Weekday,Friday,Light_Load,3.10,100.00,51.87,0.00,5.11
30/08/2018 02:15,Weekday,Thursday,Light_Load,2.66,100.00,48.32,0.00,4.82
04/07/2018 06:15,Weekday,Wednesday,Light_Load,2.77,100.00,58.40,0.00,3.85
15/10/2018 19:45,Weekday,Monday,Medium_Load,63.65,100.00,89.04,0.00,32.54
22/11/2018 06:00,Weekday,Thursday,Light_Load,3.10,100.00,76.74,0.00,2.59
26/05/2018 08:15,Weekend,Saturday,Light_Load,23.76,100.00,72.00,0.00,22.90
16/11/2018 15:30,Weekday,Friday,Medium_Load,105.84,100.00,91.08,0.00,47.99
03/10/2018 23:45,Weekday,Wednesday,Light_Load,3.02,100.00,45.56,0.00,5.90
23/02/2018 20:45,Weekday,Friday,Medium_Load,45.97,99.80,99.90,2.88,2.09
04/09/2018 09:45,Weekday,Tuesday,Medium_Load,55.58,100.00,85.71,0.00,33.41
03/08/2018 03:00,Weekday,Friday,Light_Load,2.84,100.00,42.49,0.00,6.05
10/11/2018 04:15,Weekend,Saturday,Light_Load,3.78,100.00,45.05,0.00,7.49
14/10/2018 11:45,Weekend,Sunday,Light_Load,2.95,28.19,100.00,10.04,0.00
06/03/2018 11:15,Weekday,Tuesday,Maximum_Load,63.58,100.00,85.77,0.00,38.12
20/06/2018 01:30,Weekday,Wednesday,Light_Load,3.64,100.00,50.45,0.00,6.23
06/12/2018 11:45,Weekday,Thursday,Maximum_Load,67.82,100.00,86.62,0.00,39.13
07/03/2018 18:00,Weekday,Wednesday,Medium_Load,84.35,99.99,98.48,0.94,14.87
07/07/2018 09:45,Weekend,Saturday,Medium_Load,55.62,100.00,92.99,0.00,22.00
31/03/2018 12:00,Weekend,Saturday,Light_Load,2.88,48.31,100.00,5.22,0.00
28/04/2018 21:45,Weekend,Saturday,Medium_Load,3.42,12.79,100.00,26.53,0.00
22/02/2018 11:45,Weekday,Thursday,Maximum_Load,84.46,100.00,85.53,0.00,51.16
04/12/2018 02:15,Weekday,Tuesday,Light_Load,3.56,100.00,68.18,0.00,3.82
06/02/2018 09:30,Weekday,Tuesday,Medium_Load,96.41,100.00,95.63,0.00,29.48
24/02/2018 08:15,Weekend,Saturday,Light_Load,35.64,100.00,85.02,0.00,22.07
03/11/2018 03:00,Weekend,Saturday,Light_Load,3.17,100.00,54.63,0.00,4.86
01/04/2018 12:00,Weekend,Sunday,Light_Load,2.88,50.98,100.00,4.86,0.00
19/01/2018 17:15,Weekday,Friday,Maximum_Load,125.75,100.00,92.00,0.00,53.57
29/09/2018 14:30,Weekend,Saturday,Maximum_Load,46.58,100.00,93.55,0.00,17.60
03/05/2018 20:15,Weekday,Thursday,Medium_Load,62.35,100.00,89.23,0.00,31.54
12/05/2018 13:15,Weekend,Saturday,Maximum_Load,17.28,76.12,100.00,14.72,0.07
03/10/2018 18:00,Weekday,Wednesday,Medium_Load,3.56,28.55,100.00,11.95,0.00
10/03/2018 02:00,Weekend,Saturday,Light_Load,3.10,100.00,76.74,0.00,2.59
04/08/2018 10:00,Weekend,Saturday,Light_Load,2.81,16.01,100.00,17.32,0.00
17/07/2018 19:30,Weekday,Tuesday,Medium_Load,55.48,100.00,95.51,0.00,17.21
12/05/2018 04:45,Weekend,Saturday,Light_Load,3.13,100.00,61.34,0.00,4.03
30/05/2018 16:15,Weekday,Wednesday,Maximum_Load,115.78,100.00,95.21,0.00,37.19
14/05/2018 20:15,Weekday,Monday,Medium_Load,67.54,100.00,87.42,0.00,37.51
06/04/2018 08:30,Weekday,Friday,Light_Load,55.66,100.00,76.98,0.00,46.15
18/02/2018 15:00,Weekend,Sunday,Light_Load,3.53,20.68,100.00,16.70,0.00
16/01/2018 18:30,Weekday,Tuesday,Maximum_Load,93.53,100.00,81.15,0.00,67.36
12/08/2018 18:45,Weekend,Sunday,Light_Load,2.88,27.30,100.00,10.15,0.00
24/07/2018 18:45,Weekday,Tuesday,Medium_Load,58.61,100.00,89.68,0.00,28.91
28/05/2018 15:30,Weekday,Monday,Maximum_Load,63.18,100.00,89.37,0.00,31.72
24/11/2018 03:15,Weekend,Saturday,Light_Load,3.64,99.99,74.70,0.04,3.24
24/10/2018 07:30,Weekday,Wednesday,Light_Load,3.78,100.00,51.21,0.00,6.34
31/07/2018 00:00,Weekday,Tuesday,Light_Load,2.84,100.00,51.00,0.00,4.79
29/12/2018 15:30,Weekend,Saturday,Light_Load,3.31,23.40,100.00,13.75,0.00
08/06/2018 18:45,Weekday,Friday,Medium_Load,52.49,100.00,91.38,0.00,23.33
24/04/2018 16:45,Weekday,Tuesday,Maximum_Load,68.04,100.00,92.49,0.00,27.97
18/01/2018 02:15,Weekday,Thursday,Light_Load,34.74,100.00,76.91,0.00,28.87
19/06/2018 20:00,Weekday,Tuesday,Medium_Load,43.31,100.00,92.58,0.00,17.68
06/05/2018 16:30,Weekend,Sunday,Light_Load,3.17,18.37,100.00,16.96,0.00
28/05/2018 17:30,Weekday,Monday,Medium_Load,42.62,99.90,98.64,1.94,7.09
19/06/2018 01:30,Weekday,Tuesday,Light_Load,2.74,100.00,52.60,0.00,4.43
12/12/2018 22:15,Weekday,Wednesday,Maximum_Load,5.04,99.57,84.42,0.47,3.20
15/09/2018 01:00,Weekend,Saturday,Light_Load,2.63,100.00,47.07,0.00,4.93
08/08/2018 12:15,Weekday,Wednesday,Medium_Load,7.24,60.45,98.43,9.54,1.30
10/03/2018 06:00,Weekend,Saturday,Light_Load,3.10,100.00,74.57,0.00,2.77
22/10/2018 03:00,Weekday,Monday,Light_Load,3.46,100.00,48.14,0.00,6.30
23/11/2018 01:30,Weekday,Friday,Light_Load,3.60,99.39,82.67,0.40,2.45
19/08/2018 07:45,Weekend,Sunday,Light_Load,2.59,100.00,49.55,0.00,4.54
23/12/2018 19:00,Weekend,Sunday,Light_Load,3.64,24.33,100.00,14.51,0.00
22/08/2018 10:00,Weekday,Wednesday,Medium_Load,61.74,100.00,87.84,0.00,33.59
05/09/2018 06:00,Weekday,Wednesday,Light_Load,2.48,100.00,42.91,0.00,5.22
14/09/2018 10:15,Weekday,Friday,Maximum_Load,41.18,100.00,88.75,0.00,21.38
07/08/2018 00:00,Weekday,Tuesday,Light_Load,2.84,100.00,48.29,0.00,5.15
28/05/2018 09:30,Weekday,Monday,Medium_Load,65.34,100.00,88.78,0.00,33.88
27/08/2018 08:45,Weekday,Monday,Light_Load,50.54,100.00,70.73,0.00,50.51
17/10/2018 21:30,Weekday,Wednesday,Medium_Load,3.92,20.92,100.00,18.32,0.00
03/07/2018 19:45,Weekday,Tuesday,Medium_Load,90.83,100.00,93.03,0.00,35.82
21/12/2018 15:00,Weekday,Friday,Medium_Load,68.04,100.00,89.22,0.00,34.45
06/03/2018 22:00,Weekday,Tuesday,Medium_Load,5.36,19.55,100.00,26.89,0.00
30/08/2018 21:00,Weekday,Thursday,Medium_Load,24.44,98.08,98.22,4.86,4.68
24/04/2018 20:45,Weekday,Tuesday,Medium_Load,63.83,100.00,98.51,0.25,11.16
14/10/2018 03:00,Weekend,Sunday,Light_Load,2.77,100.00,49.52,0.00,4.86
15/03/2018 20:45,Weekday,Thursday,Medium_Load,73.94,100.00,93.83,0.00,27.25
19/10/2018 08:00,Weekday,Friday,Light_Load,4.57,100.00,53.59,0.00,7.20
16/11/2018 21:30,Weekday,Friday,Medium_Load,4.36,24.95,100.00,16.92,0.00
14/11/2018 11:15,Weekday,Wednesday,Maximum_Load,71.93,100.00,85.63,0.00,43.38
31/08/2018 08:15,Weekday,Friday,Light_Load,26.14,100.00,71.06,0.00,25.88
29/11/2018 15:00,Weekday,Thursday,Medium_Load,57.46,100.00,90.00,0.00,27.83
30/03/2018 06:45,Weekday,Friday,Light_Load,2.92,100.00,59.35,0.00,3.96
21/11/2018 00:00,Weekday,Wednesday,Light_Load,3.71,100.00,77.14,0.00,3.06
03/05/2018 14:45,Weekday,Thursday,Maximum_Load,94.64,100.00,91.34,0.00,42.19
09/12/2018 12:00,Weekend,Sunday,Light_Load,3.89,21.08,100.00,18.04,0.00
27/02/2018 23:00,Weekday,Tuesday,Maximum_Load,6.01,100.00,69.26,0.00,6.26
18/04/2018 20:00,Weekday,Wednesday,Medium_Load,3.92,14.60,100.00,26.57,0.00
21/11/2018 17:30,Weekday,Wednesday,Maximum_Load,115.49,100.00,91.78,0.00,49.97
16/06/2018 18:45,Weekend,Saturday,Medium_Load,3.67,31.14,100.00,11.20,0.00
21/07/2018 14:00,Weekend,Saturday,Maximum_Load,31.86,100.00,91.43,0.00,14.11
06/09/2018 13:00,Weekday,Thursday,Medium_Load,6.12,33.89,100.00,16.99,0.00
20/02/2018 02:45,Weekday,Tuesday,Light_Load,5.90,100.00,74.64,0.00,5.26
31/12/2018 00:00,Weekday,Monday,Light_Load,3.67,99.98,77.22,0.07,3.02
25/05/2018 21:30,Weekday,Friday,Medium_Load,5.26,20.54,100.00,25.06,0.00
07/10/2018 16:15,Weekend,Sunday,Light_Load,2.66,21.73,100.00,11.95,0.00
05/08/2018 01:45,Weekend,Sunday,Light_Load,2.81,100.00,46.64,0.00,5.33
24/09/2018 01:30,Weekday,Monday,Light_Load,2.63,100.00,43.33,0.00,5.47
06/05/2018 23:15,Weekend,Sunday,Light_Load,3.06,100.00,61.53,0.00,3.92
19/03/2018 21:45,Weekday,Monday,Medium_Load,4.21,16.10,100.00,25.81,0.00
24/10/2018 18:45,Weekday,Wednesday,Medium_Load,3.92,22.26,100.00,17.17,0.00
03/05/2018 15:30,Weekday,Thursday,Maximum_Load,83.99,100.00,93.92,0.00,30.71
24/08/2018 19:45,Weekday,Friday,Medium_Load,56.70,100.00,88.88,0.00,29.23
13/12/2018 21:00,Weekday,Thursday,Medium_Load,20.16,84.04,99.87,13.00,1.01
21/05/2018 12:15,Weekday,Monday,Medium_Load,4.32,31.54,99.97,13.00,0.11
08/03/2018 21:45,Weekday,Thursday,Medium_Load,5.47,19.88,100.00,26.96,0.00
04/08/2018 21:00,Weekend,Saturday,Light_Load,2.95,17.36,100.00,16.74,0.00
03/03/2018 13:15,Weekend,Saturday,Maximum_Load,21.92,91.07,99.91,9.94,0.94
24/06/2018 20:30,Weekend,Sunday,Medium_Load,3.02,17.39,100.00,17.10,0.00
11/07/2018 17:30,Weekday,Wednesday,Medium_Load,39.38,99.96,99.55,1.12,3.74
02/12/2018 12:00,Weekend,Sunday,Light_Load,4.03,24.14,100.00,16.20,0.00
09/12/2018 09:15,Weekend,Sunday,Light_Load,4.03,18.89,100.00,20.95,0.00
11/05/2018 02:45,Weekday,Friday,Light_Load,3.67,100.00,69.00,0.00,3.85
04/03/2018 12:45,Weekend,Sunday,Light_Load,3.82,15.99,100.00,23.58,0.00
21/08/2018 13:30,Weekday,Tuesday,Maximum_Load,48.02,100.00,90.42,0.00,22.68
09/12/2018 17:45,Weekend,Sunday,Light_Load,3.64,20.95,100.00,16.99,0.00
15/02/2018 21:30,Weekday,Thursday,Light_Load,3.35,18.70,100.00,17.60,0.00
12/12/2018 07:45,Weekday,Wednesday,Light_Load,5.83,99.93,88.11,0.22,3.13
01/06/2018 05:30,Weekday,Friday,Light_Load,3.64,100.00,49.79,0.00,6.34
06/10/2018 16:45,Weekend,Saturday,Maximum_Load,103.03,100.00,93.21,0.00,40.03
01/10/2018 02:45,Weekday,Monday,Light_Load,2.63,100.00,46.26,0.00,5.04
22/10/2018 23:30,Weekday,Monday,Light_Load,4.32,100.00,51.66,0.00,7.16
21/09/2018 23:30,Weekday,Friday,Light_Load,3.20,100.00,49.28,0.00,5.65
26/04/2018 19:45,Weekday,Thursday,Medium_Load,89.06,100.00,89.74,0.00,43.78
11/12/2018 01:00,Weekday,Tuesday,Light_Load,4.21,99.99,76.63,0.07,3.53
14/10/2018 08:15,Weekend,Sunday,Light_Load,2.70,100.00,48.87,0.00,4.82
29/01/2018 14:15,Weekday,Monday,Medium_Load,124.52,100.00,93.53,0.00,47.12
03/06/2018 22:30,Weekend,Sunday,Light_Load,2.92,100.00,47.29,0.00,5.44
09/06/2018 03:30,Weekend,Saturday,Light_Load,3.38,100.00,51.07,0.00,5.69
14/10/2018 00:30,Weekend,Sunday,Light_Load,2.74,100.00,51.67,0.00,4.54
15/08/2018 00:00,Weekday,Wednesday,Light_Load,2.81,100.00,42.76,0.00,5.94
19/01/2018 09:00,Weekday,Friday,Light_Load,71.64,100.00,91.31,0.00,32.00
20/08/2018 12:45,Weekday,Monday,Medium_Load,5.47,27.03,100.00,19.48,0.00
18/07/2018 00:30,Weekday,Wednesday,Light_Load,2.74,45.25,100.00,5.40,0.00
17/12/2018 10:00,Weekday,Monday,Medium_Load,50.08,100.00,95.64,0.00,15.30
10/02/2018 22:30,Weekend,Saturday,Light_Load,3.71,100.00,74.62,0.00,3.31
13/09/2018 16:15,Weekday,Thursday,Maximum_Load,122.87,100.00,88.96,0.00,63.07
27/03/2018 08:30,Weekday,Tuesday,Light_Load,42.12,100.00,74.55,0.00,37.66
10/06/2018 12:30,Weekend,Sunday,Light_Load,3.71,22.18,100.00,16.31,0.00
24/11/2018 11:30,Weekend,Saturday,Light_Load,3.24,22.83,100.00,13.82,0.00
17/11/2018 14:45,Weekend,Saturday,Medium_Load,100.01,100.00,90.12,0.00,48.10
16/06/2018 06:00,Weekend,Saturday,Light_Load,2.92,100.00,44.97,0.00,5.80
03/09/2018 17:30,Weekday,Monday,Medium_Load,88.74,100.00,93.21,0.00,34.49
08/10/2018 10:15,Weekday,Monday,Maximum_Load,72.54,100.00,83.71,0.00,47.41
07/09/2018 18:00,Weekday,Friday,Medium_Load,29.02,99.94,97.87,0.97,6.08
10/04/2018 01:00,Weekday,Tuesday,Light_Load,3.56,100.00,63.95,0.00,4.28
11/08/2018 13:45,Weekend,Saturday,Maximum_Load,95.65,100.00,94.51,0.00,33.08
22/09/2018 10:30,Weekend,Saturday,Light_Load,3.24,30.30,100.00,10.19,0.00
14/05/2018 22:45,Weekday,Monday,Medium_Load,3.56,100.00,65.56,0.00,4.10
30/05/2018 13:00,Weekday,Wednesday,Medium_Load,4.86,18.99,100.00,25.13,0.00
24/03/2018 05:30,Weekend,Saturday,Light_Load,3.13,100.00,62.40,0.00,3.92
19/06/2018 13:45,Weekday,Tuesday,Maximum_Load,43.81,100.00,93.74,0.00,16.27
21/09/2018 00:30,Weekday,Friday,Light_Load,2.92,100.00,50.13,0.00,5.04
27/11/2018 04:00,Weekday,Tuesday,Light_Load,3.74,100.00,80.36,0.00,2.77
09/06/2018 00:15,Weekend,Saturday,Light_Load,3.46,100.00,59.45,0.00,4.68
24/04/2018 01:45,Weekday,Tuesday,Light_Load,3.20,100.00,57.36,0.00,4.57
27/08/2018 12:45,Weekday,Monday,Medium_Load,25.27,98.52,100.00,4.39,0.04
10/03/2018 08:45,Weekend,Saturday,Light_Load,7.67,99.89,78.71,0.36,6.01
23/10/2018 11:15,Weekday,Tuesday,Maximum_Load,54.00,100.00,85.22,0.00,33.16
10/04/2018 05:30,Weekday,Tuesday,Light_Load,2.88,100.00,72.95,0.00,2.70
19/02/2018 20:00,Weekday,Monday,Maximum_Load,100.98,100.00,94.82,0.00,33.84
02/09/2018 15:15,Weekend,Sunday,Maximum_Load,44.82,100.00,87.50,0.00,24.80
06/12/2018 16:15,Weekday,Thursday,Medium_Load,62.28,100.00,91.96,0.00,26.60
30/09/2018 23:00,Weekend,Sunday,Light_Load,2.59,100.00,47.56,0.00,4.79
09/04/2018 17:30,Weekday,Monday,Medium_Load,69.30,100.00,89.77,0.58,34.02
08/05/2018 10:30,Weekday,Tuesday,Maximum_Load,102.82,100.00,92.14,0.00,43.38
22/11/2018 08:00,Weekday,Thursday,Light_Load,6.30,99.99,93.40,0.07,2.41
01/12/2018 12:30,Weekend,Saturday,Medium_Load,3.71,26.17,100.00,13.68,0.00
14/09/2018 16:30,Weekday,Friday,Maximum_Load,111.78,100.00,89.36,0.00,56.16
28/04/2018 03:00,Weekend,Saturday,Light_Load,3.24,100.00,73.49,0.00,2.99
23/09/2018 06:00,Weekend,Sunday,Light_Load,2.56,100.00,45.29,0.00,5.04
11/05/2018 12:00,Weekday,Friday,Maximum_Load,54.79,100.00,80.57,0.00,40.28
10/02/2018 19:15,Weekend,Saturday,Light_Load,4.79,17.63,100.00,26.75,0.00
01/11/2018 07:00,Weekday,Thursday,Light_Load,3.17,100.00,63.86,0.00,3.82
02/08/2018 18:30,Weekday,Thursday,Light_Load,2.88,56.10,100.00,4.25,0.00
12/01/2018 21:00,Weekday,Friday,Medium_Load,36.90,98.56,99.99,6.34,0.61
24/10/2018 11:30,Weekday,Wednesday,Maximum_Load,59.36,100.00,82.95,0.00,39.96
30/09/2018 14:15,Weekend,Sunday,Light_Load,2.74,22.60,100.00,11.81,0.00
04/08/2018 22:00,Weekend,Saturday,Light_Load,3.53,22.08,100.00,15.59,0.00
15/10/2018 19:00,Weekday,Monday,Medium_Load,98.93,100.00,92.13,0.00,41.76
18/08/2018 02:45,Weekend,Saturday,Light_Load,2.70,100.00,51.79,0.00,4.46
27/03/2018 19:30,Weekday,Tuesday,Medium_Load,37.26,100.00,99.54,0.18,3.60
14/06/2018 02:00,Weekday,Thursday,Light_Load,2.84,100.00,55.92,0.00,4.21
23/02/2018 13:00,Weekday,Friday,Medium_Load,7.96,29.62,100.00,25.67,0.04
12/10/2018 22:30,Weekday,Friday,Medium_Load,3.56,100.00,49.61,0.00,6.23
09/12/2018 05:30,Weekend,Sunday,Light_Load,3.74,99.93,76.69,0.14,3.13
30/05/2018 08:00,Weekday,Wednesday,Light_Load,5.51,100.00,63.52,0.00,6.70
29/11/2018 13:00,Weekday,Thursday,Medium_Load,6.34,28.65,100.00,21.20,0.00
07/11/2018 05:15,Weekday,Wednesday,Light_Load,3.06,100.00,52.43,0.00,4.97
28/02/2018 00:45,Weekday,Wednesday,Light_Load,6.05,100.00,70.54,0.00,6.08
09/11/2018 10:30,Weekday,Friday,Maximum_Load,56.81,100.00,91.49,0.00,25.06
16/09/2018 17:00,Weekend,Sunday,Light_Load,2.84,23.72,100.00,11.63,0.00
10/05/2018 19:45,Weekday,Thursday,Medium_Load,62.82,100.00,91.68,0.00,27.36
26/03/2018 22:00,Weekday,Monday,Medium_Load,4.25,16.22,100.00,25.85,0.00
13/05/2018 21:45,Weekend,Sunday,Light_Load,3.17,18.41,100.00,16.92,0.00
03/08/2018 20:15,Weekday,Friday,Light_Load,2.99,17.81,100.00,16.52,0.00
06/07/2018 04:30,Weekday,Friday,Light_Load,3.60,100.00,56.26,0.00,5.29
03/10/2018 12:15,Weekday,Wednesday,Medium_Load,5.58,32.32,100.00,16.34,0.00
20/08/2018 09:15,Weekday,Monday,Medium_Load,96.55,100.00,89.60,0.00,47.84
04/12/2018 15:15,Weekday,Tuesday,Medium_Load,64.62,100.00,84.97,0.00,40.10
06/01/2018 09:15,Weekend,Saturday,Light_Load,4.54,16.89,100.00,26.50,0.00
21/05/2018 15:30,Weekday,Monday,Maximum_Load,69.70,100.00,85.78,0.00,41.76
09/09/2018 04:15,Weekend,Sunday,Light_Load,2.84,100.00,43.98,0.00,5.80
27/05/2018 16:30,Weekend,Sunday,Light_Load,2.92,17.18,100.00,16.74,0.00
20/07/2018 19:45,Weekday,Friday,Medium_Load,82.08,100.00,94.98,0.00,27.04
18/07/2018 05:00,Weekday,Wednesday,Light_Load,2.77,100.00,53.02,0.00,4.43
25/06/2018 14:45,Weekday,Monday,Maximum_Load,92.99,100.00,91.89,0.00,39.92
13/03/2018 17:30,Weekday,Tuesday,Medium_Load,82.22,100.00,93.89,0.00,30.13
10/10/2018 06:15,Weekday,Wednesday,Light_Load,2.74,100.00,50.52,0.00,4.68
24/04/2018 17:30,Weekday,Tuesday,Medium_Load,69.84,100.00,93.13,0.04,27.32
10/01/2018 00:00,Weekday,Wednesday,Light_Load,4.57,100.00,69.86,0.00,4.68
25/09/2018 06:15,Weekday,Tuesday,Light_Load,2.56,100.00,42.39,0.00,5.47
27/11/2018 18:00,Weekday,Tuesday,Maximum_Load,31.93,99.86,99.33,1.69,3.71
13/03/2018 21:00,Weekday,Tuesday,Medium_Load,19.66,81.81,99.98,13.82,0.40
28/05/2018 12:00,Weekday,Monday,Maximum_Load,54.61,100.00,84.63,0.50,34.38
30/05/2018 09:00,Weekday,Wednesday,Light_Load,56.20,100.00,85.06,0.00,34.74
15/12/2018 02:30,Weekend,Saturday,Light_Load,4.21,100.00,71.90,0.00,4.07
09/04/2018 08:30,Weekday,Monday,Light_Load,57.17,100.00,78.14,0.00,45.65
23/07/2018 08:30,Weekday,Monday,Light_Load,48.96,100.00,69.07,0.00,51.26
22/08/2018 11:30,Weekday,Wednesday,Maximum_Load,59.11,100.00,84.06,0.00,38.09
21/12/2018 07:30,Weekday,Friday,Light_Load,3.17,99.76,83.12,0.22,2.12
01/03/2018 20:45,Weekday,Thursday,Medium_Load,4.21,15.05,100.00,27.65,0.00
19/06/2018 22:30,Weekday,Tuesday,Medium_Load,3.71,100.00,57.42,0.00,5.29
11/11/2018 00:45,Weekend,Sunday,Light_Load,2.77,100.00,57.32,0.00,3.96
19/05/2018 17:15,Weekend,Saturday,Medium_Load,4.50,16.72,100.00,26.53,0.00
30/05/2018 19:30,Weekday,Wednesday,Medium_Load,58.36,100.00,93.38,0.00,22.36
15/04/2018 02:15,Weekend,Sunday,Light_Load,3.42,100.00,65.36,0.00,3.96
21/04/2018 12:15,Weekend,Saturday,Medium_Load,4.00,27.93,100.00,13.75,0.00
03/06/2018 19:30,Weekend,Sunday,Light_Load,2.95,17.14,100.00,16.96,0.00
23/09/2018 18:45,Weekend,Sunday,Light_Load,2.81,24.34,100.00,11.20,0.00
11/04/2018 01:45,Weekday,Wednesday,Light_Load,3.82,100.00,60.40,0.00,5.04
31/05/2018 14:45,Weekday,Thursday,Maximum_Load,42.66,100.00,97.00,0.00,10.69
16/08/2018 09:30,Weekday,Thursday,Medium_Load,98.53,100.00,90.54,0.00,46.19
26/05/2018 09:45,Weekend,Saturday,Medium_Load,37.30,99.99,99.87,0.47,1.87
02/04/2018 09:00,Weekday,Monday,Light_Load,68.62,100.00,86.42,0.00,39.96
10/04/2018 14:00,Weekday,Tuesday,Maximum_Load,62.96,100.00,89.45,0.00,31.46
17/07/2018 02:15,Weekday,Tuesday,Light_Load,2.99,64.31,100.00,3.56,0.00
12/06/2018 06:00,Weekday,Tuesday,Light_Load,3.10,100.00,47.14,0.00,5.80
06/12/2018 08:00,Weekday,Thursday,Light_Load,6.44,100.00,89.72,0.00,3.17
19/05/2018 11:00,Weekend,Saturday,Maximum_Load,56.99,100.00,91.03,0.00,25.92
21/05/2018 23:00,Weekday,Monday,Medium_Load,3.60,100.00,66.90,0.00,4.00
23/08/2018 08:30,Weekday,Thursday,Light_Load,66.06,100.00,74.38,0.00,59.36
24/12/2018 19:15,Weekday,Monday,Maximum_Load,4.14,18.86,100.00,21.56,0.00
25/11/2018 14:15,Weekend,Sunday,Light_Load,3.10,20.14,100.00,15.08,0.00
28/07/2018 20:15,Weekend,Saturday,Medium_Load,2.88,16.74,100.00,16.96,0.00
12/02/2018 04:00,Weekday,Monday,Light_Load,4.07,100.00,72.65,0.00,3.85
28/04/2018 15:30,Weekend,Saturday,Maximum_Load,31.86,97.93,100.00,6.59,0.00
09/06/2018 03:45,Weekend,Saturday,Light_Load,3.20,100.00,49.02,0.00,5.69
26/11/2018 15:45,Weekday,Monday,Medium_Load,70.96,100.00,91.77,0.00,30.71
15/12/2018 12:15,Weekend,Saturday,Light_Load,3.42,22.84,100.00,14.58,0.00
01/10/2018 23:30,Weekday,Monday,Light_Load,3.17,100.00,45.99,0.00,6.12
09/03/2018 15:15,Weekday,Friday,Maximum_Load,45.58,100.00,99.54,0.04,4.39
15/03/2018 04:15,Weekday,Thursday,Light_Load,4.03,100.00,53.89,0.00,6.30
27/03/2018 20:30,Weekday,Tuesday,Medium_Load,34.81,99.85,99.51,1.91,3.46
20/09/2018 12:45,Weekday,Thursday,Medium_Load,3.67,31.99,100.00,10.87,0.00
21/11/2018 18:15,Weekday,Wednesday,Maximum_Load,74.27,100.00,91.00,0.00,33.84
16/06/2018 00:45,Weekend,Saturday,Light_Load,4.03,100.00,54.75,0.00,6.16
10/04/2018 08:45,Weekday,Tuesday,Light_Load,110.74,100.00,81.14,0.00,79.78
28/09/2018 18:45,Weekday,Friday,Medium_Load,38.12,100.00,91.46,0.00,16.85
07/07/2018 05:00,Weekend,Saturday,Light_Load,3.13,100.00,46.86,0.00,5.90
15/01/2018 18:45,Weekday,Monday,Maximum_Load,72.83,100.00,89.13,0.00,37.04
22/11/2018 17:45,Weekday,Thursday,Maximum_Load,32.94,99.45,100.00,3.46,0.07
08/10/2018 14:15,Weekday,Monday,Maximum_Load,109.33,100.00,87.09,0.00,61.70
14/11/2018 23:45,Weekday,Wednesday,Light_Load,4.72,100.00,64.58,0.00,5.58
16/06/2018 12:15,Weekend,Saturday,Medium_Load,3.56,32.27,100.00,10.44,0.00
28/02/2018 02:15,Weekday,Wednesday,Light_Load,4.10,100.00,69.77,0.00,4.21
17/02/2018 23:30,Weekend,Saturday,Light_Load,3.06,100.00,70.25,0.00,3.10
20/04/2018 17:30,Weekday,Friday,Medium_Load,124.70,100.00,92.70,0.00,50.47
09/10/2018 16:15,Weekday,Tuesday,Maximum_Load,93.06,100.00,90.18,0.00,44.60
29/01/2018 20:00,Weekday,Monday,Maximum_Load,74.34,100.00,92.49,0.00,30.56
01/07/2018 18:00,Weekend,Sunday,Light_Load,3.06,17.58,100.00,17.14,0.00
09/11/2018 23:30,Weekday,Friday,Light_Load,4.82,100.00,58.00,0.00,6.77
28/01/2018 11:45,Weekend,Sunday,Maximum_Load,28.22,100.00,95.03,0.00,9.25
23/02/2018 20:15,Weekday,Friday,Medium_Load,50.58,100.00,98.67,0.07,8.32
18/06/2018 18:30,Weekday,Monday,Medium_Load,43.34,100.00,79.20,0.00,33.41
16/04/2018 12:00,Weekday,Monday,Maximum_Load,59.40,100.00,79.90,0.00,44.71
09/03/2018 11:45,Weekday,Friday,Maximum_Load,49.64,100.00,87.34,0.00,27.68
11/07/2018 01:15,Weekday,Wednesday,Light_Load,3.35,100.00,61.64,0.00,4.28
26/12/2018 09:00,Weekday,Wednesday,Light_Load,51.08,100.00,97.01,0.00,12.78
25/03/2018 04:15,Weekend,Sunday,Light_Load,3.24,100.00,65.48,0.00,3.74
26/11/2018 16:15,Weekday,Monday,Medium_Load,64.22,100.00,92.66,0.00,26.06
14/06/2018 14:30,Weekday,Thursday,Maximum_Load,74.45,100.00,96.37,0.00,20.63
27/08/2018 11:15,Weekday,Monday,Maximum_Load,54.94,100.00,83.59,0.00,36.07
15/04/2018 07:15,Weekend,Sunday,Light_Load,3.10,100.00,62.03,0.00,3.92
10/10/2018 04:00,Weekday,Wednesday,Light_Load,2.88,100.00,50.44,0.00,4.93
04/04/2018 01:45,Weekday,Wednesday,Light_Load,3.60,100.00,61.55,0.00,4.61
14/09/2018 03:45,Weekday,Friday,Light_Load,3.35,100.00,59.71,0.00,4.50
27/10/2018 04:30,Weekend,Saturday,Light_Load,3.13,100.00,45.53,0.00,6.12
20/07/2018 23:30,Weekday,Friday,Light_Load,3.10,58.66,100.00,4.28,0.00
19/01/2018 08:30,Weekday,Friday,Light_Load,66.92,100.00,80.13,0.00,49.97
02/08/2018 23:15,Weekday,Thursday,Light_Load,2.84,100.00,45.10,0.00,5.62
02/01/2018 08:45,Weekday,Tuesday,Light_Load,52.06,100.00,82.75,0.00,35.32
13/08/2018 13:00,Weekday,Monday,Medium_Load,4.97,33.52,100.00,13.97,0.00
29/10/2018 23:30,Weekday,Monday,Light_Load,3.64,100.00,50.03,0.00,6.30
27/02/2018 07:30,Weekday,Tuesday,Light_Load,4.32,100.00,78.40,0.00,3.42
14/08/2018 17:15,Weekday,Tuesday,Medium_Load,105.48,100.00,94.02,0.00,38.23
15/05/2018 07:00,Weekday,Tuesday,Light_Load,2.92,100.00,53.51,0.00,4.61
28/05/2018 22:45,Weekday,Monday,Medium_Load,3.64,100.00,58.86,0.00,5.00
29/04/2018 09:30,Weekend,Sunday,Light_Load,3.13,18.38,100.00,16.74,0.00
07/07/2018 21:15,Weekend,Saturday,Medium_Load,3.10,17.95,100.00,16.99,0.00
08/01/2018 02:45,Weekday,Monday,Light_Load,3.38,100.00,58.55,0.00,4.68
04/02/2018 02:15,Weekend,Sunday,Light_Load,6.01,100.00,61.68,0.00,7.67
07/06/2018 17:15,Weekday,Thursday,Medium_Load,45.65,100.00,92.65,0.00,18.54
10/11/2018 09:15,Weekend,Saturday,Medium_Load,45.14,100.00,96.44,0.00,12.38
22/11/2018 07:00,Weekday,Thursday,Light_Load,3.10,100.00,73.26,0.00,2.88
05/07/2018 04:00,Weekday,Thursday,Light_Load,3.06,100.00,51.90,0.00,5.04
24/03/2018 11:00,Weekend,Saturday,Maximum_Load,32.54,99.19,100.00,4.18,0.29
21/03/2018 16:45,Weekday,Wednesday,Maximum_Load,80.53,100.00,89.77,0.00,39.53
29/06/2018 18:00,Weekday,Friday,Medium_Load,25.56,93.82,100.00,9.43,0.00
22/06/2018 09:00,Weekday,Friday,Light_Load,55.01,100.00,82.47,0.00,37.73
05/04/2018 04:45,Weekday,Thursday,Light_Load,3.06,100.00,63.63,0.00,3.71
29/07/2018 00:45,Weekend,Sunday,Light_Load,2.63,100.00,53.62,0.00,4.14
02/12/2018 13:15,Weekend,Sunday,Light_Load,3.78,23.56,100.00,15.59,0.00
06/07/2018 05:30,Weekday,Friday,Light_Load,3.24,100.00,47.21,0.00,6.05
13/05/2018 09:30,Weekend,Sunday,Light_Load,3.20,18.54,100.00,16.96,0.00
20/07/2018 03:00,Weekday,Friday,Light_Load,2.84,54.32,100.00,4.39,0.00
21/01/2018 22:15,Weekend,Sunday,Light_Load,4.68,28.63,96.77,15.66,1.22
10/05/2018 09:30,Weekday,Thursday,Medium_Load,57.20,100.00,90.67,0.00,26.60
01/05/2018 08:00,Weekday,Tuesday,Light_Load,2.84,100.00,54.32,0.00,4.39
11/01/2018 05:15,Weekday,Thursday,Light_Load,4.57,100.00,71.25,0.00,4.50
23/10/2018 18:30,Weekday,Tuesday,Medium_Load,125.28,100.00,84.14,0.00,80.46
09/02/2018 18:45,Weekday,Friday,Maximum_Load,71.10,99.99,96.96,0.94,17.93
04/05/2018 05:00,Weekday,Friday,Light_Load,3.06,100.00,64.76,0.00,3.60
30/10/2018 08:30,Weekday,Tuesday,Light_Load,66.46,100.00,75.79,0.00,57.20
24/08/2018 18:15,Weekday,Friday,Medium_Load,38.09,99.99,87.45,0.50,21.13
10/03/2018 21:15,Weekend,Saturday,Medium_Load,4.18,15.36,100.00,26.89,0.00
01/11/2018 23:15,Weekday,Thursday,Light_Load,3.60,100.00,46.20,0.00,6.91
22/05/2018 23:45,Weekday,Tuesday,Light_Load,3.06,100.00,52.74,0.00,4.93
17/06/2018 20:45,Weekend,Sunday,Light_Load,2.95,16.79,100.00,17.32,0.00
03/02/2018 18:45,Weekend,Saturday,Maximum_Load,41.98,100.00,99.36,0.29,4.79
28/07/2018 00:00,Weekend,Saturday,Light_Load,2.66,100.00,55.76,0.00,3.96
28/07/2018 08:30,Weekend,Saturday,Light_Load,42.44,100.00,73.74,0.00,38.88
23/08/2018 09:45,Weekday,Thursday,Medium_Load,52.67,100.00,86.21,0.00,30.96
26/03/2018 21:00,Weekday,Monday,Medium_Load,35.17,99.03,99.70,4.93,2.74
30/03/2018 04:45,Weekday,Friday,Light_Load,2.99,100.00,61.34,0.00,3.85
10/05/2018 09:45,Weekday,Thursday,Medium_Load,76.97,100.00,88.94,0.00,39.56
22/10/2018 09:30,Weekday,Monday,Medium_Load,48.38,100.00,90.85,0.00,22.25
13/11/2018 14:15,Weekday,Tuesday,Medium_Load,66.38,100.00,91.26,0.00,29.74
17/06/2018 05:45,Weekend,Sunday,Light_Load,2.77,100.00,54.33,0.00,4.28
09/03/2018 22:45,Weekday,Friday,Medium_Load,3.82,100.00,66.59,0.00,4.28
08/11/2018 00:30,Weekday,Thursday,Light_Load,3.64,100.00,49.61,0.00,6.37
27/05/2018 23:15,Weekend,Sunday,Light_Load,3.31,100.00,55.43,0.00,4.97
22/02/2018 19:45,Weekday,Thursday,Maximum_Load,99.47,100.00,92.77,0.00,40.03
07/12/2018 21:00,Weekday,Friday,Medium_Load,19.69,85.89,100.00,11.74,0.00
16/06/2018 03:00,Weekend,Saturday,Light_Load,2.92,100.00,50.43,0.00,5.00
18/02/2018 08:30,Weekend,Sunday,Light_Load,3.20,100.00,59.52,0.00,4.32
02/08/2018 16:15,Weekday,Thursday,Light_Load,2.92,17.32,100.00,16.60,0.00
03/10/2018 21:45,Weekday,Wednesday,Medium_Load,2.88,24.47,100.00,11.41,0.00
15/06/2018 06:30,Weekday,Friday,Light_Load,2.95,100.00,45.34,0.00,5.80
16/02/2018 13:15,Weekday,Friday,Light_Load,3.42,19.89,100.00,16.85,0.00
20/11/2018 11:15,Weekday,Tuesday,Maximum_Load,52.20,100.00,94.46,0.00,18.14
04/12/2018 14:00,Weekday,Tuesday,Medium_Load,56.12,100.00,86.77,0.00,32.15
09/02/2018 19:15,Weekday,Friday,Maximum_Load,39.42,99.90,99.99,1.80,0.68
24/05/2018 02:00,Weekday,Thursday,Light_Load,3.38,100.00,58.22,0.00,4.72
07/08/2018 21:30,Weekday,Tuesday,Medium_Load,15.52,79.23,100.00,11.95,0.00
09/02/2018 21:30,Weekday,Friday,Medium_Load,103.39,100.00,97.06,0.00,25.63
15/01/2018 13:30,Weekday,Monday,Medium_Load,146.27,100.00,88.54,0.00,76.79
28/07/2018 03:30,Weekend,Saturday,Light_Load,4.00,100.00,56.77,0.00,5.80
22/08/2018 07:00,Weekday,Wednesday,Light_Load,2.52,100.00,51.36,0.00,4.21
28/12/2018 13:30,Weekday,Friday,Medium_Load,56.12,100.00,96.60,0.04,15.01
13/09/2018 17:00,Weekday,Thursday,Maximum_Load,58.68,100.00,85.61,0.00,35.42
30/09/2018 00:15,Weekend,Sunday,Light_Load,3.02,100.00,48.54,0.00,5.44
21/04/2018 09:45,Weekend,Saturday,Medium_Load,36.43,99.99,99.63,0.47,3.13
24/10/2018 18:00,Weekday,Wednesday,Medium_Load,33.52,100.00,94.63,0.25,11.45
03/01/2018 18:45,Weekday,Wednesday,Maximum_Load,37.08,99.86,99.37,1.94,4.18
20/03/2018 23:30,Weekday,Tuesday,Light_Load,3.92,100.00,68.41,0.00,4.18
12/09/2018 15:15,Weekday,Wednesday,Maximum_Load,77.44,100.00,86.34,0.00,45.25
28/07/2018 01:30,Weekend,Saturday,Light_Load,3.38,100.00,50.87,0.00,5.72
12/12/2018 14:15,Weekday,Wednesday,Medium_Load,86.51,100.00,85.57,0.00,52.31
26/05/2018 11:00,Weekend,Saturday,Maximum_Load,35.60,99.94,99.27,1.26,4.32
17/11/2018 04:00,Weekend,Saturday,Light_Load,3.85,100.00,50.44,0.00,6.59
12/01/2018 19:00,Weekday,Friday,Maximum_Load,111.28,100.00,92.83,0.00,44.57
21/06/2018 23:45,Weekday,Thursday,Light_Load,4.14,100.00,56.28,0.00,6.08
28/10/2018 18:45,Weekend,Sunday,Light_Load,4.82,27.13,100.00,17.10,0.00
11/12/2018 21:15,Weekday,Tuesday,Medium_Load,6.77,31.78,100.00,20.20,0.00
23/06/2018 21:45,Weekend,Saturday,Medium_Load,2.84,16.28,100.00,17.21,0.00
22/09/2018 22:45,Weekend,Saturday,Light_Load,2.77,100.00,39.10,0.00,6.52
18/03/2018 07:30,Weekend,Sunday,Light_Load,3.10,100.00,68.69,0.00,3.28
28/10/2018 00:45,Weekend,Sunday,Light_Load,3.38,100.00,46.25,0.00,6.48
08/09/2018 15:30,Weekend,Saturday,Maximum_Load,34.70,100.00,97.49,0.00,7.92
28/05/2018 09:15,Weekday,Monday,Medium_Load,78.59,100.00,85.66,0.00,47.34
15/03/2018 05:30,Weekday,Thursday,Light_Load,3.46,100.00,53.46,0.00,5.47
27/01/2018 19:00,Weekend,Saturday,Maximum_Load,6.37,23.62,100.00,26.21,0.00
09/01/2018 05:45,Weekday,Tuesday,Light_Load,4.75,100.00,77.37,0.00,3.89
20/04/2018 15:30,Weekday,Friday,Maximum_Load,106.67,100.00,92.52,0.00,43.74
19/06/2018 06:45,Weekday,Tuesday,Light_Load,2.84,100.00,47.79,0.00,5.22
28/01/2018 23:00,Weekend,Sunday,Maximum_Load,4.00,100.00,80.10,0.00,2.99
11/02/2018 00:45,Weekend,Sunday,Light_Load,4.57,100.00,71.57,0.00,4.46
07/11/2018 13:15,Weekday,Wednesday,Medium_Load,30.64,98.85,96.19,4.68,8.71
16/09/2018 08:30,Weekend,Sunday,Light_Load,2.63,100.00,48.44,0.00,4.75
23/09/2018 09:00,Weekend,Sunday,Light_Load,2.81,23.62,100.00,11.56,0.00
31/07/2018 05:45,Weekday,Tuesday,Light_Load,3.28,100.00,62.47,0.00,4.10
01/10/2018 23:15,Weekday,Monday,Light_Load,3.28,100.00,45.55,0.00,6.41
19/08/2018 12:00,Weekend,Sunday,Light_Load,3.78,69.69,99.93,3.89,0.14
16/01/2018 00:45,Weekday,Tuesday,Light_Load,4.64,100.00,61.11,0.00,6.01
04/04/2018 10:30,Weekday,Wednesday,Maximum_Load,60.73,100.00,91.15,0.00,27.40
13/04/2018 13:15,Weekday,Friday,Maximum_Load,46.87,99.59,95.04,4.28,15.34
25/03/2018 05:30,Weekend,Sunday,Light_Load,3.06,100.00,68.66,0.00,3.24
12/05/2018 08:00,Weekend,Saturday,Light_Load,3.17,100.00,64.26,0.00,3.78
20/06/2018 23:45,Weekday,Wednesday,Light_Load,3.38,100.00,64.26,0.00,4.03
20/03/2018 23:00,Weekday,Tuesday,Medium_Load,3.92,100.00,63.10,0.00,4.82
27/03/2018 20:15,Weekday,Tuesday,Medium_Load,45.04,100.00,97.04,0.14,11.20
20/06/2018 21:00,Weekday,Wednesday,Medium_Load,7.60,32.18,100.00,22.36,0.00
09/09/2018 05:00,Weekend,Sunday,Light_Load,2.92,100.00,44.78,0.00,5.83
06/06/2018 23:00,Weekday,Wednesday,Medium_Load,2.99,100.00,46.33,0.00,5.72
09/05/2018 13:15,Weekday,Wednesday,Maximum_Load,45.43,98.73,89.78,7.31,22.28
02/02/2018 07:45,Weekday,Friday,Light_Load,7.81,100.00,84.37,0.00,4.97
14/09/2018 22:15,Weekday,Friday,Medium_Load,3.28,99.99,48.78,0.04,5.87
14/02/2018 15:00,Weekday,Wednesday,Light_Load,3.92,15.86,100.00,24.41,0.00
05/12/2018 07:15,Weekday,Wednesday,Light_Load,3.49,100.00,75.62,0.00,3.02
14/01/2018 22:30,Weekend,Sunday,Maximum_Load,4.61,100.00,73.84,0.00,4.21
01/08/2018 04:15,Weekday,Wednesday,Light_Load,3.24,100.00,60.00,0.00,4.32
20/10/2018 16:45,Weekend,Saturday,Maximum_Load,103.82,100.00,91.59,0.00,45.50
15/12/2018 00:15,Weekend,Saturday,Light_Load,4.14,99.99,76.73,0.07,3.46
20/08/2018 18:15,Weekday,Monday,Medium_Load,35.50,99.98,88.16,0.65,19.01
26/03/2018 22:30,Weekday,Monday,Medium_Load,4.93,100.00,63.17,0.00,6.05
07/04/2018 22:00,Weekend,Saturday,Medium_Load,3.31,18.74,100.00,17.35,0.00
14/03/2018 19:15,Weekday,Wednesday,Medium_Load,4.46,17.80,100.00,24.66,0.00
04/05/2018 22:15,Weekday,Friday,Medium_Load,3.71,24.66,93.22,14.58,1.44
30/06/2018 02:30,Weekend,Saturday,Light_Load,2.92,100.00,50.66,0.00,4.97
08/12/2018 03:45,Weekend,Saturday,Light_Load,3.38,100.00,76.12,0.00,2.88
18/10/2018 16:30,Weekday,Thursday,Maximum_Load,68.08,100.00,83.59,0.00,44.71
11/07/2018 04:30,Weekday,Wednesday,Light_Load,3.24,100.00,65.78,0.00,3.71
24/11/2018 13:00,Weekend,Saturday,Light_Load,3.46,22.00,100.00,15.34,0.00
09/10/2018 21:30,Weekday,Tuesday,Medium_Load,3.64,19.75,100.00,18.07,0.00
11/04/2018 21:30,Weekday,Wednesday,Medium_Load,5.22,19.18,100.00,26.71,0.00
27/12/2018 00:45,Weekday,Thursday,Light_Load,3.71,99.98,77.55,0.07,3.02
29/04/2018 01:30,Weekend,Sunday,Light_Load,2.66,100.00,61.84,0.00,3.38
18/06/2018 16:15,Weekday,Monday,Maximum_Load,71.68,100.00,94.94,0.00,23.72
31/03/2018 05:15,Weekend,Saturday,Light_Load,2.88,100.00,58.82,0.00,3.96
28/04/2018 08:00,Weekend,Saturday,Light_Load,3.13,100.00,65.61,0.00,3.60
18/09/2018 22:30,Weekday,Tuesday,Medium_Load,3.38,100.00,44.88,0.00,6.73
23/05/2018 10:45,Weekday,Wednesday,Maximum_Load,114.59,100.00,89.35,0.00,57.60
10/06/2018 16:45,Weekend,Sunday,Light_Load,3.71,20.04,100.00,18.14,0.00
13/06/2018 09:15,Weekday,Wednesday,Medium_Load,86.76,100.00,92.72,0.00,35.06
12/02/2018 12:45,Weekday,Monday,Medium_Load,9.61,34.63,100.00,26.03,0.00
27/03/2018 07:30,Weekday,Tuesday,Light_Load,3.67,100.00,65.98,0.00,4.18
10/01/2018 06:45,Weekday,Wednesday,Light_Load,4.43,100.00,68.20,0.00,4.75
10/11/2018 00:00,Weekend,Saturday,Light_Load,2.70,100.00,60.00,0.00,3.60
01/08/2018 16:45,Weekday,Wednesday,Light_Load,2.84,13.86,100.00,20.30,0.00
26/11/2018 12:00,Weekday,Monday,Maximum_Load,61.34,99.98,89.86,1.37,29.95
12/07/2018 09:15,Weekday,Thursday,Medium_Load,67.61,100.00,87.15,0.00,38.05
29/05/2018 17:00,Weekday,Tuesday,Maximum_Load,54.18,100.00,93.99,0.00,19.69
10/06/2018 21:15,Weekend,Sunday,Light_Load,3.56,18.97,100.00,18.43,0.00
05/12/2018 18:15,Weekday,Wednesday,Maximum_Load,5.87,49.26,100.00,10.37,0.00
18/08/2018 00:30,Weekend,Saturday,Light_Load,2.59,100.00,53.04,0.00,4.14
23/07/2018 19:30,Weekday,Monday,Medium_Load,99.29,100.00,94.48,0.00,34.42
22/09/2018 17:45,Weekend,Saturday,Light_Load,2.81,25.49,100.00,10.66,0.00
02/07/2018 20:45,Weekday,Monday,Medium_Load,47.63,100.00,96.80,0.00,12.35
19/10/2018 01:30,Weekday,Friday,Light_Load,3.64,100.00,48.75,0.00,6.52
02/10/2018 01:15,Weekday,Tuesday,Light_Load,2.59,100.00,49.88,0.00,4.50
17/03/2018 23:30,Weekend,Saturday,Light_Load,2.95,100.00,72.04,0.00,2.84
18/06/2018 14:45,Weekday,Monday,Maximum_Load,60.08,100.00,94.12,0.00,21.56
14/04/2018 00:30,Weekend,Saturday,Light_Load,3.60,100.00,71.80,0.00,3.49
20/02/2018 11:30,Weekday,Tuesday,Maximum_Load,120.60,100.00,91.86,0.00,51.88
08/08/2018 21:45,Weekday,Wednesday,Medium_Load,3.89,23.25,100.00,16.27,0.00
10/07/2018 20:00,Weekday,Tuesday,Medium_Load,74.59,100.00,94.51,0.00,25.78
26/05/2018 16:30,Weekend,Saturday,Maximum_Load,35.82,99.96,98.13,1.04,7.02
13/05/2018 04:30,Weekend,Sunday,Light_Load,2.92,100.00,55.65,0.00,4.36
16/03/2018 20:00,Weekday,Friday,Medium_Load,103.46,100.00,96.32,0.00,28.87
25/06/2018 17:15,Weekday,Monday,Medium_Load,49.18,100.00,92.91,0.00,19.58
11/10/2018 05:30,Weekday,Thursday,Light_Load,2.99,100.00,44.31,0.00,6.05
09/12/2018 23:45,Weekend,Sunday,Light_Load,3.46,99.80,79.61,0.22,2.63
22/06/2018 01:30,Weekday,Friday,Light_Load,3.02,100.00,47.14,0.00,5.65
18/04/2018 14:30,Weekday,Wednesday,Maximum_Load,50.08,100.00,92.74,0.00,20.20
02/07/2018 06:45,Weekday,Monday,Light_Load,3.42,100.00,59.58,0.00,4.61
29/09/2018 21:15,Weekend,Saturday,Medium_Load,2.81,23.15,100.00,11.81,0.00
19/07/2018 09:00,Weekday,Thursday,Light_Load,71.24,100.00,79.66,0.00,54.07
26/03/2018 14:00,Weekday,Monday,Maximum_Load,49.57,100.00,97.08,0.04,12.24
25/12/2018 07:15,Weekday,Tuesday,Light_Load,3.24,99.99,79.76,0.04,2.45
13/05/2018 17:00,Weekend,Sunday,Light_Load,3.13,18.23,100.00,16.88,0.00
21/11/2018 23:15,Weekday,Wednesday,Light_Load,3.74,100.00,78.82,0.00,2.92
18/07/2018 03:15,Weekday,Wednesday,Light_Load,2.92,49.61,100.00,5.11,0.00
25/04/2018 10:45,Weekday,Wednesday,Maximum_Load,49.25,100.00,93.61,0.00,18.50
11/04/2018 22:00,Weekday,Wednesday,Medium_Load,5.18,19.09,100.00,26.64,0.00
05/02/2018 00:00,Weekday,Monday,Light_Load,76.93,100.00,87.89,0.00,41.76
01/07/2018 11:00,Weekend,Sunday,Light_Load,3.06,17.30,100.00,17.42,0.00
04/09/2018 14:30,Weekday,Tuesday,Maximum_Load,103.90,100.00,89.94,0.00,50.51
27/09/2018 14:45,Weekday,Thursday,Maximum_Load,71.14,100.00,86.01,0.00,42.19
08/03/2018 02:45,Weekday,Thursday,Light_Load,3.13,100.00,75.72,0.00,2.70
27/10/2018 08:30,Weekend,Saturday,Light_Load,46.55,100.00,73.21,0.00,43.31
03/04/2018 19:30,Weekday,Tuesday,Medium_Load,62.71,100.00,85.95,0.00,37.30
10/08/2018 08:00,Weekday,Friday,Light_Load,6.34,100.00,66.81,0.00,7.06
01/11/2018 06:00,Weekday,Thursday,Light_Load,3.96,100.00,57.87,0.00,5.58
11/06/2018 13:30,Weekday,Monday,Maximum_Load,59.18,100.00,85.98,0.00,35.14
02/03/2018 15:30,Weekday,Friday,Maximum_Load,26.39,90.15,100.00,12.67,0.00
09/05/2018 09:30,Weekday,Wednesday,Medium_Load,61.92,100.00,89.51,0.00,30.85
21/07/2018 05:15,Weekend,Saturday,Light_Load,3.35,100.00,50.54,0.00,5.72
31/01/2018 19:45,Weekday,Wednesday,Maximum_Load,76.32,100.00,98.90,0.29,11.41
23/10/2018 07:45,Weekday,Tuesday,Light_Load,4.00,100.00,49.72,0.00,6.98
20/03/2018 10:15,Weekday,Tuesday,Maximum_Load,48.31,100.00,96.31,0.00,13.50
09/09/2018 20:15,Weekend,Sunday,Medium_Load,2.95,24.53,100.00,11.66,0.00
18/11/2018 23:45,Weekend,Sunday,Light_Load,2.92,100.00,57.64,0.00,4.14
23/05/2018 00:30,Weekday,Wednesday,Light_Load,3.64,100.00,56.18,0.00,5.36
04/12/2018 10:30,Weekday,Tuesday,Maximum_Load,53.42,100.00,86.27,0.00,31.32
13/02/2018 04:00,Weekday,Tuesday,Light_Load,5.90,100.00,71.31,0.00,5.80
29/05/2018 16:30,Weekday,Tuesday,Maximum_Load,52.99,100.00,95.04,0.00,17.35
26/05/2018 05:30,Weekend,Saturday,Light_Load,3.49,100.00,52.76,0.00,5.62
01/04/2018 19:00,Weekend,Sunday,Light_Load,3.10,17.95,100.00,16.99,0.00
15/10/2018 01:30,Weekday,Monday,Light_Load,2.77,100.00,47.87,0.00,5.08
04/09/2018 17:45,Weekday,Tuesday,Medium_Load,59.44,100.00,85.12,0.00,36.65
26/02/2018 04:45,Weekday,Monday,Light_Load,3.85,100.00,75.15,0.00,3.38
11/06/2018 07:45,Weekday,Monday,Light_Load,4.68,100.00,55.47,0.00,7.02
09/08/2018 01:45,Weekday,Thursday,Light_Load,2.74,100.00,48.06,0.00,5.00
15/04/2018 12:00,Weekend,Sunday,Light_Load,3.13,49.19,100.00,5.54,0.00
05/04/2018 16:45,Weekday,Thursday,Maximum_Load,68.94,100.00,93.79,0.00,25.49
02/09/2018 01:00,Weekend,Sunday,Light_Load,2.63,100.00,49.31,0.00,4.64
08/11/2018 22:45,Weekday,Thursday,Maximum_Load,3.96,100.00,48.19,0.00,7.20
08/11/2018 10:00,Weekday,Thursday,Medium_Load,66.10,100.00,89.40,0.00,33.12
30/01/2018 16:00,Weekday,Tuesday,Medium_Load,74.38,100.00,91.79,0.00,32.15
10/04/2018 21:15,Weekday,Tuesday,Medium_Load,5.65,20.64,100.00,26.78,0.00
23/09/2018 17:30,Weekend,Sunday,Light_Load,2.81,24.94,100.00,10.91,0.00
29/05/2018 06:30,Weekday,Tuesday,Light_Load,3.20,100.00,50.22,0.00,5.51
09/01/2018 02:00,Weekday,Tuesday,Light_Load,4.75,100.00,74.84,0.00,4.21
24/01/2018 23:15,Weekday,Wednesday,Light_Load,41.98,100.00,81.14,0.00,30.24
03/12/2018 19:30,Weekday,Monday,Maximum_Load,39.17,100.00,97.06,0.00,9.72
13/09/2018 15:00,Weekday,Thursday,Maximum_Load,67.90,100.00,86.76,0.00,38.92
10/11/2018 10:15,Weekend,Saturday,Maximum_Load,58.61,100.00,92.67,0.00,23.76
22/12/2018 05:30,Weekend,Saturday,Light_Load,3.96,99.96,76.73,0.11,3.31
15/02/2018 05:00,Weekday,Thursday,Light_Load,3.24,100.00,58.09,0.00,4.54
16/02/2018 08:30,Weekday,Friday,Light_Load,3.13,100.00,62.69,0.00,3.89
16/07/2018 16:00,Weekday,Monday,Maximum_Load,64.15,100.00,87.54,0.00,35.42
22/06/2018 20:45,Weekday,Friday,Medium_Load,31.64,98.40,97.41,5.72,7.34
25/05/2018 13:00,Weekday,Friday,Medium_Load,5.29,20.16,100.00,25.70,0.00
11/03/2018 09:45,Weekend,Sunday,Medium_Load,33.16,99.87,99.92,1.66,1.30
18/11/2018 19:15,Weekend,Sunday,Maximum_Load,3.78,20.60,100.00,17.96,0.00
03/08/2018 10:45,Weekday,Friday,Light_Load,2.88,16.85,100.00,16.85,0.00
16/10/2018 20:45,Weekday,Tuesday,Medium_Load,45.40,100.00,91.18,0.00,20.45
30/01/2018 18:15,Weekday,Tuesday,Maximum_Load,55.26,100.00,89.82,0.36,27.04
18/12/2018 07:00,Weekday,Tuesday,Light_Load,3.31,99.78,84.21,0.22,2.12
02/06/2018 19:00,Weekend,Saturday,Light_Load,3.67,21.41,100.00,16.74,0.00
07/10/2018 18:45,Weekend,Sunday,Light_Load,3.17,26.62,100.00,11.48,0.00
04/02/2018 04:45,Weekend,Sunday,Light_Load,5.83,100.00,71.14,0.00,5.76
06/04/2018 08:15,Weekday,Friday,Light_Load,34.92,100.00,76.22,0.00,29.66
15/08/2018 18:15,Weekday,Wednesday,Medium_Load,2.99,42.88,100.00,6.30,0.00
26/05/2018 18:00,Weekend,Saturday,Medium_Load,3.74,21.75,100.00,16.78,0.00
26/08/2018 19:30,Weekend,Sunday,Medium_Load,3.06,21.56,100.00,13.86,0.00
30/06/2018 19:00,Weekend,Saturday,Medium_Load,3.82,19.77,100.00,18.94,0.00
21/11/2018 18:45,Weekday,Wednesday,Maximum_Load,106.52,100.00,91.45,0.00,47.12
27/12/2018 19:15,Weekday,Thursday,Maximum_Load,51.01,100.00,98.08,0.36,10.15
04/09/2018 03:00,Weekday,Tuesday,Light_Load,2.63,100.00,48.44,0.00,4.75
02/03/2018 20:30,Weekday,Friday,Medium_Load,62.71,99.99,99.59,1.04,5.72
13/02/2018 18:00,Weekday,Tuesday,Maximum_Load,96.08,100.00,99.08,0.32,13.14
03/06/2018 15:45,Weekend,Sunday,Light_Load,3.24,17.68,100.00,18.04,0.00
30/09/2018 10:30,Weekend,Sunday,Light_Load,2.74,22.67,100.00,11.77,0.00
29/09/2018 00:45,Weekend,Saturday,Light_Load,2.45,100.00,52.23,0.00,4.00
26/12/2018 10:00,Weekday,Wednesday,Medium_Load,55.44,100.00,92.47,0.00,22.82
29/11/2018 08:45,Weekday,Thursday,Light_Load,88.06,100.00,91.81,0.00,38.02
19/07/2018 12:15,Weekday,Thursday,Medium_Load,7.06,87.22,92.59,3.96,2.88
11/08/2018 23:45,Weekend,Saturday,Light_Load,2.66,100.00,49.73,0.00,4.64
03/12/2018 18:30,Weekday,Monday,Maximum_Load,42.26,100.00,90.61,0.00,19.73
30/04/2018 12:45,Weekday,Monday,Medium_Load,5.51,20.33,100.00,26.53,0.00
03/09/2018 11:45,Weekday,Monday,Maximum_Load,39.60,100.00,93.10,0.00,15.52
14/04/2018 03:00,Weekend,Saturday,Light_Load,3.71,100.00,63.61,0.00,4.50
13/10/2018 00:30,Weekend,Saturday,Light_Load,3.56,100.00,44.87,0.00,7.09
08/02/2018 14:00,Weekday,Thursday,Medium_Load,113.33,100.00,92.68,0.00,45.94
24/12/2018 14:45,Weekday,Monday,Medium_Load,38.48,100.00,99.40,0.25,4.25
12/07/2018 12:30,Weekday,Thursday,Medium_Load,4.36,25.01,100.00,16.88,0.00
28/06/2018 23:15,Weekday,Thursday,Light_Load,3.49,100.00,65.74,0.00,4.00
14/07/2018 01:30,Weekend,Saturday,Light_Load,2.63,100.00,53.62,0.00,4.14
09/02/2018 22:30,Weekday,Friday,Maximum_Load,64.66,100.00,84.15,0.00,41.51
06/01/2018 23:30,Weekend,Saturday,Light_Load,3.10,100.00,77.11,0.00,2.56
06/04/2018 13:15,Weekday,Friday,Maximum_Load,60.37,99.63,97.09,5.22,14.90
30/11/2018 01:15,Weekday,Friday,Light_Load,4.97,100.00,71.21,0.00,4.90
23/03/2018 04:45,Weekday,Friday,Light_Load,3.60,100.00,59.21,0.00,4.90
28/02/2018 15:00,Weekday,Wednesday,Medium_Load,97.88,100.00,91.32,0.00,43.67
05/02/2018 09:15,Weekday,Monday,Medium_Load,63.11,100.00,96.00,0.00,18.40
23/09/2018 22:15,Weekend,Sunday,Light_Load,2.63,99.91,44.05,0.11,5.36
18/03/2018 08:45,Weekend,Sunday,Light_Load,3.10,99.94,68.36,0.11,3.31
17/06/2018 18:45,Weekend,Sunday,Light_Load,2.92,23.53,100.00,12.06,0.00
26/02/2018 15:15,Weekday,Monday,Medium_Load,47.38,100.00,98.12,0.00,9.32
02/08/2018 01:30,Weekday,Thursday,Light_Load,2.88,100.00,53.57,0.00,4.54
29/05/2018 07:30,Weekday,Tuesday,Light_Load,3.31,100.00,53.85,0.00,5.18
29/05/2018 15:15,Weekday,Tuesday,Maximum_Load,47.66,100.00,95.32,0.00,15.12
17/04/2018 18:45,Weekday,Tuesday,Medium_Load,86.44,100.00,94.33,0.00,30.42
06/10/2018 08:00,Weekend,Saturday,Light_Load,9.72,100.00,60.42,0.00,12.82
02/12/2018 00:45,Weekend,Sunday,Light_Load,3.38,100.00,79.72,0.00,2.56
10/09/2018 14:45,Weekday,Monday,Maximum_Load,108.32,100.00,91.76,0.00,46.91
20/11/2018 04:30,Weekday,Tuesday,Light_Load,2.95,99.89,81.21,0.14,2.12
26/02/2018 21:15,Weekday,Monday,Medium_Load,8.39,31.39,100.00,25.38,0.00
16/01/2018 22:45,Weekday,Tuesday,Maximum_Load,4.61,100.00,76.18,0.00,3.92
12/04/2018 09:00,Weekday,Thursday,Light_Load,101.27,100.00,87.86,0.00,55.04
30/08/2018 06:00,Weekday,Thursday,Light_Load,2.52,100.00,46.33,0.00,4.82
12/11/2018 00:45,Weekday,Monday,Light_Load,2.88,100.00,59.50,0.00,3.89
27/10/2018 12:00,Weekend,Saturday,Maximum_Load,23.00,98.50,95.64,4.03,7.02
11/09/2018 18:45,Weekday,Tuesday,Medium_Load,33.62,100.00,93.77,0.00,12.46
30/03/2018 07:45,Weekday,Friday,Light_Load,4.61,100.00,65.42,0.00,5.33
10/04/2018 23:45,Weekday,Tuesday,Light_Load,3.85,100.00,57.28,0.00,5.51
27/07/2018 03:45,Weekday,Friday,Light_Load,2.92,100.00,43.88,0.00,5.98
25/01/2018 10:45,Weekday,Thursday,Maximum_Load,59.83,100.00,98.15,0.00,11.66
10/06/2018 01:15,Weekend,Sunday,Light_Load,2.77,100.00,52.42,0.00,4.50
04/10/2018 16:30,Weekday,Thursday,Maximum_Load,59.26,100.00,84.40,0.00,37.66
03/04/2018 23:30,Weekday,Tuesday,Light_Load,3.60,100.00,63.41,0.00,4.39
24/08/2018 03:30,Weekday,Friday,Light_Load,3.78,100.00,51.21,0.00,6.34
08/08/2018 16:45,Weekday,Wednesday,Maximum_Load,42.73,100.00,95.15,0.00,13.82
03/08/2018 21:00,Weekday,Friday,Light_Load,3.02,18.33,100.00,16.20,0.00
01/02/2018 12:30,Weekday,Thursday,Medium_Load,10.30,37.15,100.00,25.74,0.00
21/07/2018 08:30,Weekend,Saturday,Light_Load,40.39,100.00,71.76,0.00,39.20
08/03/2018 14:45,Weekday,Thursday,Maximum_Load,75.67,100.00,87.11,0.00,42.66
14/07/2018 01:45,Weekend,Saturday,Light_Load,2.66,100.00,53.05,0.00,4.25
02/10/2018 11:15,Weekday,Tuesday,Maximum_Load,59.83,100.00,84.77,0.00,37.44
11/04/2018 10:45,Weekday,Wednesday,Maximum_Load,65.92,100.00,88.80,0.00,34.13
18/10/2018 03:15,Weekday,Thursday,Light_Load,3.56,100.00,50.53,0.00,6.08
25/07/2018 23:45,Weekday,Wednesday,Light_Load,2.59,100.00,55.82,0.00,3.85
22/07/2018 06:00,Weekend,Sunday,Light_Load,3.46,100.00,60.61,0.00,4.54
30/09/2018 08:30,Weekend,Sunday,Light_Load,2.52,100.00,46.56,0.00,4.79
28/01/2018 00:15,Weekend,Sunday,Light_Load,4.10,100.00,72.54,0.00,3.89
29/12/2018 04:45,Weekend,Saturday,Light_Load,3.60,100.00,74.33,0.00,3.24
07/10/2018 19:15,Weekend,Sunday,Light_Load,3.42,29.30,100.00,11.16,0.00
01/12/2018 21:45,Weekend,Saturday,Medium_Load,4.79,22.54,100.00,20.70,0.00
28/02/2018 07:45,Weekday,Wednesday,Light_Load,6.73,100.00,71.45,0.00,6.59
06/03/2018 08:15,Weekday,Tuesday,Light_Load,39.35,100.00,81.26,0.00,28.22
20/08/2018 09:30,Weekday,Monday,Medium_Load,60.30,100.00,88.59,0.00,31.57
09/01/2018 06:00,Weekday,Tuesday,Light_Load,4.68,100.00,75.78,0.00,4.03
27/04/2018 20:15,Weekday,Friday,Medium_Load,110.81,100.00,91.15,0.00,50.00
05/10/2018 13:15,Weekday,Friday,Maximum_Load,33.84,98.93,91.05,5.00,15.37
07/04/2018 14:15,Weekend,Saturday,Maximum_Load,49.32,99.83,99.80,2.92,3.13
08/12/2018 01:30,Weekend,Saturday,Light_Load,4.79,100.00,78.18,0.00,3.82
29/10/2018 18:15,Weekday,Monday,Medium_Load,47.38,100.00,84.79,0.00,29.63
12/02/2018 19:00,Weekday,Monday,Maximum_Load,30.96,92.81,100.00,12.42,0.00
22/01/2018 20:30,Weekday,Monday,Medium_Load,62.60,100.00,91.32,0.00,27.94
16/05/2018 03:00,Weekday,Wednesday,Light_Load,3.24,100.00,52.23,0.00,5.29
30/06/2018 20:45,Weekend,Saturday,Medium_Load,3.24,19.20,100.00,16.56,0.00
22/06/2018 10:00,Weekday,Friday,Medium_Load,51.98,100.00,89.07,0.00,26.53
16/03/2018 22:00,Weekday,Friday,Medium_Load,4.14,15.44,100.00,26.50,0.00
11/04/2018 14:00,Weekday,Wednesday,Maximum_Load,49.54,100.00,92.93,0.00,19.69
16/03/2018 02:15,Weekday,Friday,Light_Load,3.67,100.00,60.26,0.00,4.86
28/04/2018 17:15,Weekend,Saturday,Medium_Load,3.56,13.31,100.00,26.50,0.00
06/09/2018 06:15,Weekday,Thursday,Light_Load,2.92,100.00,43.47,0.00,6.05
27/10/2018 17:45,Weekend,Saturday,Medium_Load,3.53,19.39,100.00,17.86,0.00
25/02/2018 14:30,Weekend,Sunday,Light_Load,4.68,20.78,100.00,22.03,0.00
06/09/2018 13:30,Weekday,Thursday,Maximum_Load,61.38,100.00,83.54,0.00,40.39
10/10/2018 22:30,Weekday,Wednesday,Medium_Load,4.50,100.00,45.90,0.00,8.71
06/08/2018 05:00,Weekday,Monday,Light_Load,2.81,100.00,48.99,0.00,5.00
04/04/2018 20:15,Weekday,Wednesday,Medium_Load,3.92,14.43,100.00,26.89,0.00
26/07/2018 07:30,Weekday,Thursday,Light_Load,3.20,100.00,61.53,0.00,4.10
09/06/2018 14:15,Weekend,Saturday,Light_Load,3.38,17.73,100.00,18.76,0.00
11/09/2018 07:30,Weekday,Tuesday,Light_Load,3.06,100.00,41.19,0.00,6.77
11/11/2018 06:45,Weekend,Sunday,Light_Load,3.46,100.00,47.33,0.00,6.44
24/11/2018 18:30,Weekend,Saturday,Light_Load,3.71,27.44,100.00,13.00,0.00
27/01/2018 17:15,Weekend,Saturday,Maximum_Load,6.77,25.60,100.00,25.56,0.00
26/01/2018 16:15,Weekday,Friday,Medium_Load,133.78,100.00,94.63,0.00,45.72
09/09/2018 23:30,Weekend,Sunday,Light_Load,2.77,100.00,47.16,0.00,5.18
08/06/2018 17:15,Weekday,Friday,Medium_Load,46.91,100.00,96.65,0.00,12.46
18/02/2018 18:00,Weekend,Sunday,Light_Load,3.53,21.24,100.00,16.24,0.00
16/12/2018 20:45,Weekend,Sunday,Medium_Load,4.54,20.77,100.00,21.38,0.00
16/01/2018 00:30,Weekday,Tuesday,Light_Load,4.68,100.00,64.26,0.00,5.58
05/11/2018 01:00,Weekday,Monday,Light_Load,3.38,100.00,51.34,0.00,5.65
07/03/2018 21:15,Weekday,Wednesday,Medium_Load,5.29,19.45,100.00,26.68,0.00
01/12/2018 23:30,Weekend,Saturday,Light_Load,3.38,100.00,83.47,0.00,2.23
28/12/2018 03:30,Weekday,Friday,Light_Load,3.89,99.66,81.46,0.32,2.77
09/11/2018 20:00,Weekday,Friday,Maximum_Load,52.45,100.00,91.72,0.00,22.79
21/12/2018 16:15,Weekday,Friday,Medium_Load,69.73,100.00,89.71,0.00,34.34
03/02/2018 11:00,Weekend,Saturday,Maximum_Load,38.38,99.79,99.99,2.48,0.65
03/06/2018 21:00,Weekend,Sunday,Light_Load,3.10,18.36,100.00,16.60,0.00
21/08/2018 05:30,Weekday,Tuesday,Light_Load,2.70,100.00,46.22,0.00,5.18
15/09/2018 16:45,Weekend,Saturday,Maximum_Load,39.67,100.00,94.70,0.25,13.46
09/12/2018 12:30,Weekend,Sunday,Light_Load,4.10,19.86,100.00,20.23,0.00
22/04/2018 03:45,Weekend,Sunday,Light_Load,3.06,100.00,57.80,0.00,4.32
22/12/2018 03:30,Weekend,Saturday,Light_Load,4.07,100.00,78.24,0.00,3.24
23/07/2018 09:30,Weekday,Monday,Medium_Load,56.99,100.00,84.59,0.00,35.93
25/06/2018 02:45,Weekday,Monday,Light_Load,2.88,100.00,51.29,0.00,4.82
06/04/2018 23:15,Weekday,Friday,Light_Load,4.90,100.00,62.94,0.00,6.05
23/05/2018 03:00,Weekday,Wednesday,Light_Load,2.99,100.00,52.71,0.00,4.82
12/01/2018 22:45,Weekday,Friday,Maximum_Load,4.75,100.00,69.38,0.00,4.93
05/05/2018 09:15,Weekend,Saturday,Light_Load,3.56,16.21,100.00,21.67,0.00
06/05/2018 20:45,Weekend,Sunday,Light_Load,3.28,19.03,100.00,16.92,0.00
17/12/2018 11:45,Weekday,Monday,Maximum_Load,49.64,100.00,95.85,0.00,14.76
31/01/2018 17:30,Weekday,Wednesday,Maximum_Load,98.42,100.00,96.47,0.00,26.86
20/04/2018 13:30,Weekday,Friday,Maximum_Load,69.77,100.00,87.20,0.00,39.17
17/12/2018 16:15,Weekday,Monday,Medium_Load,85.86,100.00,86.38,0.00,50.08
14/12/2018 00:15,Weekday,Friday,Light_Load,5.33,100.00,89.94,0.04,2.59
09/07/2018 12:00,Weekday,Monday,Maximum_Load,53.06,100.00,78.89,0.00,41.33
08/07/2018 00:30,Weekend,Sunday,Light_Load,2.74,100.00,57.59,0.00,3.89
26/11/2018 17:45,Weekday,Monday,Maximum_Load,32.58,99.50,100.00,3.28,0.14
13/06/2018 02:45,Weekday,Wednesday,Light_Load,2.88,100.00,52.09,0.00,4.72
27/07/2018 15:45,Weekday,Friday,Maximum_Load,54.65,100.00,94.87,0.00,18.22
02/10/2018 21:00,Weekday,Tuesday,Medium_Load,62.53,100.00,94.64,0.54,21.35
11/11/2018 22:15,Weekend,Sunday,Light_Load,3.35,99.91,57.63,0.14,4.75
21/02/2018 23:30,Weekday,Wednesday,Light_Load,88.20,100.00,90.11,0.00,42.44
08/05/2018 06:15,Weekday,Tuesday,Light_Load,2.99,100.00,60.65,0.00,3.92
09/06/2018 14:45,Weekend,Saturday,Light_Load,3.13,18.45,100.00,16.67,0.00
12/05/2018 16:15,Weekend,Saturday,Maximum_Load,5.18,19.21,100.00,26.46,0.00
13/10/2018 11:15,Weekend,Saturday,Maximum_Load,40.39,100.00,96.16,0.00,11.52
25/03/2018 03:15,Weekend,Sunday,Light_Load,3.13,100.00,64.89,0.00,3.67
26/06/2018 20:00,Weekday,Tuesday,Medium_Load,34.27,99.99,99.87,0.36,1.73
04/04/2018 14:45,Weekday,Wednesday,Maximum_Load,55.37,100.00,91.13,0.00,25.02
24/04/2018 13:30,Weekday,Tuesday,Maximum_Load,58.90,100.00,87.66,0.00,32.33
17/02/2018 05:45,Weekend,Saturday,Light_Load,3.17,100.00,63.56,0.00,3.85
14/05/2018 02:45,Weekday,Monday,Light_Load,3.06,100.00,55.30,0.00,4.61
05/06/2018 08:30,Weekday,Tuesday,Light_Load,41.76,100.00,68.55,0.00,44.35
01/07/2018 12:30,Weekend,Sunday,Light_Load,3.13,17.96,100.00,17.14,0.00
29/06/2018 14:15,Weekday,Friday,Maximum_Load,51.08,100.00,91.68,0.00,22.25
29/03/2018 10:30,Weekday,Thursday,Maximum_Load,54.25,100.00,94.10,0.00,19.51
16/10/2018 02:00,Weekday,Tuesday,Light_Load,3.10,100.00,44.78,0.00,6.19
15/02/2018 00:45,Weekday,Thursday,Light_Load,3.89,100.00,55.97,0.00,5.76
05/10/2018 10:00,Weekday,Friday,Medium_Load,56.48,100.00,89.50,0.00,28.15
23/11/2018 19:15,Weekday,Friday,Maximum_Load,65.23,100.00,91.61,0.00,28.55
15/10/2018 14:30,Weekday,Monday,Maximum_Load,109.40,100.00,90.06,0.00,52.81
28/11/2018 19:30,Weekday,Wednesday,Maximum_Load,54.07,100.00,92.61,0.00,22.03
01/03/2018 21:30,Weekday,Thursday,Medium_Load,3.49,18.78,100.00,18.25,0.00
28/02/2018 18:15,Weekday,Wednesday,Maximum_Load,59.11,100.00,91.93,0.58,25.31
15/01/2018 13:00,Weekday,Monday,Medium_Load,7.81,29.26,100.00,25.52,0.00
03/05/2018 05:15,Weekday,Thursday,Light_Load,3.10,100.00,60.59,0.00,4.07
30/10/2018 22:15,Weekday,Tuesday,Medium_Load,3.85,99.89,49.82,0.18,6.70
30/05/2018 16:45,Weekday,Wednesday,Maximum_Load,108.65,100.00,95.48,0.00,33.84
26/05/2018 02:00,Weekend,Saturday,Light_Load,3.13,100.00,51.43,0.00,5.22
15/02/2018 06:45,Weekday,Thursday,Light_Load,3.31,100.00,56.29,0.00,4.86
05/09/2018 04:15,Weekday,Wednesday,Light_Load,2.59,100.00,48.11,0.00,4.72
24/08/2018 02:45,Weekday,Friday,Light_Load,2.88,100.00,46.13,0.00,5.54
04/06/2018 22:00,Weekday,Monday,Medium_Load,3.89,21.91,100.00,17.32,0.00
26/08/2018 01:45,Weekend,Sunday,Light_Load,2.59,100.00,51.77,0.00,4.28
28/07/2018 08:00,Weekend,Saturday,Light_Load,6.12,100.00,62.57,0.00,7.63
14/05/2018 09:45,Weekday,Monday,Medium_Load,57.02,100.00,90.51,0.00,26.78
28/05/2018 08:00,Weekday,Monday,Light_Load,4.43,100.00,55.38,0.00,6.66
08/07/2018 07:45,Weekend,Sunday,Light_Load,2.95,100.00,59.35,0.00,4.00
01/02/2018 15:00,Weekday,Thursday,Medium_Load,110.27,100.00,91.47,0.00,48.71
07/03/2018 04:45,Weekday,Wednesday,Light_Load,3.17,100.00,70.38,0.00,3.20
04/12/2018 17:30,Weekday,Tuesday,Maximum_Load,71.10,100.00,89.97,0.00,34.49
13/02/2018 23:00,Weekday,Tuesday,Maximum_Load,36.32,100.00,81.25,0.00,26.06
28/04/2018 09:45,Weekend,Saturday,Medium_Load,63.22,99.96,99.86,1.69,3.35
12/02/2018 18:45,Weekday,Monday,Maximum_Load,33.91,96.98,99.70,8.53,2.63
18/08/2018 09:30,Weekend,Saturday,Medium_Load,75.60,100.00,89.17,0.00,38.38
17/11/2018 20:30,Weekend,Saturday,Medium_Load,4.07,23.24,100.00,17.03,0.00
08/03/2018 20:45,Weekday,Thursday,Medium_Load,63.29,100.00,93.42,0.00,24.16
23/12/2018 05:30,Weekend,Sunday,Light_Load,4.10,100.00,73.52,0.00,3.78
03/08/2018 18:00,Weekday,Friday,Light_Load,2.99,18.15,100.00,16.20,0.00
02/03/2018 19:45,Weekday,Friday,Medium_Load,73.55,100.00,99.17,0.29,9.54
05/09/2018 18:30,Weekday,Wednesday,Medium_Load,47.52,100.00,83.53,0.00,31.28
12/12/2018 03:15,Weekday,Wednesday,Light_Load,4.18,100.00,75.15,0.00,3.67
05/07/2018 08:00,Weekday,Thursday,Light_Load,4.82,100.00,60.34,0.00,6.37
14/03/2018 18:00,Weekday,Wednesday,Medium_Load,40.75,99.46,99.11,4.25,5.47
07/05/2018 03:45,Weekday,Monday,Light_Load,2.99,100.00,56.91,0.00,4.32
27/03/2018 18:30,Weekday,Tuesday,Medium_Load,50.90,100.00,84.36,0.00,32.40
14/04/2018 13:00,Weekend,Saturday,Medium_Load,4.54,20.03,100.00,22.21,0.00
03/06/2018 15:00,Weekend,Sunday,Light_Load,3.56,16.29,100.00,21.56,0.00
25/09/2018 03:30,Weekday,Tuesday,Light_Load,2.66,100.00,42.78,0.00,5.62
04/12/2018 16:30,Weekday,Tuesday,Medium_Load,60.73,100.00,89.37,0.00,30.49
12/07/2018 10:30,Weekday,Thursday,Maximum_Load,68.40,100.00,86.72,0.00,39.28
24/12/2018 22:00,Weekday,Monday,Medium_Load,5.40,24.76,100.00,21.13,0.00
25/11/2018 21:15,Weekend,Sunday,Light_Load,2.99,20.18,100.00,14.51,0.00
02/12/2018 14:45,Weekend,Sunday,Light_Load,3.56,24.46,100.00,14.11,0.00
13/08/2018 06:15,Weekday,Monday,Light_Load,2.66,100.00,45.68,0.00,5.18
15/07/2018 16:45,Weekend,Sunday,Maximum_Load,91.04,100.00,96.68,0.00,24.08
29/08/2018 12:45,Weekday,Wednesday,Medium_Load,5.90,31.21,100.00,17.96,0.00
16/03/2018 05:00,Weekday,Friday,Light_Load,3.20,100.00,55.55,0.00,4.79
23/11/2018 15:30,Weekday,Friday,Medium_Load,110.48,100.00,84.94,0.00,68.65
11/12/2018 22:00,Weekday,Tuesday,Medium_Load,5.69,26.67,100.00,20.56,0.00
17/11/2018 15:30,Weekend,Saturday,Medium_Load,95.18,100.00,89.87,0.00,46.44
23/12/2018 08:45,Weekend,Sunday,Light_Load,4.82,68.12,94.12,5.18,1.73
23/04/2018 12:30,Weekday,Monday,Medium_Load,5.47,20.46,100.00,26.17,0.00
06/12/2018 12:30,Weekday,Thursday,Medium_Load,6.88,31.89,100.00,20.45,0.00
08/10/2018 20:00,Weekday,Monday,Medium_Load,58.90,100.00,84.89,0.00,36.68
12/08/2018 11:45,Weekend,Sunday,Light_Load,2.70,49.42,100.00,4.75,0.00
29/06/2018 13:45,Weekday,Friday,Maximum_Load,58.68,100.00,90.31,0.00,27.90
15/08/2018 14:30,Weekday,Wednesday,Maximum_Load,66.35,100.00,92.95,0.00,26.32
19/01/2018 02:45,Weekday,Friday,Light_Load,57.96,100.00,86.20,0.00,34.09
04/11/2018 17:45,Weekend,Sunday,Maximum_Load,3.92,21.44,100.00,17.86,0.00
19/06/2018 14:30,Weekday,Tuesday,Maximum_Load,73.26,100.00,92.70,0.00,29.63
07/01/2018 02:30,Weekend,Sunday,Light_Load,3.17,100.00,72.40,0.00,3.02
23/01/2018 10:30,Weekday,Tuesday,Maximum_Load,68.18,100.00,95.11,0.00,22.14
18/08/2018 08:30,Weekend,Saturday,Light_Load,110.70,100.00,79.87,0.00,83.41
24/09/2018 18:30,Weekday,Monday,Light_Load,2.74,44.53,100.00,5.51,0.00
12/04/2018 14:30,Weekday,Thursday,Maximum_Load,66.85,100.00,79.67,0.00,50.72
20/01/2018 10:45,Weekend,Saturday,Maximum_Load,55.40,100.00,98.04,0.00,11.12
27/05/2018 22:30,Weekend,Sunday,Light_Load,2.92,100.00,46.11,0.00,5.62
10/01/2018 22:30,Weekday,Wednesday,Maximum_Load,4.68,100.00,63.06,0.00,5.76
18/05/2018 09:15,Weekday,Friday,Medium_Load,107.14,100.00,93.73,0.00,39.85
22/09/2018 15:45,Weekend,Saturday,Light_Load,3.38,20.04,100.00,16.52,0.00
11/05/2018 07:30,Weekday,Friday,Light_Load,3.42,100.00,62.42,0.00,4.28
14/01/2018 17:45,Weekend,Sunday,Maximum_Load,5.18,19.09,100.00,26.64,0.00
06/01/2018 13:15,Weekend,Saturday,Light_Load,3.64,18.18,100.00,19.69,0.00
22/07/2018 09:00,Weekend,Sunday,Light_Load,2.81,40.73,97.19,6.30,0.68
05/04/2018 08:15,Weekday,Thursday,Light_Load,46.69,100.00,76.18,0.04,39.71
24/01/2018 06:00,Weekday,Wednesday,Light_Load,35.71,100.00,81.82,0.00,25.09
02/09/2018 13:15,Weekend,Sunday,Maximum_Load,13.43,80.61,97.72,9.86,2.92
01/07/2018 02:30,Weekend,Sunday,Light_Load,2.84,100.00,56.94,0.00,4.10
29/06/2018 13:00,Weekday,Friday,Medium_Load,4.25,25.48,100.00,16.13,0.00
04/11/2018 20:45,Weekend,Sunday,Medium_Load,3.13,25.56,100.00,11.84,0.00
06/04/2018 10:00,Weekday,Friday,Medium_Load,94.36,100.00,95.98,0.00,27.58
26/05/2018 00:00,Weekend,Saturday,Light_Load,2.74,100.00,53.21,0.00,4.36
09/12/2018 16:15,Weekend,Sunday,Light_Load,4.14,19.78,100.00,20.52,0.00
15/01/2018 10:30,Weekday,Monday,Maximum_Load,105.84,100.00,85.53,0.00,64.12
09/05/2018 05:00,Weekday,Wednesday,Light_Load,3.17,100.00,59.79,0.00,4.25
25/12/2018 23:00,Weekday,Tuesday,Light_Load,3.89,99.99,74.43,0.04,3.49
03/09/2018 16:45,Weekday,Monday,Maximum_Load,118.04,100.00,86.31,0.00,69.08
04/08/2018 19:30,Weekend,Saturday,Light_Load,2.88,16.96,100.00,16.74,0.00
18/12/2018 05:15,Weekday,Tuesday,Light_Load,3.46,99.92,82.83,0.14,2.34
17/11/2018 15:15,Weekend,Saturday,Medium_Load,101.20,100.00,93.65,0.00,37.91
22/07/2018 04:15,Weekend,Sunday,Light_Load,2.84,100.00,49.92,0.00,4.93
23/10/2018 04:30,Weekday,Tuesday,Light_Load,3.02,100.00,46.00,0.00,5.83
16/11/2018 18:45,Weekday,Friday,Maximum_Load,49.07,100.00,91.03,0.00,22.32
06/10/2018 22:15,Weekend,Saturday,Medium_Load,3.20,99.98,45.06,0.07,6.34
16/02/2018 10:00,Weekday,Friday,Light_Load,3.42,19.81,100.00,16.92,0.00
01/09/2018 10:45,Weekend,Saturday,Maximum_Load,50.62,100.00,91.50,0.00,22.32
22/04/2018 13:30,Weekend,Sunday,Maximum_Load,35.78,99.94,99.90,1.22,1.62
08/03/2018 11:00,Weekday,Thursday,Maximum_Load,53.35,100.00,96.19,0.00,15.16
25/08/2018 10:00,Weekend,Saturday,Light_Load,4.43,22.98,100.00,18.76,0.00
06/11/2018 01:45,Weekday,Tuesday,Light_Load,3.67,100.00,46.33,0.00,7.02
05/12/2018 21:00,Weekday,Wednesday,Medium_Load,4.82,22.91,100.00,20.48,0.00
30/05/2018 08:30,Weekday,Wednesday,Light_Load,56.63,100.00,70.60,0.00,56.81
20/03/2018 20:30,Weekday,Tuesday,Medium_Load,36.43,99.79,99.96,2.38,1.04
07/09/2018 16:15,Weekday,Friday,Maximum_Load,111.42,100.00,90.27,0.00,53.10
10/02/2018 11:30,Weekend,Saturday,Light_Load,5.18,47.45,100.00,9.61,0.00
19/03/2018 14:30,Weekday,Monday,Maximum_Load,57.96,100.00,90.06,0.00,27.97
23/07/2018 21:00,Weekday,Monday,Medium_Load,38.27,99.80,97.01,2.41,9.58
11/05/2018 23:00,Weekday,Friday,Medium_Load,3.64,100.00,68.98,0.00,3.82
16/02/2018 10:30,Weekday,Friday,Light_Load,3.46,20.29,100.00,16.70,0.00
04/03/2018 09:30,Weekend,Sunday,Light_Load,3.96,17.55,100.00,22.21,0.00
17/08/2018 03:15,Weekday,Friday,Light_Load,3.06,100.00,50.07,0.00,5.29
13/02/2018 09:30,Weekday,Tuesday,Medium_Load,91.98,100.00,96.83,0.00,23.72
13/07/2018 14:45,Weekday,Friday,Maximum_Load,47.27,100.00,97.57,0.00,10.62
05/11/2018 06:00,Weekday,Monday,Light_Load,2.88,100.00,58.43,0.00,4.00
19/06/2018 19:45,Weekday,Tuesday,Medium_Load,49.57,100.00,92.79,0.00,19.91
24/02/2018 10:30,Weekend,Saturday,Maximum_Load,51.80,99.94,99.71,1.73,3.96
03/12/2018 20:45,Weekday,Monday,Medium_Load,50.11,100.00,86.75,0.00,28.73
14/04/2018 10:15,Weekend,Saturday,Maximum_Load,36.97,99.82,99.98,2.20,0.68
01/10/2018 05:45,Weekday,Monday,Light_Load,2.52,100.00,46.87,0.00,4.75
08/04/2018 05:45,Weekend,Sunday,Light_Load,3.17,100.00,54.95,0.00,4.82
26/06/2018 08:45,Weekday,Tuesday,Light_Load,39.56,100.00,70.32,0.00,40.00
04/01/2018 10:45,Weekday,Thursday,Maximum_Load,128.81,100.00,95.28,0.00,41.04
13/04/2018 22:15,Weekday,Friday,Medium_Load,5.11,33.73,91.19,14.26,2.30
21/09/2018 15:15,Weekday,Friday,Maximum_Load,8.57,49.41,100.00,15.08,0.00
12/01/2018 22:00,Weekday,Friday,Medium_Load,5.22,19.13,100.00,26.78,0.00
25/01/2018 04:15,Weekday,Thursday,Light_Load,37.91,100.00,81.38,0.00,27.07
27/08/2018 05:45,Weekday,Monday,Light_Load,2.88,100.00,51.85,0.00,4.75
03/06/2018 16:15,Weekend,Sunday,Light_Load,2.95,17.14,100.00,16.96,0.00
04/11/2018 03:00,Weekend,Sunday,Light_Load,2.92,100.00,50.43,0.00,5.00
19/06/2018 23:00,Weekday,Tuesday,Medium_Load,3.67,100.00,56.50,0.00,5.36
04/10/2018 04:30,Weekday,Thursday,Light_Load,2.81,100.00,44.72,0.00,5.62
26/11/2018 02:45,Weekday,Monday,Light_Load,2.92,100.00,69.87,0.00,2.99
03/01/2018 04:45,Weekday,Wednesday,Light_Load,4.57,100.00,72.67,0.00,4.32
25/09/2018 09:45,Weekday,Tuesday,Light_Load,2.70,22.61,100.00,11.63,0.00
08/02/2018 21:15,Weekday,Thursday,Medium_Load,107.50,100.00,96.62,0.00,28.69
15/05/2018 14:45,Weekday,Tuesday,Maximum_Load,99.11,100.00,94.76,0.00,33.41
06/06/2018 16:15,Weekday,Wednesday,Maximum_Load,50.40,100.00,87.91,0.00,27.32
22/01/2018 18:00,Weekday,Monday,Maximum_Load,33.48,96.54,100.00,9.04,0.00
15/04/2018 07:30,Weekend,Sunday,Light_Load,3.10,100.00,62.03,0.00,3.92
04/02/2018 05:45,Weekend,Sunday,Light_Load,5.83,100.00,71.38,0.00,5.72
16/06/2018 16:00,Weekend,Saturday,Maximum_Load,24.62,93.65,100.00,9.22,0.00
10/01/2018 18:15,Weekday,Wednesday,Maximum_Load,35.24,100.00,95.47,0.14,10.98
22/07/2018 05:00,Weekend,Sunday,Light_Load,2.84,100.00,50.45,0.00,4.86
21/10/2018 20:30,Weekend,Sunday,Light_Load,3.71,20.74,100.00,17.50,0.00
01/11/2018 02:00,Weekday,Thursday,Light_Load,3.96,100.00,55.47,0.00,5.94
07/03/2018 03:30,Weekday,Wednesday,Light_Load,3.71,100.00,62.12,0.00,4.68
20/04/2018 09:30,Weekday,Friday,Medium_Load,71.39,100.00,89.81,0.00,34.96
16/04/2018 10:45,Weekday,Monday,Maximum_Load,65.63,100.00,88.56,0.00,34.42
23/08/2018 01:15,Weekday,Thursday,Light_Load,2.92,100.00,48.54,0.00,5.26
26/05/2018 03:30,Weekend,Saturday,Light_Load,3.13,100.00,50.64,0.00,5.33
06/08/2018 21:15,Weekday,Monday,Medium_Load,8.17,36.33,100.00,20.95,0.00
17/02/2018 17:00,Weekend,Saturday,Light_Load,3.89,18.53,100.00,20.63,0.00
03/03/2018 09:30,Weekend,Saturday,Medium_Load,37.69,99.80,99.04,2.38,5.26
30/05/2018 17:00,Weekday,Wednesday,Maximum_Load,104.69,100.00,95.54,0.00,32.36
23/09/2018 13:30,Weekend,Sunday,Light_Load,2.99,22.41,100.00,13.00,0.00
14/12/2018 04:15,Weekday,Friday,Light_Load,4.18,100.00,76.40,0.04,3.53
01/12/2018 00:15,Weekend,Saturday,Light_Load,3.89,99.48,82.15,0.40,2.70
07/03/2018 10:30,Weekday,Wednesday,Maximum_Load,94.14,100.00,96.75,0.00,24.59
11/06/2018 02:45,Weekday,Monday,Light_Load,3.46,100.00,51.76,0.00,5.72
28/04/2018 11:15,Weekend,Saturday,Maximum_Load,79.99,100.00,94.25,0.00,28.37
19/11/2018 18:45,Weekday,Monday,Maximum_Load,43.49,100.00,98.45,0.00,7.74
01/12/2018 17:00,Weekend,Saturday,Medium_Load,4.64,21.48,100.00,21.10,0.00
25/08/2018 05:00,Weekend,Saturday,Light_Load,2.81,100.00,46.91,0.00,5.29
21/06/2018 04:00,Weekday,Thursday,Light_Load,2.95,100.00,49.70,0.00,5.15
30/12/2018 01:30,Weekend,Sunday,Light_Load,3.17,100.00,79.97,0.00,2.38
10/09/2018 15:45,Weekday,Monday,Maximum_Load,87.70,100.00,90.41,0.00,41.44
15/10/2018 19:30,Weekday,Monday,Medium_Load,96.12,100.00,91.80,0.00,41.51
21/03/2018 20:30,Weekday,Wednesday,Medium_Load,75.24,99.98,99.24,1.55,9.32
31/08/2018 02:00,Weekday,Friday,Light_Load,2.77,100.00,46.87,0.00,5.22
13/10/2018 01:45,Weekend,Saturday,Light_Load,3.56,100.00,43.64,0.00,7.34
01/07/2018 17:45,Weekend,Sunday,Light_Load,2.95,16.62,100.00,17.50,0.00
11/07/2018 13:30,Weekday,Wednesday,Maximum_Load,58.14,100.00,91.21,0.00,26.14
28/09/2018 16:15,Weekday,Friday,Maximum_Load,38.74,100.00,89.38,0.00,19.44
10/09/2018 08:00,Weekday,Monday,Light_Load,3.20,100.00,51.26,0.00,5.36
01/02/2018 18:30,Weekday,Thursday,Maximum_Load,84.13,100.00,79.52,0.00,64.15
11/06/2018 17:45,Weekday,Monday,Medium_Load,29.70,98.26,99.99,5.62,0.36
27/03/2018 05:15,Weekday,Tuesday,Light_Load,3.13,100.00,63.38,0.00,3.82
12/02/2018 00:15,Weekday,Monday,Light_Load,3.64,100.00,74.29,0.00,3.28
31/01/2018 05:15,Weekday,Wednesday,Light_Load,5.90,100.00,73.77,0.00,5.40
09/09/2018 00:15,Weekend,Sunday,Light_Load,3.38,100.00,47.51,0.00,6.26
07/04/2018 20:15,Weekend,Saturday,Medium_Load,4.03,15.22,100.00,26.17,0.00
02/11/2018 16:45,Weekday,Friday,Medium_Load,60.23,100.00,86.85,0.00,34.38
03/10/2018 09:00,Weekday,Wednesday,Light_Load,57.06,100.00,83.66,0.00,37.37
30/01/2018 02:00,Weekday,Tuesday,Light_Load,7.99,100.00,78.19,0.00,6.37
26/08/2018 22:00,Weekend,Sunday,Medium_Load,3.13,23.11,100.00,13.18,0.00
31/12/2018 18:00,Weekday,Monday,Light_Load,3.42,32.98,100.00,9.79,0.00
22/07/2018 19:15,Weekend,Sunday,Light_Load,3.67,21.91,100.00,16.34,0.00
28/07/2018 02:15,Weekend,Saturday,Light_Load,3.60,100.00,52.54,0.00,5.83
02/04/2018 12:45,Weekday,Monday,Medium_Load,5.47,20.76,100.00,25.78,0.00
08/03/2018 03:45,Weekday,Thursday,Light_Load,3.06,100.00,78.56,0.00,2.41
17/05/2018 05:00,Weekday,Thursday,Light_Load,3.24,100.00,52.23,0.00,5.29
11/07/2018 10:30,Weekday,Wednesday,Maximum_Load,66.71,100.00,88.62,0.00,34.88
05/09/2018 18:45,Weekday,Wednesday,Medium_Load,49.79,100.00,89.56,0.00,24.73
15/12/2018 21:45,Weekend,Saturday,Light_Load,4.25,18.67,100.00,22.36,0.00
25/09/2018 12:00,Weekday,Tuesday,Light_Load,2.59,38.60,100.00,6.19,0.00
14/01/2018 21:15,Weekend,Sunday,Medium_Load,5.00,18.21,100.00,27.00,0.00
12/08/2018 21:45,Weekend,Sunday,Light_Load,3.13,21.04,100.00,14.54,0.00
04/09/2018 11:15,Weekday,Tuesday,Maximum_Load,122.65,100.00,88.27,0.00,65.30
24/05/2018 14:00,Weekday,Thursday,Maximum_Load,63.11,100.00,89.70,0.00,31.10
22/03/2018 04:00,Weekday,Thursday,Light_Load,3.35,100.00,62.27,0.00,4.21
27/05/2018 03:15,Weekend,Sunday,Light_Load,2.92,100.00,48.05,0.00,5.33
23/03/2018 06:15,Weekday,Friday,Light_Load,3.24,100.00,62.94,0.00,4.00
17/04/2018 03:30,Weekday,Tuesday,Light_Load,3.13,100.00,63.08,0.00,3.85
05/11/2018 21:15,Weekday,Monday,Medium_Load,42.59,100.00,90.57,0.00,19.94
16/08/2018 08:15,Weekday,Thursday,Light_Load,69.08,100.00,79.22,0.00,53.21
30/03/2018 13:15,Weekday,Friday,Maximum_Load,49.21,99.99,93.44,0.61,18.76
31/05/2018 01:45,Weekday,Thursday,Light_Load,3.31,100.00,49.82,0.00,5.76
13/09/2018 05:00,Weekday,Thursday,Light_Load,2.77,100.00,51.50,0.00,4.61
26/08/2018 19:00,Weekend,Sunday,Medium_Load,3.24,22.01,100.00,14.36,0.00
01/01/2018 21:00,Weekday,Monday,Light_Load,4.21,17.10,100.00,24.26,0.00
09/11/2018 11:15,Weekday,Friday,Maximum_Load,68.08,100.00,87.39,0.00,37.87
05/03/2018 12:00,Weekday,Monday,Maximum_Load,88.60,100.00,88.72,0.00,46.08
08/12/2018 07:30,Weekend,Saturday,Light_Load,3.31,100.00,75.44,0.00,2.88
08/11/2018 18:00,Weekday,Thursday,Maximum_Load,32.26,100.00,97.44,0.18,7.45
22/04/2018 19:45,Weekend,Sunday,Medium_Load,3.85,19.67,100.00,19.19,0.00
03/10/2018 03:30,Weekday,Wednesday,Light_Load,2.92,100.00,44.97,0.00,5.80
15/11/2018 12:30,Weekday,Thursday,Medium_Load,4.54,25.60,100.00,17.14,0.00
12/11/2018 03:15,Weekday,Monday,Light_Load,3.38,100.00,53.06,0.00,5.40
03/12/2018 17:30,Weekday,Monday,Maximum_Load,61.42,100.00,87.63,0.00,33.77
29/06/2018 09:15,Weekday,Friday,Medium_Load,45.54,100.00,90.95,0.00,20.81
07/05/2018 23:00,Weekday,Monday,Medium_Load,4.07,100.00,65.62,0.00,4.68
30/07/2018 07:30,Weekday,Monday,Light_Load,3.06,100.00,54.40,0.00,4.72
05/01/2018 19:45,Weekday,Friday,Maximum_Load,55.62,100.00,94.28,0.00,19.66
31/03/2018 11:45,Weekend,Saturday,Light_Load,2.92,49.83,100.00,5.08,0.00
15/12/2018 13:30,Weekend,Saturday,Light_Load,3.35,21.98,100.00,14.87,0.00
21/06/2018 15:30,Weekday,Thursday,Maximum_Load,44.50,100.00,94.49,0.00,15.41
19/10/2018 18:15,Weekday,Friday,Medium_Load,43.13,100.00,83.96,0.00,27.90
20/05/2018 06:45,Weekend,Sunday,Light_Load,3.67,100.00,51.18,0.00,6.16
03/09/2018 06:00,Weekday,Monday,Light_Load,2.66,100.00,52.79,0.00,4.28
14/01/2018 21:00,Weekend,Sunday,Medium_Load,4.97,18.13,100.00,26.96,0.00
27/06/2018 11:45,Weekday,Wednesday,Maximum_Load,50.51,100.00,78.78,0.00,39.49
23/09/2018 05:15,Weekend,Sunday,Light_Load,2.56,100.00,44.79,0.00,5.11
08/01/2018 16:45,Weekday,Monday,Medium_Load,136.98,100.00,93.05,0.00,53.93
30/04/2018 01:15,Weekday,Monday,Light_Load,2.88,100.00,54.85,0.00,4.39
18/05/2018 12:00,Weekday,Friday,Maximum_Load,53.96,100.00,80.03,0.00,40.43
31/01/2018 16:00,Weekday,Wednesday,Medium_Load,124.88,100.00,93.01,0.00,49.32
27/09/2018 12:45,Weekday,Thursday,Medium_Load,3.49,29.85,100.00,11.16,0.00
08/12/2018 04:30,Weekend,Saturday,Light_Load,3.35,100.00,77.07,0.00,2.77
22/10/2018 06:30,Weekday,Monday,Light_Load,3.89,100.00,49.82,0.00,6.77
04/02/2018 22:30,Weekend,Sunday,Light_Load,3.82,100.00,72.11,0.00,3.67
15/06/2018 01:15,Weekday,Friday,Light_Load,3.17,100.00,51.12,0.00,5.33
31/12/2018 11:30,Weekday,Monday,Light_Load,3.82,19.70,100.00,19.01,0.00
16/07/2018 18:00,Weekday,Monday,Medium_Load,31.21,97.54,100.00,7.06,0.18
19/08/2018 19:45,Weekend,Sunday,Light_Load,2.74,18.97,100.00,14.18,0.00
27/03/2018 03:00,Weekday,Tuesday,Light_Load,3.78,100.00,64.66,0.00,4.46
17/06/2018 04:45,Weekend,Sunday,Light_Load,2.84,100.00,57.60,0.00,4.03
19/12/2018 22:45,Weekday,Wednesday,Maximum_Load,3.96,99.59,80.19,0.36,2.95
04/11/2018 01:15,Weekend,Sunday,Light_Load,2.99,100.00,51.55,0.00,4.97
06/01/2018 03:00,Weekend,Saturday,Light_Load,4.21,100.00,59.95,0.00,5.62
30/04/2018 19:15,Weekday,Monday,Medium_Load,3.74,14.74,100.00,25.09,0.00
19/08/2018 00:45,Weekend,Sunday,Light_Load,2.59,100.00,52.67,0.00,4.18
25/02/2018 01:45,Weekend,Sunday,Light_Load,5.87,100.00,70.71,0.00,5.87
16/09/2018 00:00,Weekend,Sunday,Light_Load,2.74,100.00,48.28,0.00,4.97
09/11/2018 03:45,Weekday,Friday,Light_Load,3.28,100.00,53.20,0.00,5.22
16/12/2018 10:15,Weekend,Sunday,Maximum_Load,61.81,100.00,91.71,0.00,26.86
13/10/2018 05:15,Weekend,Saturday,Light_Load,2.81,100.00,54.88,0.00,4.28
29/12/2018 18:00,Weekend,Saturday,Light_Load,3.56,26.70,100.00,12.85,0.00
26/04/2018 22:00,Weekday,Thursday,Medium_Load,4.00,14.87,100.00,26.60,0.00
16/05/2018 02:15,Weekday,Wednesday,Light_Load,3.82,100.00,60.71,0.00,5.00
16/12/2018 06:45,Weekend,Sunday,Light_Load,3.64,100.00,76.96,0.00,3.02
08/08/2018 08:00,Weekday,Wednesday,Light_Load,4.82,100.00,53.06,0.00,7.70
28/05/2018 13:00,Weekday,Monday,Medium_Load,4.10,24.64,100.00,16.13,0.00
31/03/2018 12:15,Weekend,Saturday,Light_Load,3.02,22.51,100.00,13.07,0.00
29/12/2018 02:15,Weekend,Saturday,Light_Load,3.71,99.99,75.72,0.04,3.20
28/03/2018 19:15,Weekday,Wednesday,Medium_Load,39.49,99.99,98.43,0.40,7.09
26/06/2018 14:00,Weekday,Tuesday,Maximum_Load,58.64,100.00,88.96,0.00,30.10
24/04/2018 03:00,Weekday,Tuesday,Light_Load,3.20,100.00,59.17,0.00,4.36
01/02/2018 13:15,Weekday,Thursday,Medium_Load,51.80,99.70,97.27,4.03,12.35
04/05/2018 08:30,Weekday,Friday,Light_Load,61.74,100.00,72.74,0.00,58.25
16/10/2018 22:00,Weekday,Tuesday,Medium_Load,3.96,23.84,99.99,16.13,0.04
24/10/2018 17:45,Weekday,Wednesday,Medium_Load,52.92,100.00,87.05,0.00,29.92
26/12/2018 02:15,Weekday,Wednesday,Light_Load,3.78,100.00,73.09,0.00,3.53
10/02/2018 05:30,Weekend,Saturday,Light_Load,6.48,100.00,77.64,0.00,5.26
13/07/2018 04:00,Weekday,Friday,Light_Load,2.88,100.00,47.33,0.00,5.36
17/06/2018 09:30,Weekend,Sunday,Light_Load,2.99,17.33,100.00,16.99,0.00
10/12/2018 18:45,Weekday,Monday,Maximum_Load,4.46,19.94,100.00,21.92,0.00
25/04/2018 12:45,Weekday,Wednesday,Medium_Load,4.64,17.74,100.00,25.74,0.00
12/11/2018 01:45,Weekday,Monday,Light_Load,2.84,100.00,57.22,0.00,4.07
25/02/2018 17:15,Weekend,Sunday,Light_Load,4.32,25.66,100.00,16.27,0.00
01/06/2018 04:30,Weekday,Friday,Light_Load,3.02,100.00,46.18,0.00,5.80
14/01/2018 08:30,Weekend,Sunday,Light_Load,20.20,100.00,77.60,0.00,16.42
01/12/2018 09:15,Weekend,Saturday,Medium_Load,28.58,98.66,99.96,4.72,0.83
06/09/2018 12:15,Weekday,Thursday,Medium_Load,5.80,47.93,99.57,10.62,0.54
25/10/2018 15:30,Weekday,Thursday,Maximum_Load,47.38,100.00,89.47,0.00,23.65
04/05/2018 09:45,Weekday,Friday,Medium_Load,64.94,100.00,88.91,0.00,33.44
18/05/2018 06:30,Weekday,Friday,Light_Load,3.64,100.00,54.36,0.00,5.62
11/07/2018 16:30,Weekday,Wednesday,Maximum_Load,49.93,100.00,96.10,0.00,14.36
23/10/2018 14:00,Weekday,Tuesday,Maximum_Load,55.76,100.00,86.29,0.00,32.65
08/03/2018 22:15,Weekday,Thursday,Medium_Load,5.40,33.01,94.87,15.44,1.80
18/12/2018 10:15,Weekday,Tuesday,Maximum_Load,63.04,100.00,91.23,0.00,28.30
03/12/2018 13:30,Weekday,Monday,Medium_Load,51.95,100.00,90.73,0.00,24.08
25/09/2018 04:30,Weekday,Tuesday,Light_Load,2.59,100.00,41.01,0.00,5.76
12/11/2018 14:30,Weekday,Monday,Medium_Load,59.29,100.00,86.62,0.00,34.20
29/09/2018 02:15,Weekend,Saturday,Light_Load,2.52,100.00,52.36,0.00,4.10
24/12/2018 10:45,Weekday,Monday,Maximum_Load,54.86,100.00,93.79,0.00,20.30
29/08/2018 19:00,Weekday,Wednesday,Medium_Load,40.68,100.00,87.61,0.00,22.39
13/11/2018 17:45,Weekday,Tuesday,Maximum_Load,39.38,100.00,98.88,0.25,5.94
14/07/2018 05:15,Weekend,Saturday,Light_Load,2.74,100.00,47.76,0.00,5.04
27/03/2018 04:00,Weekday,Tuesday,Light_Load,3.10,100.00,64.12,0.00,3.71
01/01/2018 01:45,Weekday,Monday,Light_Load,3.60,100.00,65.62,0.00,4.14
16/07/2018 02:45,Weekday,Monday,Light_Load,3.42,56.46,100.00,5.00,0.00
09/12/2018 17:15,Weekend,Sunday,Light_Load,3.49,21.90,100.00,15.55,0.00
11/10/2018 12:00,Weekday,Thursday,Maximum_Load,110.52,100.00,87.56,0.00,60.98
24/03/2018 03:30,Weekend,Saturday,Light_Load,3.71,100.00,65.50,0.00,4.28
10/08/2018 15:45,Weekday,Friday,Maximum_Load,131.00,100.00,90.28,0.00,62.42
01/12/2018 21:30,Weekend,Saturday,Medium_Load,4.79,22.54,100.00,20.70,0.00
03/06/2018 13:30,Weekend,Sunday,Light_Load,2.99,17.51,100.00,16.81,0.00
12/01/2018 14:45,Weekday,Friday,Medium_Load,116.89,100.00,92.48,0.00,48.10
22/04/2018 05:00,Weekend,Sunday,Light_Load,3.46,100.00,59.45,0.00,4.68
16/01/2018 16:00,Weekday,Tuesday,Medium_Load,76.14,100.00,92.79,0.00,30.60
28/11/2018 16:45,Weekday,Wednesday,Medium_Load,83.30,100.00,90.18,0.00,39.92
07/11/2018 16:45,Weekday,Wednesday,Medium_Load,68.40,100.00,85.05,0.00,42.30
01/03/2018 17:15,Weekday,Thursday,Medium_Load,12.38,57.75,100.00,17.50,0.00
28/02/2018 10:45,Weekday,Wednesday,Maximum_Load,75.13,100.00,93.37,0.00,28.80
23/05/2018 17:30,Weekday,Wednesday,Medium_Load,66.74,100.00,87.39,0.00,37.12
31/07/2018 21:45,Weekday,Tuesday,Medium_Load,3.02,18.25,100.00,16.27,0.00
29/10/2018 13:30,Weekday,Monday,Maximum_Load,89.46,100.00,93.56,0.00,33.77
01/11/2018 06:45,Weekday,Thursday,Light_Load,3.17,100.00,63.86,0.00,3.82
06/02/2018 13:15,Weekday,Tuesday,Medium_Load,72.14,99.79,96.62,4.64,19.26
01/10/2018 13:00,Weekday,Monday,Medium_Load,5.62,30.64,100.00,17.46,0.00
16/08/2018 06:00,Weekday,Thursday,Light_Load,2.70,100.00,43.30,0.00,5.62
10/06/2018 01:00,Weekend,Sunday,Light_Load,2.77,100.00,51.26,0.00,4.64
16/10/2018 07:30,Weekday,Tuesday,Light_Load,3.20,100.00,49.75,0.00,5.58
23/10/2018 03:15,Weekday,Tuesday,Light_Load,3.38,100.00,49.02,0.00,6.01
16/02/2018 13:00,Weekday,Friday,Light_Load,3.42,19.81,100.00,16.92,0.00
01/11/2018 03:15,Weekday,Thursday,Light_Load,3.31,100.00,61.81,0.00,4.21
22/04/2018 18:00,Weekend,Sunday,Medium_Load,4.10,23.41,100.00,17.03,0.00
08/08/2018 06:15,Weekday,Wednesday,Light_Load,3.74,100.00,48.96,0.00,6.66
19/02/2018 11:45,Weekday,Monday,Maximum_Load,89.32,100.00,91.14,0.00,40.32
12/12/2018 23:15,Weekday,Wednesday,Light_Load,4.14,99.70,82.09,0.32,2.88
21/06/2018 02:45,Weekday,Thursday,Light_Load,2.92,100.00,51.19,0.00,4.90
05/06/2018 01:15,Weekday,Tuesday,Light_Load,3.53,100.00,58.45,0.00,4.90
02/08/2018 15:45,Weekday,Thursday,Light_Load,3.10,18.25,100.00,16.70,0.00
04/08/2018 22:30,Weekend,Saturday,Light_Load,2.74,100.00,47.76,0.00,5.04
23/01/2018 02:00,Weekday,Tuesday,Light_Load,28.73,100.00,78.20,0.00,22.90
05/01/2018 20:30,Weekday,Friday,Medium_Load,55.15,100.00,97.89,0.07,11.52
03/10/2018 00:45,Weekday,Wednesday,Light_Load,3.38,100.00,41.97,0.00,7.31
04/06/2018 05:00,Weekday,Monday,Light_Load,2.92,100.00,47.57,0.00,5.40
18/06/2018 15:00,Weekday,Monday,Maximum_Load,52.49,100.00,93.61,0.00,19.73
24/10/2018 21:15,Weekday,Wednesday,Medium_Load,3.82,21.80,100.00,17.10,0.00
01/08/2018 00:15,Weekday,Wednesday,Light_Load,3.20,100.00,57.61,0.00,4.54
04/02/2018 06:00,Weekend,Sunday,Light_Load,5.94,100.00,70.71,0.00,5.94
05/05/2018 20:00,Weekend,Saturday,Light_Load,3.67,17.61,100.00,20.52,0.00
04/07/2018 11:15,Weekday,Wednesday,Maximum_Load,91.40,100.00,87.88,0.00,49.64
25/07/2018 10:30,Weekday,Wednesday,Maximum_Load,48.96,100.00,96.38,0.00,13.54
30/03/2018 14:30,Weekday,Friday,Maximum_Load,64.40,100.00,89.87,0.00,31.43
24/01/2018 08:15,Weekday,Wednesday,Light_Load,55.30,100.00,81.00,0.00,40.03
27/08/2018 14:00,Weekday,Monday,Maximum_Load,41.76,100.00,93.12,0.00,16.34
29/12/2018 19:30,Weekend,Saturday,Light_Load,3.35,23.27,100.00,14.00,0.00
14/01/2018 02:00,Weekend,Sunday,Light_Load,4.64,100.00,69.58,0.00,4.79
04/01/2018 23:15,Weekday,Thursday,Light_Load,4.64,100.00,66.72,0.00,5.18
22/07/2018 20:00,Weekend,Sunday,Light_Load,3.02,17.75,100.00,16.74,0.00
05/09/2018 05:45,Weekday,Wednesday,Light_Load,2.56,100.00,44.79,0.00,5.11
12/01/2018 13:15,Weekday,Friday,Medium_Load,107.10,99.94,92.69,3.82,43.38
25/06/2018 06:00,Weekday,Monday,Light_Load,2.95,100.00,53.90,0.00,4.61
25/07/2018 03:00,Weekday,Wednesday,Light_Load,2.95,100.00,56.39,0.00,4.32
08/06/2018 11:45,Weekday,Friday,Maximum_Load,48.38,100.00,76.91,0.00,40.21
12/04/2018 15:45,Weekday,Thursday,Maximum_Load,77.15,100.00,87.41,0.00,42.88
03/02/2018 05:30,Weekend,Saturday,Light_Load,5.94,100.00,76.69,0.00,4.97
07/07/2018 07:30,Weekend,Saturday,Light_Load,3.85,100.00,61.55,0.00,4.93
21/11/2018 16:15,Weekday,Wednesday,Medium_Load,70.60,100.00,93.80,0.00,26.10
12/03/2018 19:30,Weekday,Monday,Medium_Load,36.86,100.00,99.32,0.00,4.32
06/03/2018 23:30,Weekday,Tuesday,Light_Load,4.82,100.00,78.13,0.00,3.85
11/11/2018 09:30,Weekend,Sunday,Light_Load,3.53,20.26,100.00,17.06,0.00
18/01/2018 12:30,Weekday,Thursday,Medium_Load,7.81,28.71,100.00,26.06,0.00
11/03/2018 00:45,Weekend,Sunday,Light_Load,3.74,100.00,68.66,0.00,3.96
19/10/2018 16:45,Weekday,Friday,Maximum_Load,56.66,100.00,84.13,0.00,36.40
20/10/2018 07:30,Weekend,Saturday,Light_Load,2.88,100.00,51.85,0.00,4.75
24/04/2018 19:45,Weekday,Tuesday,Medium_Load,57.10,100.00,97.12,0.00,14.00
04/12/2018 20:15,Weekday,Tuesday,Medium_Load,48.89,100.00,94.09,0.00,17.60
15/11/2018 10:30,Weekday,Thursday,Maximum_Load,88.42,100.00,92.57,0.00,36.14
23/06/2018 09:00,Weekend,Saturday,Light_Load,41.18,100.00,92.89,0.36,16.42
20/03/2018 11:45,Weekday,Tuesday,Maximum_Load,63.86,100.00,81.48,0.00,45.43
26/10/2018 07:30,Weekday,Friday,Light_Load,3.28,100.00,55.08,0.00,4.97
05/07/2018 20:15,Weekday,Thursday,Medium_Load,65.23,100.00,91.91,0.00,27.97
17/05/2018 11:30,Weekday,Thursday,Maximum_Load,113.15,100.00,85.07,0.00,69.91
12/06/2018 01:00,Weekday,Tuesday,Light_Load,4.10,100.00,54.12,0.00,6.37
02/11/2018 04:15,Weekday,Friday,Light_Load,3.10,100.00,47.84,0.00,5.69
12/03/2018 10:15,Weekday,Monday,Maximum_Load,52.99,100.00,98.63,0.18,8.86
21/08/2018 05:15,Weekday,Tuesday,Light_Load,2.77,100.00,47.37,0.00,5.15
26/06/2018 06:45,Weekday,Tuesday,Light_Load,2.63,100.00,57.83,0.00,3.71
09/12/2018 02:45,Weekend,Sunday,Light_Load,3.35,99.99,80.37,0.04,2.48
31/03/2018 00:00,Weekend,Saturday,Light_Load,2.70,100.00,60.43,0.00,3.56
18/03/2018 01:30,Weekend,Sunday,Light_Load,3.06,100.00,67.11,0.00,3.38
10/05/2018 11:45,Weekday,Thursday,Maximum_Load,54.00,100.00,81.12,0.00,38.92
17/12/2018 02:45,Weekday,Monday,Light_Load,4.32,100.00,72.79,0.00,4.07
23/08/2018 05:30,Weekday,Thursday,Light_Load,3.17,100.00,46.84,0.00,5.98
19/11/2018 00:45,Weekday,Monday,Light_Load,3.49,100.00,49.78,0.00,6.08
05/05/2018 06:15,Weekend,Saturday,Light_Load,2.88,100.00,58.14,0.00,4.03
22/03/2018 15:15,Weekday,Thursday,Maximum_Load,104.76,100.00,94.51,0.00,36.22
09/01/2018 19:15,Weekday,Tuesday,Maximum_Load,103.68,100.00,95.20,0.00,33.34
03/08/2018 05:15,Weekday,Friday,Light_Load,2.92,100.00,42.83,0.00,6.16
12/12/2018 07:00,Weekday,Wednesday,Light_Load,3.96,99.99,76.73,0.04,3.31
10/06/2018 17:00,Weekend,Sunday,Light_Load,3.20,18.44,100.00,17.06,0.00
25/06/2018 03:00,Weekday,Monday,Light_Load,2.84,100.00,52.20,0.00,4.64
12/09/2018 13:00,Weekday,Wednesday,Medium_Load,5.11,28.57,100.00,17.14,0.00
17/02/2018 19:30,Weekend,Saturday,Light_Load,3.38,19.12,100.00,17.35,0.00
24/09/2018 10:00,Weekday,Monday,Light_Load,3.24,21.29,100.00,14.87,0.00
25/02/2018 02:15,Weekend,Sunday,Light_Load,5.90,100.00,68.76,0.00,6.23
12/05/2018 02:45,Weekend,Saturday,Light_Load,3.02,100.00,61.72,0.00,3.85
30/09/2018 11:15,Weekend,Sunday,Light_Load,2.70,22.16,100.00,11.88,0.00
23/05/2018 16:00,Weekday,Wednesday,Maximum_Load,124.13,100.00,90.75,0.00,57.46
05/01/2018 11:45,Weekday,Friday,Maximum_Load,130.03,100.00,89.78,0.00,63.79
14/01/2018 20:45,Weekend,Sunday,Medium_Load,4.93,17.94,100.00,27.04,0.00
20/12/2018 22:30,Weekday,Thursday,Maximum_Load,3.85,99.79,78.68,0.25,3.02
28/03/2018 16:45,Weekday,Wednesday,Maximum_Load,54.58,100.00,92.45,0.00,22.50
12/03/2018 04:15,Weekday,Monday,Light_Load,3.24,100.00,67.62,0.00,3.53
05/05/2018 13:00,Weekend,Saturday,Light_Load,3.64,19.13,100.00,18.68,0.00
12/04/2018 20:45,Weekday,Thursday,Medium_Load,35.78,99.88,99.97,1.76,0.94
27/11/2018 00:15,Weekday,Tuesday,Light_Load,4.72,100.00,77.17,0.00,3.89
07/05/2018 18:15,Weekday,Monday,Medium_Load,69.30,100.00,87.89,0.00,37.62
23/10/2018 22:15,Weekday,Tuesday,Medium_Load,62.50,100.00,82.57,0.00,42.70
27/09/2018 15:15,Weekday,Thursday,Maximum_Load,110.05,100.00,87.44,0.00,61.06
13/04/2018 04:30,Weekday,Friday,Light_Load,4.25,100.00,54.02,0.00,6.62
13/06/2018 17:15,Weekday,Wednesday,Medium_Load,3.06,17.94,100.00,16.78,0.00
05/10/2018 14:00,Weekday,Friday,Maximum_Load,54.22,100.00,88.44,0.00,28.62
05/05/2018 10:45,Weekend,Saturday,Light_Load,3.85,14.55,100.00,26.17,0.00
29/11/2018 23:15,Weekday,Thursday,Light_Load,4.03,100.00,65.82,0.00,4.61
26/10/2018 03:00,Weekday,Friday,Light_Load,2.88,100.00,53.57,0.00,4.54
11/05/2018 22:45,Weekday,Friday,Medium_Load,3.60,100.00,68.58,0.00,3.82
06/12/2018 08:15,Weekday,Thursday,Light_Load,32.29,100.00,80.03,0.00,24.19
31/08/2018 11:30,Weekday,Friday,Maximum_Load,60.01,100.00,80.15,0.00,44.78
19/01/2018 18:30,Weekday,Friday,Maximum_Load,124.63,100.00,88.06,0.00,67.07
23/02/2018 09:15,Weekday,Friday,Medium_Load,106.16,100.00,91.83,0.00,45.76
08/03/2018 23:00,Weekday,Thursday,Medium_Load,4.93,100.00,81.07,0.00,3.56
07/09/2018 22:15,Weekday,Friday,Medium_Load,3.89,99.96,51.06,0.11,6.55
10/08/2018 08:45,Weekday,Friday,Light_Load,55.73,100.00,73.46,0.00,51.48
22/10/2018 05:00,Weekday,Monday,Light_Load,2.88,100.00,46.32,0.00,5.51
06/04/2018 08:00,Weekday,Friday,Light_Load,3.85,100.00,70.71,0.00,3.85
12/03/2018 21:00,Weekday,Monday,Medium_Load,28.37,96.66,99.71,7.52,2.16
23/10/2018 13:45,Weekday,Tuesday,Maximum_Load,96.41,100.00,83.73,0.00,62.96
22/07/2018 13:15,Weekend,Sunday,Light_Load,2.84,35.33,100.00,7.52,0.00
18/08/2018 13:45,Weekend,Saturday,Maximum_Load,46.55,100.00,93.39,0.00,17.82
23/09/2018 10:45,Weekend,Sunday,Light_Load,2.77,23.95,100.00,11.23,0.00
01/02/2018 23:00,Weekday,Thursday,Maximum_Load,105.37,100.00,88.06,0.00,56.70
29/04/2018 15:00,Weekend,Sunday,Light_Load,3.17,19.00,100.00,16.38,0.00
16/08/2018 14:45,Weekday,Thursday,Maximum_Load,43.85,100.00,90.29,0.00,20.88
11/03/2018 14:00,Weekend,Sunday,Maximum_Load,30.85,99.86,99.93,1.66,1.15
26/07/2018 02:15,Weekday,Thursday,Light_Load,3.56,100.00,60.87,0.00,4.64
01/01/2018 19:00,Weekday,Monday,Light_Load,4.07,17.75,100.00,22.57,0.00
04/01/2018 06:15,Weekday,Thursday,Light_Load,4.61,100.00,70.48,0.00,4.64
09/10/2018 20:00,Weekday,Tuesday,Medium_Load,3.64,19.59,100.00,18.22,0.00
06/08/2018 15:45,Weekday,Monday,Maximum_Load,50.94,100.00,95.56,0.00,15.70
08/01/2018 15:30,Weekday,Monday,Medium_Load,111.02,100.00,92.92,0.00,44.14
08/08/2018 21:15,Weekday,Wednesday,Medium_Load,7.16,32.94,100.00,20.52,0.00
09/05/2018 15:15,Weekday,Wednesday,Maximum_Load,63.36,100.00,88.70,0.00,32.98
19/06/2018 10:00,Weekday,Tuesday,Medium_Load,39.53,100.00,98.12,0.32,7.78
04/11/2018 03:15,Weekend,Sunday,Light_Load,2.95,100.00,49.70,0.00,5.15
18/01/2018 18:00,Weekday,Thursday,Maximum_Load,36.97,98.33,100.00,6.84,0.25
22/01/2018 03:30,Weekday,Monday,Light_Load,4.54,100.00,72.13,0.00,4.36
25/06/2018 16:45,Weekday,Monday,Maximum_Load,57.06,100.00,90.87,0.00,26.21
25/01/2018 14:45,Weekday,Thursday,Medium_Load,76.18,100.00,92.51,0.00,31.28
25/07/2018 05:00,Weekday,Wednesday,Light_Load,3.13,100.00,58.05,0.00,4.39
09/02/2018 23:00,Weekday,Friday,Maximum_Load,57.13,100.00,83.97,0.00,36.94
16/09/2018 04:15,Weekend,Sunday,Light_Load,2.74,100.00,45.99,0.00,5.29
23/06/2018 08:30,Weekend,Saturday,Light_Load,41.98,100.00,72.49,0.00,39.89
15/11/2018 13:15,Weekday,Thursday,Medium_Load,54.00,99.46,94.29,5.62,19.08
19/07/2018 02:45,Weekday,Thursday,Light_Load,3.02,55.13,100.00,4.57,0.00
19/04/2018 15:15,Weekday,Thursday,Maximum_Load,54.65,100.00,90.81,0.00,25.20
24/12/2018 13:30,Weekday,Monday,Medium_Load,46.98,100.00,97.26,0.18,11.23
30/06/2018 21:45,Weekend,Saturday,Medium_Load,3.28,19.68,100.00,16.34,0.00
04/06/2018 15:00,Weekday,Monday,Maximum_Load,54.04,100.00,92.45,0.00,22.28
29/09/2018 13:45,Weekend,Saturday,Maximum_Load,47.48,100.00,93.03,0.00,18.72
29/01/2018 17:45,Weekday,Monday,Maximum_Load,68.62,100.00,99.42,0.65,7.45
30/10/2018 09:45,Weekday,Tuesday,Medium_Load,66.02,100.00,87.67,0.00,36.22
27/04/2018 13:15,Weekday,Friday,Maximum_Load,33.77,97.76,97.31,7.27,7.99
22/11/2018 14:00,Weekday,Thursday,Medium_Load,83.63,100.00,88.89,0.00,43.09
04/06/2018 07:30,Weekday,Monday,Light_Load,3.42,100.00,56.15,0.00,5.04
17/01/2018 13:15,Weekday,Wednesday,Medium_Load,66.60,99.85,91.75,3.60,28.87
15/11/2018 20:30,Weekday,Thursday,Medium_Load,46.04,100.00,92.38,0.00,19.08
12/06/2018 19:15,Weekday,Tuesday,Medium_Load,63.04,100.00,90.16,0.00,30.24
02/08/2018 10:45,Weekday,Thursday,Light_Load,3.64,16.10,100.00,22.32,0.00
15/05/2018 12:30,Weekday,Tuesday,Medium_Load,4.93,18.64,100.00,25.99,0.00
25/06/2018 13:00,Weekday,Monday,Medium_Load,5.58,20.85,100.00,26.17,0.00
01/11/2018 00:30,Weekday,Thursday,Light_Load,3.96,100.00,56.65,0.00,5.76
11/04/2018 12:00,Weekday,Wednesday,Maximum_Load,64.15,100.00,78.78,0.00,50.15
04/10/2018 03:30,Weekday,Thursday,Light_Load,2.77,100.00,45.18,0.00,5.47
05/03/2018 00:30,Weekday,Monday,Light_Load,3.06,100.00,62.92,0.00,3.78
18/12/2018 07:45,Weekday,Tuesday,Light_Load,5.58,99.87,89.12,0.29,2.84
08/09/2018 06:15,Weekend,Saturday,Light_Load,3.13,100.00,49.19,0.00,5.54
08/02/2018 22:00,Weekday,Thursday,Medium_Load,56.48,99.92,99.33,2.23,6.55
26/11/2018 02:15,Weekday,Monday,Light_Load,3.13,100.00,70.26,0.00,3.17
25/06/2018 10:45,Weekday,Monday,Maximum_Load,90.07,100.00,92.12,0.00,38.05
11/01/2018 18:30,Weekday,Thursday,Maximum_Load,132.77,100.00,88.19,0.00,70.99
10/11/2018 21:15,Weekend,Saturday,Medium_Load,3.74,20.19,100.00,18.14,0.00
02/05/2018 03:00,Weekday,Wednesday,Light_Load,2.99,100.00,55.34,0.00,4.50
03/07/2018 02:45,Weekday,Tuesday,Light_Load,2.84,100.00,55.92,0.00,4.21
11/10/2018 07:00,Weekday,Thursday,Light_Load,2.88,100.00,45.16,0.00,5.69
10/01/2018 00:45,Weekday,Wednesday,Light_Load,4.61,100.00,70.71,0.00,4.61
23/09/2018 02:00,Weekend,Sunday,Light_Load,2.52,100.00,43.47,0.00,5.22
26/03/2018 17:15,Weekday,Monday,Medium_Load,50.29,100.00,92.56,0.00,20.56
31/07/2018 20:15,Weekday,Tuesday,Medium_Load,2.92,17.14,100.00,16.78,0.00
18/01/2018 16:45,Weekday,Thursday,Medium_Load,106.16,100.00,94.81,0.00,35.60
25/04/2018 01:30,Weekday,Wednesday,Light_Load,3.60,100.00,74.74,0.00,3.20
12/03/2018 17:15,Weekday,Monday,Medium_Load,76.79,100.00,95.45,0.00,23.98
10/11/2018 20:00,Weekend,Saturday,Maximum_Load,3.71,20.11,100.00,18.07,0.00
28/06/2018 08:45,Weekday,Thursday,Light_Load,36.43,100.00,72.26,0.00,34.85
29/07/2018 16:45,Weekend,Sunday,Maximum_Load,32.72,99.84,99.78,1.84,2.16
19/04/2018 13:30,Weekday,Thursday,Maximum_Load,61.99,100.00,90.39,0.00,29.34
06/08/2018 09:15,Weekday,Monday,Medium_Load,109.22,100.00,90.72,0.00,50.65
18/07/2018 01:00,Weekday,Wednesday,Light_Load,2.70,44.72,100.00,5.40,0.00
24/01/2018 22:15,Weekday,Wednesday,Maximum_Load,39.20,100.00,96.15,0.36,11.20
19/06/2018 22:45,Weekday,Tuesday,Medium_Load,3.74,100.00,56.44,0.00,5.47
04/06/2018 12:15,Weekday,Monday,Medium_Load,5.29,26.77,100.00,19.04,0.04
12/12/2018 17:15,Weekday,Wednesday,Maximum_Load,60.70,100.00,91.31,0.00,27.11
24/01/2018 19:45,Weekday,Wednesday,Maximum_Load,31.50,96.93,100.00,7.99,0.00
30/04/2018 12:30,Weekday,Monday,Medium_Load,5.15,18.69,100.00,27.07,0.00
06/05/2018 17:15,Weekend,Sunday,Light_Load,3.17,18.34,100.00,16.99,0.00
26/10/2018 18:30,Weekday,Friday,Medium_Load,51.77,100.00,84.27,0.00,33.08
13/02/2018 19:00,Weekday,Tuesday,Maximum_Load,79.85,99.97,99.35,1.84,9.18
16/11/2018 17:30,Weekday,Friday,Maximum_Load,59.62,100.00,87.53,0.00,32.94
25/02/2018 16:30,Weekend,Sunday,Light_Load,4.21,24.39,100.00,16.74,0.00
20/01/2018 01:30,Weekend,Saturday,Light_Load,72.07,100.00,88.96,0.00,37.01
19/10/2018 22:00,Weekday,Friday,Medium_Load,74.84,100.00,95.27,0.00,23.87
16/01/2018 19:15,Weekday,Tuesday,Maximum_Load,96.16,100.00,88.62,0.00,50.26
15/01/2018 21:00,Weekday,Monday,Medium_Load,46.33,99.81,98.25,2.88,8.78
13/10/2018 03:30,Weekend,Saturday,Light_Load,2.81,100.00,54.53,0.00,4.32
16/06/2018 08:00,Weekend,Saturday,Light_Load,6.55,100.00,60.41,0.00,8.64
04/08/2018 20:30,Weekend,Saturday,Light_Load,2.92,17.01,100.00,16.92,0.00
02/11/2018 11:45,Weekday,Friday,Maximum_Load,66.06,100.00,90.24,0.00,31.54
05/04/2018 03:30,Weekday,Thursday,Light_Load,3.06,100.00,64.35,0.00,3.64
26/10/2018 15:15,Weekday,Friday,Maximum_Load,67.61,100.00,85.18,0.00,41.58
08/06/2018 02:45,Weekday,Friday,Light_Load,2.84,100.00,45.10,0.00,5.62
30/08/2018 17:15,Weekday,Thursday,Medium_Load,42.48,100.00,96.88,0.00,10.87
03/02/2018 06:30,Weekend,Saturday,Light_Load,4.10,100.00,73.16,0.00,3.82
24/06/2018 06:45,Weekend,Sunday,Light_Load,2.56,100.00,57.21,0.00,3.67
14/05/2018 13:30,Weekday,Monday,Maximum_Load,54.00,100.00,86.95,0.00,30.67
29/08/2018 17:00,Weekday,Wednesday,Maximum_Load,52.88,100.00,87.62,0.00,29.09
10/10/2018 20:15,Weekday,Wednesday,Medium_Load,100.73,100.00,93.92,0.00,36.83
23/06/2018 18:30,Weekend,Saturday,Medium_Load,3.24,41.37,100.00,7.13,0.00
12/07/2018 22:30,Weekday,Thursday,Medium_Load,3.71,100.00,62.12,0.00,4.68
02/06/2018 17:30,Weekend,Saturday,Light_Load,3.67,19.46,100.00,18.50,0.00
05/02/2018 20:30,Weekday,Monday,Medium_Load,72.90,100.00,99.33,0.36,8.50
10/09/2018 22:30,Weekday,Monday,Medium_Load,2.66,100.00,42.78,0.00,5.62
02/01/2018 08:00,Weekday,Tuesday,Light_Load,6.73,100.00,82.90,0.00,4.54
14/10/2018 07:30,Weekend,Sunday,Light_Load,2.66,100.00,48.86,0.00,4.75
17/06/2018 09:00,Weekend,Sunday,Light_Load,3.49,25.35,98.51,13.32,0.61
19/07/2018 21:30,Weekday,Thursday,Medium_Load,40.28,100.00,99.40,0.07,4.43
10/12/2018 18:00,Weekday,Monday,Maximum_Load,24.73,98.60,99.78,4.18,1.66
24/06/2018 08:15,Weekend,Sunday,Light_Load,21.56,100.00,71.17,0.00,21.28
14/11/2018 14:45,Weekday,Wednesday,Medium_Load,87.26,100.00,88.74,0.00,45.32
27/01/2018 16:30,Weekend,Saturday,Medium_Load,21.82,86.05,100.00,12.92,0.18
09/01/2018 13:30,Weekday,Tuesday,Medium_Load,136.69,100.00,93.70,0.00,50.94
02/02/2018 14:15,Weekday,Friday,Medium_Load,46.15,100.00,97.79,0.00,9.86
10/03/2018 16:45,Weekend,Saturday,Maximum_Load,35.93,99.95,99.83,1.12,2.09
09/02/2018 13:45,Weekday,Friday,Medium_Load,66.28,100.00,92.02,0.00,28.19
11/12/2018 17:00,Weekday,Tuesday,Medium_Load,70.27,100.00,88.87,0.00,36.25
12/03/2018 12:30,Weekday,Monday,Medium_Load,34.38,99.98,99.94,0.72,1.22
15/08/2018 05:00,Weekday,Wednesday,Light_Load,2.63,100.00,51.39,0.00,4.39
05/12/2018 05:30,Weekday,Wednesday,Light_Load,3.10,99.05,85.99,0.43,1.84
11/11/2018 07:15,Weekend,Sunday,Light_Load,2.84,100.00,53.37,0.00,4.50
18/09/2018 06:45,Weekday,Tuesday,Light_Load,2.88,100.00,47.33,0.00,5.36
01/02/2018 01:15,Weekday,Thursday,Light_Load,76.64,100.00,87.92,0.00,41.54
28/06/2018 04:00,Weekday,Thursday,Light_Load,2.92,100.00,53.51,0.00,4.61
01/04/2018 02:45,Weekend,Sunday,Light_Load,2.77,100.00,56.93,0.00,4.00
30/08/2018 13:30,Weekday,Thursday,Maximum_Load,47.23,100.00,84.22,0.00,30.24
28/03/2018 06:30,Weekday,Wednesday,Light_Load,2.99,100.00,66.59,0.00,3.35
28/01/2018 21:45,Weekend,Sunday,Medium_Load,5.44,19.78,100.00,26.96,0.00
07/08/2018 10:30,Weekday,Tuesday,Maximum_Load,83.41,100.00,91.73,0.00,36.22
09/07/2018 23:15,Weekday,Monday,Light_Load,3.35,100.00,64.97,0.00,3.92
02/02/2018 11:00,Weekday,Friday,Maximum_Load,63.94,100.00,95.70,0.00,19.37
03/04/2018 10:00,Weekday,Tuesday,Medium_Load,87.41,100.00,95.41,0.00,27.43
28/11/2018 05:15,Weekday,Wednesday,Light_Load,22.46,100.00,82.53,0.00,15.37
19/08/2018 03:30,Weekend,Sunday,Light_Load,2.74,100.00,48.58,0.00,4.93
29/06/2018 20:30,Weekday,Friday,Medium_Load,37.91,100.00,97.52,0.04,8.60
30/12/2018 08:45,Weekend,Sunday,Light_Load,3.17,70.71,92.93,3.17,1.26
01/02/2018 20:15,Weekday,Thursday,Medium_Load,80.21,100.00,96.17,0.00,22.86
23/12/2018 10:45,Weekend,Sunday,Light_Load,3.71,26.57,100.00,13.46,0.00
17/01/2018 05:00,Weekday,Wednesday,Light_Load,4.68,100.00,72.39,0.00,4.46
05/06/2018 12:45,Weekday,Tuesday,Medium_Load,4.93,19.47,100.00,24.84,0.00
10/06/2018 00:45,Weekend,Sunday,Light_Load,2.88,100.00,49.32,0.00,5.08
02/11/2018 12:45,Weekday,Friday,Medium_Load,5.94,34.22,100.00,16.31,0.00
06/11/2018 15:45,Weekday,Tuesday,Medium_Load,49.97,100.00,88.43,0.00,26.39
30/01/2018 17:00,Weekday,Tuesday,Medium_Load,76.64,100.00,91.58,0.00,33.62
23/08/2018 21:15,Weekday,Thursday,Medium_Load,6.55,36.86,100.00,16.52,0.00
24/04/2018 05:00,Weekday,Tuesday,Light_Load,3.17,100.00,62.11,0.00,4.00
25/07/2018 16:45,Weekday,Wednesday,Maximum_Load,98.93,100.00,93.60,0.00,37.22
18/06/2018 06:30,Weekday,Monday,Light_Load,2.70,100.00,59.26,0.00,3.67
30/08/2018 08:45,Weekday,Thursday,Light_Load,47.30,100.00,68.09,0.00,50.87
05/02/2018 06:45,Weekday,Monday,Light_Load,4.86,100.00,70.71,0.00,4.86
27/11/2018 22:45,Weekday,Tuesday,Maximum_Load,24.88,100.00,84.63,0.00,15.66
04/12/2018 01:30,Weekday,Tuesday,Light_Load,5.80,100.00,76.19,0.00,4.93
24/08/2018 21:45,Weekday,Friday,Medium_Load,3.78,27.86,100.00,13.03,0.00
08/09/2018 12:45,Weekend,Saturday,Medium_Load,3.31,28.60,100.00,11.09,0.00
01/02/2018 18:00,Weekday,Thursday,Maximum_Load,43.60,99.99,99.14,0.72,5.76
15/05/2018 11:15,Weekday,Tuesday,Maximum_Load,55.08,100.00,78.66,0.00,43.24
12/05/2018 10:45,Weekend,Saturday,Maximum_Load,22.97,86.15,100.00,13.54,0.00
18/03/2018 23:15,Weekend,Sunday,Light_Load,3.02,100.00,68.64,0.00,3.20
18/07/2018 15:00,Weekday,Wednesday,Maximum_Load,56.99,100.00,89.81,0.00,27.90
04/11/2018 11:45,Weekend,Sunday,Maximum_Load,93.31,100.00,96.22,0.00,26.42
06/12/2018 01:30,Weekday,Thursday,Light_Load,4.00,100.00,72.05,0.04,3.85
18/09/2018 22:15,Weekday,Tuesday,Medium_Load,3.31,99.98,46.92,0.07,6.23
11/03/2018 05:45,Weekend,Sunday,Light_Load,3.17,100.00,72.40,0.00,3.02
08/03/2018 07:45,Weekday,Thursday,Light_Load,5.76,100.00,90.12,0.04,2.77
31/10/2018 00:15,Weekday,Wednesday,Light_Load,3.64,100.00,51.37,0.00,6.08
12/10/2018 06:00,Weekday,Friday,Light_Load,3.60,100.00,46.20,0.00,6.91
20/07/2018 11:15,Weekday,Friday,Maximum_Load,61.70,100.00,73.35,0.00,57.17
27/09/2018 17:45,Weekday,Thursday,Medium_Load,34.81,100.00,97.83,0.29,7.38
06/10/2018 05:15,Weekend,Saturday,Light_Load,2.92,100.00,46.83,0.00,5.51
30/10/2018 03:15,Weekday,Tuesday,Light_Load,2.99,100.00,56.91,0.00,4.32
25/08/2018 22:00,Weekend,Saturday,Light_Load,2.95,22.49,100.00,12.78,0.00
17/06/2018 18:15,Weekend,Sunday,Light_Load,3.42,35.28,100.00,9.07,0.00
26/01/2018 10:45,Weekday,Friday,Maximum_Load,123.84,100.00,92.19,0.00,52.06
22/07/2018 18:00,Weekend,Sunday,Light_Load,3.06,18.52,100.00,16.24,0.00
15/06/2018 09:00,Weekday,Friday,Light_Load,48.56,100.00,85.17,0.00,29.88
15/07/2018 10:15,Weekend,Sunday,Maximum_Load,108.47,100.00,89.99,0.00,52.56
10/07/2018 18:45,Weekday,Tuesday,Medium_Load,86.18,100.00,91.91,0.00,36.94
14/07/2018 03:15,Weekend,Saturday,Light_Load,2.77,100.00,50.06,0.00,4.79
31/08/2018 08:45,Weekday,Friday,Light_Load,58.03,100.00,67.25,0.00,63.86
16/11/2018 18:00,Weekday,Friday,Maximum_Load,32.08,100.00,93.84,0.00,11.81
28/07/2018 17:00,Weekend,Saturday,Maximum_Load,22.82,89.61,100.00,11.30,0.00
28/04/2018 23:45,Weekend,Saturday,Light_Load,2.59,100.00,63.27,0.00,3.17
08/07/2018 00:15,Weekend,Sunday,Light_Load,3.35,100.00,62.54,0.00,4.18
23/12/2018 10:00,Weekend,Sunday,Light_Load,3.64,25.71,100.00,13.68,0.00
27/07/2018 10:45,Weekday,Friday,Maximum_Load,56.95,100.00,93.66,0.00,21.31
04/08/2018 06:30,Weekend,Saturday,Light_Load,2.81,100.00,41.12,0.00,6.23
20/01/2018 16:30,Weekend,Saturday,Medium_Load,42.08,99.87,99.70,2.16,3.24
28/03/2018 23:45,Weekday,Wednesday,Light_Load,3.60,100.00,60.08,0.00,4.79
11/11/2018 21:45,Weekend,Sunday,Light_Load,2.95,22.92,100.00,12.53,0.00
26/05/2018 16:15,Weekend,Saturday,Maximum_Load,41.72,100.00,94.70,0.00,14.15
20/10/2018 06:00,Weekend,Saturday,Light_Load,3.56,100.00,45.80,0.00,6.91
21/12/2018 15:45,Weekday,Friday,Medium_Load,65.48,100.00,90.15,0.00,31.43
09/09/2018 14:00,Weekend,Sunday,Maximum_Load,29.48,100.00,96.15,0.00,8.42
28/02/2018 22:30,Weekday,Wednesday,Maximum_Load,5.40,100.00,66.16,0.00,6.12
03/05/2018 07:45,Weekday,Thursday,Light_Load,3.74,100.00,62.76,0.00,4.64
01/06/2018 02:30,Weekday,Friday,Light_Load,3.02,100.00,47.34,0.00,5.62
12/04/2018 04:15,Weekday,Thursday,Light_Load,3.13,100.00,57.10,0.00,4.50
17/03/2018 01:15,Weekend,Saturday,Light_Load,3.71,100.00,65.50,0.00,4.28
07/06/2018 00:30,Weekday,Thursday,Light_Load,2.99,100.00,46.07,0.00,5.76
12/03/2018 23:30,Weekday,Monday,Light_Load,4.46,100.00,59.34,0.00,6.05
26/07/2018 22:00,Weekday,Thursday,Medium_Load,3.64,22.16,100.00,16.02,0.00
28/12/2018 08:45,Weekday,Friday,Light_Load,57.74,100.00,84.26,0.00,36.90
09/05/2018 21:15,Weekday,Wednesday,Medium_Load,5.44,20.06,100.00,26.57,0.00
03/05/2018 23:45,Weekday,Thursday,Light_Load,3.60,100.00,72.10,0.00,3.46
05/08/2018 00:00,Weekend,Sunday,Light_Load,2.63,100.00,50.13,0.00,4.54
17/05/2018 02:15,Weekday,Thursday,Light_Load,3.13,100.00,53.60,0.00,4.93
04/06/2018 00:15,Weekday,Monday,Light_Load,2.84,100.00,49.09,0.00,5.04
03/11/2018 18:15,Weekend,Saturday,Maximum_Load,4.03,45.86,100.00,7.81,0.00
02/07/2018 09:00,Weekday,Monday,Light_Load,48.31,100.00,84.79,0.00,30.20
23/11/2018 18:15,Weekday,Friday,Maximum_Load,54.61,100.00,88.19,0.00,29.20
08/12/2018 23:00,Weekend,Saturday,Maximum_Load,4.75,100.00,78.81,0.00,3.71
25/05/2018 11:15,Weekday,Friday,Maximum_Load,56.38,100.00,78.45,0.00,44.57
29/04/2018 13:00,Weekend,Sunday,Light_Load,3.13,18.62,100.00,16.52,0.00
30/05/2018 13:45,Weekday,Wednesday,Maximum_Load,45.47,100.00,98.41,0.07,8.21
21/05/2018 09:00,Weekday,Monday,Light_Load,66.60,100.00,85.50,0.00,40.39
27/12/2018 10:30,Weekday,Thursday,Maximum_Load,45.83,100.00,96.59,0.00,12.28
10/05/2018 01:00,Weekday,Thursday,Light_Load,3.64,100.00,72.48,0.00,3.46
03/01/2018 06:15,Weekday,Wednesday,Light_Load,4.64,100.00,70.94,0.00,4.61
24/03/2018 11:30,Weekend,Saturday,Maximum_Load,32.72,100.00,91.71,0.00,14.22
26/11/2018 04:30,Weekday,Monday,Light_Load,3.24,100.00,74.28,0.00,2.92
20/01/2018 16:15,Weekend,Saturday,Medium_Load,49.18,100.00,98.03,0.00,9.90
13/04/2018 00:15,Weekday,Friday,Light_Load,4.07,100.00,53.84,0.00,6.37
07/08/2018 20:30,Weekday,Tuesday,Medium_Load,50.29,100.00,93.19,0.00,19.58
09/05/2018 06:00,Weekday,Wednesday,Light_Load,3.13,100.00,56.76,0.00,4.54
11/04/2018 23:30,Weekday,Wednesday,Light_Load,3.56,100.00,58.23,0.00,4.97
23/12/2018 22:15,Weekend,Sunday,Light_Load,3.20,97.56,87.97,0.72,1.73
07/06/2018 07:45,Weekday,Thursday,Light_Load,3.24,100.00,51.94,0.00,5.33
20/12/2018 16:45,Weekday,Thursday,Medium_Load,57.56,100.00,91.67,0.00,25.09
13/04/2018 05:00,Weekday,Friday,Light_Load,3.46,100.00,62.16,0.00,4.36
18/01/2018 07:15,Weekday,Thursday,Light_Load,33.16,100.00,79.87,0.00,24.98
02/03/2018 19:15,Weekday,Friday,Medium_Load,33.12,99.18,99.99,4.28,0.47
14/09/2018 14:30,Weekday,Friday,Maximum_Load,60.98,100.00,84.95,0.00,37.87
26/11/2018 14:30,Weekday,Monday,Medium_Load,88.63,100.00,87.83,0.00,48.24
22/08/2018 21:00,Weekday,Wednesday,Medium_Load,2.92,21.04,100.00,13.57,0.00
13/11/2018 01:45,Weekday,Tuesday,Light_Load,3.67,100.00,50.10,0.00,6.34
14/12/2018 00:00,Weekday,Friday,Light_Load,4.10,99.99,76.42,0.07,3.46
22/06/2018 21:15,Weekday,Friday,Medium_Load,5.83,27.73,100.00,20.20,0.00
30/07/2018 23:30,Weekday,Monday,Light_Load,2.74,100.00,49.65,0.00,4.79
28/12/2018 23:30,Weekday,Friday,Light_Load,4.86,100.00,86.57,0.00,2.81
05/09/2018 11:45,Weekday,Wednesday,Maximum_Load,66.17,100.00,79.87,0.00,49.86
21/10/2018 12:30,Weekend,Sunday,Light_Load,3.02,26.68,100.00,10.91,0.00
27/09/2018 12:00,Weekday,Thursday,Maximum_Load,54.00,100.00,83.56,0.00,35.50
21/04/2018 04:30,Weekend,Saturday,Light_Load,2.95,100.00,64.13,0.00,3.53
07/04/2018 05:45,Weekend,Saturday,Light_Load,3.20,100.00,50.70,0.00,5.44
30/12/2018 06:00,Weekend,Sunday,Light_Load,3.10,100.00,78.09,0.00,2.48
12/06/2018 21:30,Weekday,Tuesday,Medium_Load,3.96,22.79,100.00,16.92,0.00
26/01/2018 01:45,Weekday,Friday,Light_Load,41.80,100.00,79.57,0.00,31.82
01/07/2018 05:00,Weekend,Sunday,Light_Load,2.84,100.00,60.78,0.00,3.71
26/11/2018 08:00,Weekday,Monday,Light_Load,5.58,99.90,89.76,0.25,2.74
28/12/2018 06:45,Weekday,Friday,Light_Load,3.06,99.46,84.83,0.32,1.91
23/04/2018 15:45,Weekday,Monday,Maximum_Load,46.80,100.00,98.16,0.00,9.11
20/03/2018 09:15,Weekday,Tuesday,Medium_Load,65.84,100.00,93.43,0.00,25.13
17/12/2018 10:30,Weekday,Monday,Maximum_Load,49.54,100.00,95.62,0.00,15.16
10/10/2018 23:15,Weekday,Wednesday,Light_Load,4.39,100.00,48.81,0.00,7.85
06/09/2018 04:45,Weekday,Thursday,Light_Load,3.60,100.00,43.32,0.00,7.49
30/11/2018 19:30,Weekday,Friday,Maximum_Load,66.46,100.00,90.59,0.00,31.07
25/11/2018 04:00,Weekend,Sunday,Light_Load,2.92,100.00,72.05,0.00,2.81
16/10/2018 14:30,Weekday,Tuesday,Maximum_Load,56.74,100.00,81.32,0.00,40.61
17/10/2018 23:45,Weekday,Wednesday,Light_Load,3.56,100.00,56.34,0.00,5.22
05/01/2018 06:15,Weekday,Friday,Light_Load,4.61,100.00,69.34,0.00,4.79
08/12/2018 16:30,Weekend,Saturday,Medium_Load,49.54,100.00,96.52,0.00,13.43
18/02/2018 06:45,Weekend,Sunday,Light_Load,3.82,100.00,62.11,0.00,4.82
17/06/2018 22:00,Weekend,Sunday,Light_Load,2.99,17.05,100.00,17.28,0.00
11/04/2018 08:15,Weekday,Wednesday,Light_Load,53.96,100.00,73.17,0.00,50.26
19/12/2018 03:00,Weekday,Wednesday,Light_Load,4.14,99.96,77.10,0.11,3.42
27/12/2018 12:30,Weekday,Thursday,Medium_Load,6.62,29.62,100.00,21.35,0.00
30/12/2018 05:00,Weekend,Sunday,Light_Load,3.17,100.00,77.44,0.00,2.59
06/07/2018 09:45,Weekday,Friday,Medium_Load,105.37,100.00,93.34,0.00,40.50
16/08/2018 23:45,Weekday,Thursday,Light_Load,2.74,100.00,46.48,0.00,5.22
22/10/2018 04:00,Weekday,Monday,Light_Load,2.95,100.00,45.84,0.00,5.72
24/03/2018 10:00,Weekend,Saturday,Medium_Load,31.79,98.88,100.00,4.79,0.00
21/05/2018 22:30,Weekday,Monday,Medium_Load,3.71,100.00,68.00,0.00,4.00
15/09/2018 01:15,Weekend,Saturday,Light_Load,2.81,100.00,45.69,0.00,5.47
09/09/2018 18:30,Weekend,Sunday,Medium_Load,3.53,41.32,100.00,7.78,0.00
31/05/2018 10:30,Weekday,Thursday,Maximum_Load,110.09,100.00,92.86,0.00,43.99
30/07/2018 00:45,Weekday,Monday,Light_Load,2.74,100.00,49.65,0.00,4.79
29/01/2018 11:00,Weekday,Monday,Maximum_Load,71.14,100.00,93.76,0.00,26.39
06/02/2018 13:00,Weekday,Tuesday,Medium_Load,8.24,30.15,100.00,26.06,0.00
09/06/2018 19:30,Weekend,Saturday,Light_Load,3.13,18.93,100.00,16.24,0.00
12/08/2018 22:15,Weekend,Sunday,Light_Load,2.99,62.44,93.65,3.74,1.12
09/08/2018 08:00,Weekday,Thursday,Light_Load,8.21,100.00,65.23,0.00,9.54
08/02/2018 12:30,Weekday,Thursday,Medium_Load,9.22,34.23,100.00,25.31,0.00
29/05/2018 18:00,Weekday,Tuesday,Medium_Load,8.28,33.41,100.00,23.36,0.00
08/12/2018 12:45,Weekend,Saturday,Medium_Load,5.36,25.86,100.00,20.02,0.00
14/04/2018 22:00,Weekend,Saturday,Medium_Load,3.31,18.55,100.00,17.53,0.00
11/08/2018 03:15,Weekend,Saturday,Light_Load,3.28,100.00,54.85,0.00,5.00
20/01/2018 12:00,Weekend,Saturday,Maximum_Load,55.91,100.00,87.77,0.00,30.53
17/07/2018 09:00,Weekday,Tuesday,Light_Load,67.86,100.00,75.42,0.00,59.08
14/02/2018 14:15,Weekday,Wednesday,Light_Load,3.67,16.05,100.00,22.57,0.00
17/09/2018 20:45,Weekday,Monday,Medium_Load,53.82,100.00,83.35,0.04,35.68
30/10/2018 15:00,Weekday,Tuesday,Maximum_Load,59.76,100.00,89.98,0.00,28.98
12/12/2018 07:30,Weekday,Wednesday,Light_Load,4.32,99.91,79.64,0.18,3.28
16/09/2018 06:45,Weekend,Sunday,Light_Load,3.17,100.00,46.23,0.00,6.08
05/12/2018 22:30,Weekday,Wednesday,Maximum_Load,4.00,100.00,68.54,0.00,4.25
10/06/2018 11:15,Weekend,Sunday,Light_Load,2.95,50.00,100.00,5.11,0.00
14/02/2018 03:30,Weekday,Wednesday,Light_Load,5.15,100.00,69.76,0.00,5.29
23/05/2018 19:45,Weekday,Wednesday,Medium_Load,43.49,100.00,97.91,0.11,9.04
09/04/2018 06:45,Weekday,Monday,Light_Load,3.31,100.00,63.10,0.00,4.07
27/01/2018 23:15,Weekend,Saturday,Light_Load,4.07,100.00,72.03,0.00,3.92
25/01/2018 03:45,Weekday,Thursday,Light_Load,34.88,100.00,81.01,0.00,25.24
21/07/2018 01:45,Weekend,Saturday,Light_Load,2.99,53.84,100.00,4.68,0.00
14/08/2018 02:45,Weekday,Tuesday,Light_Load,3.06,100.00,47.17,0.00,5.72
17/08/2018 23:00,Weekday,Friday,Medium_Load,2.63,100.00,51.05,0.00,4.43
10/12/2018 10:30,Weekday,Monday,Maximum_Load,56.02,100.00,93.70,0.00,20.88
17/01/2018 16:00,Weekday,Wednesday,Medium_Load,61.24,100.00,94.99,0.00,20.16
29/06/2018 10:30,Weekday,Friday,Maximum_Load,36.72,100.00,96.58,0.00,9.86
13/12/2018 04:30,Weekday,Thursday,Light_Load,4.21,99.86,80.25,0.22,3.13
13/07/2018 10:00,Weekday,Friday,Medium_Load,56.66,100.00,89.49,0.00,28.26
11/04/2018 05:00,Weekday,Wednesday,Light_Load,3.35,100.00,56.20,0.00,4.93
04/09/2018 21:00,Weekday,Tuesday,Medium_Load,11.30,76.04,99.07,9.65,1.55
14/02/2018 21:15,Weekday,Wednesday,Light_Load,4.00,18.03,100.00,21.82,0.00
12/10/2018 12:30,Weekday,Friday,Medium_Load,4.25,23.56,100.00,17.53,0.00
19/01/2018 16:30,Weekday,Friday,Medium_Load,57.96,100.00,94.17,0.00,20.70
07/11/2018 14:15,Weekday,Wednesday,Medium_Load,52.06,100.00,90.85,0.00,23.94
02/07/2018 19:00,Weekday,Monday,Medium_Load,35.96,100.00,99.57,0.04,3.35
14/11/2018 16:15,Weekday,Wednesday,Medium_Load,69.41,100.00,84.70,0.00,43.56
02/11/2018 21:45,Weekday,Friday,Medium_Load,4.18,23.23,100.00,17.50,0.00
04/07/2018 05:00,Weekday,Wednesday,Light_Load,2.99,100.00,59.87,0.00,4.00
11/07/2018 17:45,Weekday,Wednesday,Medium_Load,33.08,98.39,99.99,6.01,0.36
18/06/2018 01:15,Weekday,Monday,Light_Load,2.77,100.00,56.64,0.00,4.03
11/08/2018 22:45,Weekend,Saturday,Medium_Load,2.74,100.00,48.28,0.00,4.97
23/11/2018 02:00,Weekday,Friday,Light_Load,3.67,99.19,84.32,0.47,2.34
18/01/2018 23:00,Weekday,Thursday,Maximum_Load,81.04,100.00,89.00,0.00,41.51
07/05/2018 05:15,Weekday,Monday,Light_Load,2.92,100.00,58.01,0.00,4.10
02/12/2018 02:00,Weekend,Sunday,Light_Load,3.46,100.00,77.30,0.00,2.84
13/12/2018 19:30,Weekday,Thursday,Maximum_Load,78.52,100.00,93.97,0.00,28.58
31/08/2018 06:30,Weekday,Friday,Light_Load,2.70,100.00,45.94,0.00,5.22
29/12/2018 08:00,Weekend,Saturday,Light_Load,2.92,99.93,81.84,0.11,2.05
22/11/2018 05:45,Weekday,Thursday,Light_Load,3.49,100.00,72.87,0.00,3.28
08/10/2018 18:30,Weekday,Monday,Medium_Load,53.82,100.00,82.17,0.00,37.33
24/12/2018 04:00,Weekday,Monday,Light_Load,3.35,99.98,81.52,0.07,2.38
08/02/2018 03:15,Weekday,Thursday,Light_Load,6.01,100.00,67.78,0.00,6.52
27/04/2018 23:00,Weekday,Friday,Medium_Load,3.35,100.00,72.31,0.00,3.20
17/06/2018 17:15,Weekend,Sunday,Light_Load,2.95,16.93,100.00,17.17,0.00
20/05/2018 13:45,Weekend,Sunday,Maximum_Load,13.43,77.02,100.00,11.12,0.00
05/02/2018 14:15,Weekday,Monday,Medium_Load,124.42,100.00,95.22,0.00,39.92
27/09/2018 16:30,Weekday,Thursday,Maximum_Load,60.73,100.00,85.60,0.00,36.68
08/02/2018 15:00,Weekday,Thursday,Medium_Load,108.65,100.00,94.31,0.00,38.30
05/07/2018 23:45,Weekday,Thursday,Light_Load,3.64,100.00,68.05,0.00,3.92
06/05/2018 18:30,Weekend,Sunday,Light_Load,3.35,53.00,100.00,5.36,0.00
21/08/2018 00:30,Weekday,Tuesday,Light_Load,2.74,100.00,49.42,0.00,4.82
12/01/2018 23:00,Weekday,Friday,Maximum_Load,4.79,100.00,69.18,0.00,5.00
30/07/2018 11:00,Weekday,Monday,Maximum_Load,54.14,100.00,92.75,0.00,21.82
03/04/2018 08:30,Weekday,Tuesday,Light_Load,112.64,100.00,84.14,0.00,72.36
23/05/2018 06:15,Weekday,Wednesday,Light_Load,3.02,100.00,51.10,0.00,5.08
30/11/2018 02:30,Weekday,Friday,Light_Load,4.10,100.00,62.06,0.00,5.18
30/08/2018 04:00,Weekday,Thursday,Light_Load,2.70,100.00,46.72,0.00,5.11
13/11/2018 07:30,Weekday,Tuesday,Light_Load,4.54,100.00,65.91,0.00,5.18
31/01/2018 20:15,Weekday,Wednesday,Medium_Load,98.82,100.00,98.43,0.00,17.71
14/03/2018 00:15,Weekday,Wednesday,Light_Load,3.82,100.00,62.35,0.00,4.79
04/03/2018 18:15,Weekend,Sunday,Light_Load,3.13,46.19,100.00,6.01,0.00
26/05/2018 13:45,Weekend,Saturday,Maximum_Load,34.27,99.76,99.80,2.38,2.16
26/05/2018 06:00,Weekend,Saturday,Light_Load,3.17,100.00,47.33,0.00,5.90
28/08/2018 15:00,Weekday,Tuesday,Maximum_Load,50.18,100.00,89.24,0.00,25.38
12/08/2018 16:45,Weekend,Sunday,Light_Load,3.02,20.05,100.00,14.76,0.00
14/04/2018 22:15,Weekend,Saturday,Medium_Load,3.20,31.07,92.34,9.79,1.33
29/06/2018 15:00,Weekday,Friday,Maximum_Load,32.58,99.95,99.49,1.01,3.31
04/02/2018 23:15,Weekend,Sunday,Light_Load,3.82,100.00,74.12,0.00,3.46
23/02/2018 14:15,Weekday,Friday,Medium_Load,138.06,100.00,92.40,0.00,57.13
17/01/2018 00:00,Weekday,Wednesday,Light_Load,36.90,100.00,80.40,0.00,27.29
04/08/2018 22:45,Weekend,Saturday,Light_Load,2.81,100.00,48.70,0.00,5.04
30/08/2018 16:15,Weekday,Thursday,Maximum_Load,57.67,100.00,87.32,0.00,32.18
27/10/2018 02:45,Weekend,Saturday,Light_Load,3.13,100.00,45.30,0.00,6.16
18/04/2018 04:30,Weekday,Wednesday,Light_Load,3.10,100.00,67.92,0.00,3.35
14/08/2018 09:00,Weekday,Tuesday,Light_Load,69.41,100.00,90.95,0.00,31.72
15/09/2018 04:15,Weekend,Saturday,Light_Load,2.77,100.00,45.64,0.00,5.40
13/09/2018 22:00,Weekday,Thursday,Medium_Load,4.79,28.95,100.00,15.84,0.00
07/11/2018 01:30,Weekday,Wednesday,Light_Load,3.85,100.00,52.57,0.00,6.23
08/08/2018 22:15,Weekday,Wednesday,Medium_Load,3.71,58.75,96.01,5.11,1.08
25/09/2018 05:00,Weekday,Tuesday,Light_Load,2.66,100.00,42.60,0.00,5.65
10/11/2018 04:30,Weekend,Saturday,Light_Load,3.78,100.00,44.39,0.00,7.63
17/09/2018 23:00,Weekday,Monday,Medium_Load,3.60,100.00,44.38,0.00,7.27
04/06/2018 05:15,Weekday,Monday,Light_Load,2.84,100.00,46.28,0.00,5.44
19/03/2018 04:30,Weekday,Monday,Light_Load,3.06,100.00,64.76,0.00,3.60
21/04/2018 12:30,Weekend,Saturday,Medium_Load,4.90,19.06,100.00,25.24,0.00
11/12/2018 11:45,Weekday,Tuesday,Maximum_Load,84.24,100.00,87.97,0.00,45.54
11/01/2018 23:15,Weekday,Thursday,Light_Load,4.75,100.00,70.93,0.00,4.72
06/04/2018 07:45,Weekday,Friday,Light_Load,4.14,100.00,61.34,0.00,5.33
06/12/2018 06:00,Weekday,Thursday,Light_Load,3.38,100.00,78.92,0.00,2.63
01/04/2018 21:30,Weekend,Sunday,Light_Load,3.10,18.02,100.00,16.92,0.00
29/08/2018 06:00,Weekday,Wednesday,Light_Load,2.74,100.00,49.11,0.00,4.86
09/05/2018 03:00,Weekday,Wednesday,Light_Load,3.13,100.00,57.70,0.00,4.43
27/06/2018 10:45,Weekday,Wednesday,Maximum_Load,38.02,100.00,97.44,0.00,8.78
29/05/2018 19:00,Weekday,Tuesday,Medium_Load,36.50,100.00,99.07,0.18,5.00
25/05/2018 07:15,Weekday,Friday,Light_Load,2.92,100.00,58.29,0.00,4.07
18/11/2018 11:00,Weekend,Sunday,Maximum_Load,32.54,100.00,99.39,0.00,3.60
18/02/2018 20:30,Weekend,Sunday,Light_Load,3.53,20.72,100.00,16.67,0.00
02/03/2018 05:15,Weekday,Friday,Light_Load,3.24,99.99,77.64,0.04,2.63
14/02/2018 20:30,Weekday,Wednesday,Light_Load,3.49,20.33,100.00,16.81,0.00
08/12/2018 12:30,Weekend,Saturday,Medium_Load,4.57,31.46,100.00,13.79,0.00
04/12/2018 08:00,Weekday,Tuesday,Light_Load,5.94,100.00,82.49,0.00,4.07
25/11/2018 12:15,Weekend,Sunday,Light_Load,3.10,21.99,100.00,13.75,0.00
12/09/2018 20:15,Weekday,Wednesday,Medium_Load,40.39,100.00,87.09,0.00,22.79
12/07/2018 13:45,Weekday,Thursday,Maximum_Load,5.22,19.31,100.00,26.53,0.00
21/10/2018 06:30,Weekend,Sunday,Light_Load,2.74,100.00,49.11,0.00,4.86
25/01/2018 14:15,Weekday,Thursday,Medium_Load,81.07,100.00,91.50,0.00,35.75
02/12/2018 09:30,Weekend,Sunday,Light_Load,3.71,24.49,100.00,14.69,0.00
26/07/2018 07:45,Weekday,Thursday,Light_Load,3.56,100.00,63.25,0.00,4.36
01/07/2018 20:15,Weekend,Sunday,Light_Load,3.06,17.33,100.00,17.39,0.00
08/04/2018 04:15,Weekend,Sunday,Light_Load,3.20,100.00,53.60,0.00,5.04
06/09/2018 19:30,Weekday,Thursday,Medium_Load,49.90,100.00,88.97,0.00,25.60
24/06/2018 17:30,Weekend,Sunday,Medium_Load,3.10,18.06,100.00,16.88,0.00
22/02/2018 01:45,Weekday,Thursday,Light_Load,5.65,100.00,71.59,0.00,5.51
13/11/2018 20:00,Weekday,Tuesday,Maximum_Load,90.14,100.00,91.87,0.00,38.74
03/09/2018 18:00,Weekday,Monday,Medium_Load,30.92,99.97,98.18,0.76,5.98
04/10/2018 06:45,Weekday,Thursday,Light_Load,2.77,100.00,44.21,0.00,5.62
15/04/2018 15:15,Weekend,Sunday,Light_Load,3.35,18.92,100.00,17.39,0.00
28/02/2018 09:15,Weekday,Wednesday,Medium_Load,121.46,100.00,90.76,0.00,56.20
20/09/2018 12:15,Weekday,Thursday,Medium_Load,26.78,99.72,99.88,2.02,1.33
11/08/2018 14:30,Weekend,Saturday,Maximum_Load,105.59,100.00,93.26,0.00,40.86
17/11/2018 17:45,Weekend,Saturday,Maximum_Load,5.00,28.45,100.00,16.85,0.00
23/03/2018 17:30,Weekday,Friday,Medium_Load,81.83,100.00,96.74,0.07,21.42
05/08/2018 06:45,Weekend,Sunday,Light_Load,2.81,100.00,43.00,0.00,5.90
25/01/2018 22:30,Weekday,Thursday,Maximum_Load,35.89,100.00,79.45,0.00,27.43
28/03/2018 09:15,Weekday,Wednesday,Medium_Load,46.26,99.99,98.23,0.50,8.82
10/09/2018 12:00,Weekday,Monday,Maximum_Load,59.08,100.00,85.51,0.29,35.82
28/10/2018 11:30,Weekend,Sunday,Light_Load,3.10,27.85,100.00,10.69,0.00
23/02/2018 06:45,Weekday,Friday,Light_Load,4.03,100.00,63.83,0.00,4.86
31/12/2018 08:45,Weekday,Monday,Light_Load,3.74,57.73,94.77,5.29,1.26
27/07/2018 10:30,Weekday,Friday,Maximum_Load,60.66,100.00,94.10,0.00,21.82
09/03/2018 12:45,Weekday,Friday,Medium_Load,7.38,26.76,100.00,26.57,0.00
26/11/2018 05:00,Weekday,Monday,Light_Load,2.95,100.00,72.41,0.00,2.81
17/01/2018 00:15,Weekday,Wednesday,Light_Load,4.64,100.00,71.48,0.00,4.54
11/05/2018 06:45,Weekday,Friday,Light_Load,3.06,100.00,56.23,0.00,4.50
05/08/2018 14:45,Weekend,Sunday,Light_Load,3.17,19.46,100.00,15.98,0.00
06/11/2018 09:15,Weekday,Tuesday,Medium_Load,70.96,100.00,87.13,0.00,39.96
01/02/2018 23:15,Weekday,Thursday,Light_Load,69.26,100.00,86.77,0.00,39.67
04/09/2018 12:00,Weekday,Tuesday,Maximum_Load,99.04,100.00,87.06,0.07,55.98
25/09/2018 16:15,Weekday,Tuesday,Light_Load,2.66,22.37,100.00,11.59,0.00
29/03/2018 01:00,Weekday,Thursday,Light_Load,3.64,100.00,58.86,0.00,5.00
05/04/2018 09:15,Weekday,Thursday,Medium_Load,64.62,100.00,90.98,0.00,29.48
24/03/2018 21:00,Weekend,Saturday,Medium_Load,3.38,19.05,100.00,17.42,0.00
29/01/2018 09:45,Weekday,Monday,Medium_Load,64.62,100.00,97.96,0.00,13.25
01/09/2018 11:45,Weekend,Saturday,Maximum_Load,25.70,100.00,94.46,0.18,8.93
31/01/2018 06:00,Weekday,Wednesday,Light_Load,4.18,100.00,71.99,0.00,4.03
12/12/2018 07:15,Weekday,Wednesday,Light_Load,4.10,99.99,77.81,0.07,3.31
28/06/2018 20:45,Weekday,Thursday,Medium_Load,33.16,100.00,99.66,0.22,2.74
24/04/2018 23:30,Weekday,Tuesday,Light_Load,3.60,100.00,71.10,0.00,3.56
22/07/2018 11:45,Weekend,Sunday,Light_Load,2.70,100.00,54.63,0.00,4.14
03/09/2018 02:30,Weekday,Monday,Light_Load,3.31,100.00,46.28,0.00,6.34
15/02/2018 02:45,Weekday,Thursday,Light_Load,3.28,100.00,57.39,0.00,4.68
09/09/2018 16:00,Weekend,Sunday,Maximum_Load,17.71,93.60,99.97,6.66,0.43
08/03/2018 16:15,Weekday,Thursday,Maximum_Load,54.83,100.00,94.80,0.00,18.40
10/07/2018 09:00,Weekday,Tuesday,Light_Load,70.13,100.00,84.99,0.00,43.49
14/05/2018 19:00,Weekday,Monday,Medium_Load,52.49,100.00,91.19,0.00,23.62
09/04/2018 03:00,Weekday,Monday,Light_Load,3.10,100.00,61.64,0.00,3.96
09/11/2018 02:15,Weekday,Friday,Light_Load,2.95,100.00,54.83,0.00,4.50
30/05/2018 14:15,Weekday,Wednesday,Maximum_Load,49.03,100.00,96.52,0.00,13.28
08/02/2018 03:45,Weekday,Thursday,Light_Load,6.01,100.00,68.40,0.00,6.41
28/04/2018 11:00,Weekend,Saturday,Maximum_Load,67.07,100.00,99.07,0.04,9.22
12/10/2018 11:45,Weekday,Friday,Maximum_Load,58.39,100.00,83.71,0.00,38.16
11/06/2018 16:30,Weekday,Monday,Maximum_Load,43.67,100.00,94.21,0.00,15.55
06/02/2018 23:15,Weekday,Tuesday,Light_Load,37.37,100.00,83.02,0.00,25.09
14/04/2018 18:15,Weekend,Saturday,Medium_Load,3.78,40.79,100.00,8.46,0.00
26/09/2018 19:45,Weekday,Wednesday,Light_Load,2.74,22.88,100.00,11.66,0.00
01/10/2018 14:30,Weekday,Monday,Maximum_Load,52.09,100.00,88.96,0.00,26.75
06/09/2018 21:15,Weekday,Thursday,Medium_Load,7.92,49.61,99.87,13.86,0.40
30/08/2018 13:15,Weekday,Thursday,Maximum_Load,27.76,98.23,94.00,5.29,10.08
04/01/2018 14:45,Weekday,Thursday,Medium_Load,121.07,100.00,93.90,0.00,44.35
18/12/2018 22:15,Weekday,Tuesday,Maximum_Load,4.25,99.56,77.55,0.40,3.46
31/12/2018 00:15,Weekday,Monday,Light_Load,3.64,100.00,84.12,0.00,2.34
19/02/2018 18:00,Weekday,Monday,Maximum_Load,41.83,99.91,99.86,1.73,2.20
14/03/2018 13:30,Weekday,Wednesday,Maximum_Load,56.88,100.00,95.23,0.04,18.22
15/08/2018 08:15,Weekday,Wednesday,Light_Load,33.73,100.00,73.01,0.00,31.57
16/07/2018 03:15,Weekday,Monday,Light_Load,2.92,53.84,100.00,4.57,0.00
05/09/2018 08:45,Weekday,Wednesday,Light_Load,98.06,100.00,85.96,0.00,58.28
19/03/2018 20:15,Weekday,Monday,Medium_Load,49.18,100.00,95.43,0.00,15.41
09/11/2018 04:00,Weekday,Friday,Light_Load,3.53,100.00,51.99,0.00,5.80
22/12/2018 13:15,Weekend,Saturday,Light_Load,4.28,20.42,100.00,20.52,0.00
01/07/2018 00:00,Weekend,Sunday,Light_Load,2.88,100.00,59.21,0.00,3.92
05/06/2018 00:30,Weekday,Tuesday,Light_Load,3.53,100.00,57.06,0.00,5.08
14/01/2018 08:45,Weekend,Sunday,Light_Load,6.98,99.94,69.06,0.25,7.31
19/05/2018 03:15,Weekend,Saturday,Light_Load,3.17,100.00,52.72,0.00,5.11
24/05/2018 11:45,Weekday,Thursday,Maximum_Load,87.16,100.00,90.17,0.00,41.80
06/10/2018 05:45,Weekend,Saturday,Light_Load,3.10,100.00,44.55,0.00,6.23
03/08/2018 04:15,Weekday,Friday,Light_Load,2.84,100.00,42.32,0.00,6.08
02/09/2018 18:15,Weekend,Sunday,Medium_Load,3.42,41.86,100.00,7.42,0.00
17/02/2018 02:00,Weekend,Saturday,Light_Load,3.17,100.00,63.86,0.00,3.82
26/05/2018 22:00,Weekend,Saturday,Medium_Load,3.60,14.42,100.00,24.70,0.00
14/05/2018 01:15,Weekday,Monday,Light_Load,3.35,100.00,59.12,0.00,4.57
20/06/2018 17:00,Weekday,Wednesday,Maximum_Load,51.52,100.00,89.93,0.00,25.06
31/07/2018 22:45,Weekday,Tuesday,Medium_Load,2.88,100.00,44.72,0.00,5.76
18/05/2018 05:45,Weekday,Friday,Light_Load,3.38,100.00,52.08,0.00,5.54
04/09/2018 01:00,Weekday,Tuesday,Light_Load,2.70,100.00,46.72,0.00,5.11
30/10/2018 17:15,Weekday,Tuesday,Medium_Load,61.52,100.00,92.25,0.00,25.74
02/03/2018 12:30,Weekday,Friday,Medium_Load,4.75,17.83,100.00,26.21,0.00
08/06/2018 13:15,Weekday,Friday,Maximum_Load,50.26,99.93,91.83,1.94,21.67
07/01/2018 12:30,Weekend,Sunday,Light_Load,4.10,17.96,100.00,22.46,0.00
03/11/2018 17:45,Weekend,Saturday,Maximum_Load,3.89,20.85,100.00,18.25,0.00
21/06/2018 05:30,Weekday,Thursday,Light_Load,2.88,100.00,47.06,0.00,5.40
31/05/2018 00:45,Weekday,Thursday,Light_Load,3.28,100.00,54.02,0.00,5.11
11/02/2018 11:00,Weekend,Sunday,Light_Load,4.10,23.74,100.00,16.78,0.00
20/06/2018 19:30,Weekday,Wednesday,Medium_Load,45.43,100.00,91.46,0.00,20.09
02/06/2018 15:45,Weekend,Saturday,Light_Load,6.62,29.67,100.00,21.31,0.00
30/01/2018 18:30,Weekday,Tuesday,Maximum_Load,65.45,100.00,85.74,0.00,39.28
16/05/2018 23:30,Weekday,Wednesday,Light_Load,3.60,100.00,66.90,0.00,4.00
29/07/2018 13:00,Weekend,Sunday,Medium_Load,3.56,21.84,100.00,15.91,0.00
07/08/2018 22:15,Weekday,Tuesday,Medium_Load,3.82,59.87,96.49,5.11,1.04
27/01/2018 08:00,Weekend,Saturday,Light_Load,7.20,100.00,84.43,0.00,4.57
20/11/2018 02:45,Weekday,Tuesday,Light_Load,3.02,100.00,70.71,0.00,3.02
24/01/2018 03:45,Weekday,Wednesday,Light_Load,42.59,100.00,80.50,0.00,31.39
24/03/2018 19:00,Weekend,Saturday,Medium_Load,4.10,15.52,100.00,26.10,0.00
02/12/2018 05:15,Weekend,Sunday,Light_Load,4.39,100.00,73.67,0.00,4.03
22/10/2018 14:00,Weekday,Monday,Maximum_Load,85.97,100.00,84.30,0.00,54.86
31/05/2018 11:30,Weekday,Thursday,Maximum_Load,46.01,100.00,78.55,0.00,36.25
12/02/2018 13:15,Weekday,Monday,Medium_Load,63.18,99.87,93.49,3.20,23.98
20/11/2018 15:30,Weekday,Tuesday,Medium_Load,46.51,100.00,93.93,0.00,16.99
12/10/2018 16:15,Weekday,Friday,Maximum_Load,47.99,100.00,86.93,0.00,27.29
17/11/2018 18:45,Weekend,Saturday,Maximum_Load,4.14,23.82,100.00,16.88,0.00
03/08/2018 23:00,Weekday,Friday,Light_Load,2.74,100.00,45.52,0.00,5.36
22/04/2018 05:15,Weekend,Sunday,Light_Load,3.10,100.00,57.95,0.00,4.36
30/10/2018 05:30,Weekday,Tuesday,Light_Load,2.84,100.00,60.07,0.00,3.78
13/08/2018 05:00,Weekday,Monday,Light_Load,3.74,100.00,48.74,0.00,6.70
16/02/2018 15:00,Weekday,Friday,Light_Load,3.46,19.99,100.00,16.96,0.00
09/02/2018 15:00,Weekday,Friday,Medium_Load,130.18,100.00,92.23,0.00,54.54
19/09/2018 09:30,Weekday,Wednesday,Medium_Load,55.01,100.00,87.61,0.00,30.28
19/07/2018 08:00,Weekday,Thursday,Light_Load,5.33,100.00,66.35,0.00,6.01
04/11/2018 19:00,Weekend,Sunday,Maximum_Load,3.17,25.78,100.00,11.88,0.00
05/07/2018 00:45,Weekday,Thursday,Light_Load,3.10,100.00,57.33,0.00,4.43
27/05/2018 06:15,Weekend,Sunday,Light_Load,3.28,100.00,56.50,0.00,4.79
09/10/2018 13:15,Weekday,Tuesday,Maximum_Load,32.29,99.17,90.80,4.18,14.90
14/07/2018 11:30,Weekend,Saturday,Maximum_Load,35.68,100.00,75.95,0.00,30.56
06/12/2018 23:15,Weekday,Thursday,Light_Load,3.96,100.00,69.74,0.00,4.07
20/10/2018 15:15,Weekend,Saturday,Maximum_Load,104.51,100.00,90.66,0.00,48.64
19/09/2018 09:00,Weekday,Wednesday,Light_Load,37.30,100.00,96.88,0.00,9.54
26/04/2018 03:15,Weekday,Thursday,Light_Load,3.13,100.00,58.32,0.00,4.36
20/04/2018 05:15,Weekday,Friday,Light_Load,3.02,100.00,62.82,0.00,3.74
01/09/2018 04:45,Weekend,Saturday,Light_Load,3.02,100.00,47.60,0.00,5.58
15/05/2018 13:30,Weekday,Tuesday,Maximum_Load,64.04,100.00,90.58,0.00,29.95
27/01/2018 03:00,Weekend,Saturday,Light_Load,6.80,100.00,84.80,0.00,4.25
22/07/2018 06:30,Weekend,Sunday,Light_Load,2.74,100.00,50.85,0.00,4.64
03/06/2018 03:45,Weekend,Sunday,Light_Load,2.99,100.00,45.20,0.00,5.90
23/10/2018 16:45,Weekday,Tuesday,Maximum_Load,44.57,100.00,88.60,0.00,23.33
15/11/2018 06:30,Weekday,Thursday,Light_Load,4.54,100.00,67.96,0.00,4.90
30/06/2018 15:30,Weekend,Saturday,Maximum_Load,58.21,100.00,91.06,0.00,26.42
15/09/2018 21:00,Weekend,Saturday,Medium_Load,2.95,25.26,100.00,11.30,0.00
30/09/2018 22:45,Weekend,Sunday,Light_Load,2.81,100.00,47.12,0.00,5.26
13/03/2018 22:15,Weekday,Tuesday,Medium_Load,4.14,28.89,91.13,13.72,1.87
12/07/2018 06:30,Weekday,Thursday,Light_Load,2.92,100.00,50.43,0.00,5.00
05/07/2018 00:15,Weekday,Thursday,Light_Load,3.56,100.00,68.18,0.00,3.82
26/07/2018 11:15,Weekday,Thursday,Maximum_Load,51.01,100.00,86.02,0.00,30.24
30/08/2018 08:30,Weekday,Thursday,Light_Load,50.80,100.00,68.88,0.00,53.46
13/12/2018 23:15,Weekday,Thursday,Light_Load,5.26,99.99,89.71,0.07,2.59
05/03/2018 06:15,Weekday,Monday,Light_Load,3.10,100.00,62.72,0.00,3.85
10/09/2018 03:45,Weekday,Monday,Light_Load,2.81,100.00,43.60,0.00,5.80
03/07/2018 21:00,Weekday,Tuesday,Medium_Load,77.04,99.99,98.42,1.12,13.86
17/03/2018 17:00,Weekend,Saturday,Maximum_Load,50.65,99.48,99.52,5.18,5.00
02/08/2018 19:45,Weekday,Thursday,Light_Load,2.95,17.77,100.00,16.34,0.00
08/04/2018 00:15,Weekend,Sunday,Light_Load,3.28,100.00,60.12,0.00,4.36
11/11/2018 07:30,Weekend,Sunday,Light_Load,2.81,100.00,52.97,0.00,4.50
24/01/2018 14:30,Weekday,Wednesday,Medium_Load,79.27,100.00,91.84,0.00,34.16
16/01/2018 04:15,Weekday,Tuesday,Light_Load,4.68,100.00,62.60,0.00,5.83
15/01/2018 00:45,Weekday,Monday,Light_Load,4.68,100.00,72.93,0.00,4.39
22/07/2018 14:45,Weekend,Sunday,Light_Load,3.46,19.36,100.00,17.53,0.00
02/10/2018 22:15,Weekday,Tuesday,Medium_Load,3.46,99.98,42.78,0.07,7.31
17/12/2018 20:15,Weekday,Monday,Medium_Load,5.54,24.89,100.00,21.56,0.00
24/01/2018 15:30,Weekday,Wednesday,Medium_Load,79.52,100.00,92.74,0.00,32.08
07/09/2018 22:45,Weekday,Friday,Medium_Load,3.78,100.00,49.14,0.00,6.70
03/01/2018 20:45,Weekday,Wednesday,Medium_Load,32.72,97.80,99.81,6.98,2.02
13/01/2018 03:00,Weekend,Saturday,Light_Load,4.75,100.00,75.94,0.00,4.07
13/10/2018 05:00,Weekend,Saturday,Light_Load,2.81,100.00,54.88,0.00,4.28
22/09/2018 20:00,Weekend,Saturday,Light_Load,3.38,24.05,100.00,13.64,0.00
30/03/2018 05:45,Weekday,Friday,Light_Load,3.20,100.00,61.81,0.00,4.07
03/08/2018 03:45,Weekday,Friday,Light_Load,2.88,100.00,44.29,0.00,5.83
21/07/2018 01:30,Weekend,Saturday,Light_Load,3.02,55.13,100.00,4.57,0.00
24/06/2018 07:00,Weekend,Sunday,Light_Load,2.52,100.00,57.35,0.00,3.60
05/06/2018 16:15,Weekday,Tuesday,Maximum_Load,110.77,100.00,90.50,0.00,52.06
20/09/2018 19:45,Weekday,Thursday,Medium_Load,45.04,100.00,87.77,0.00,24.59
09/04/2018 01:30,Weekday,Monday,Light_Load,3.10,100.00,61.64,0.00,3.96
05/08/2018 21:45,Weekend,Sunday,Light_Load,3.17,19.20,100.00,16.20,0.00
07/10/2018 11:15,Weekend,Sunday,Light_Load,2.63,21.43,100.00,11.99,0.00
01/10/2018 19:00,Weekday,Monday,Medium_Load,39.13,100.00,91.51,0.00,17.24
26/07/2018 04:15,Weekday,Thursday,Light_Load,3.17,100.00,61.83,0.00,4.03
04/09/2018 05:45,Weekday,Tuesday,Light_Load,2.59,100.00,47.03,0.00,4.86
10/02/2018 15:00,Weekend,Saturday,Light_Load,5.76,20.70,100.00,27.22,0.00
30/06/2018 22:00,Weekend,Saturday,Medium_Load,3.53,18.57,100.00,18.68,0.00
12/06/2018 22:45,Weekday,Tuesday,Medium_Load,3.60,100.00,61.88,0.00,4.57
16/11/2018 16:45,Weekday,Friday,Medium_Load,56.34,100.00,86.69,0.00,32.40
31/12/2018 04:00,Weekday,Monday,Light_Load,3.06,99.97,81.19,0.07,2.20
21/10/2018 19:45,Weekend,Sunday,Light_Load,3.02,25.44,100.00,11.48,0.00
22/05/2018 15:00,Weekday,Tuesday,Maximum_Load,52.20,99.92,99.61,2.09,4.64
20/02/2018 01:30,Weekday,Tuesday,Light_Load,10.62,100.00,80.56,0.00,7.81
31/05/2018 03:15,Weekday,Thursday,Light_Load,2.92,100.00,47.84,0.00,5.36
18/11/2018 21:00,Weekend,Sunday,Medium_Load,3.82,22.20,100.00,16.78,0.00
28/12/2018 22:45,Weekday,Friday,Maximum_Load,4.93,100.00,78.27,0.00,3.92
18/09/2018 07:00,Weekday,Tuesday,Light_Load,2.84,100.00,47.79,0.00,5.22
07/03/2018 19:15,Weekday,Wednesday,Medium_Load,6.01,21.76,100.00,26.96,0.00
10/04/2018 14:30,Weekday,Tuesday,Maximum_Load,59.22,100.00,93.98,0.00,21.53
19/08/2018 13:30,Weekend,Sunday,Light_Load,3.89,28.89,100.00,12.89,0.00
05/04/2018 07:00,Weekday,Thursday,Light_Load,3.02,100.00,61.72,0.00,3.85
03/11/2018 20:00,Weekend,Saturday,Maximum_Load,3.74,19.85,100.00,18.47,0.00
28/03/2018 17:15,Weekday,Wednesday,Medium_Load,54.54,100.00,90.87,0.00,25.06
24/12/2018 18:45,Weekday,Monday,Maximum_Load,5.33,24.03,100.00,21.53,0.00
08/11/2018 14:30,Weekday,Thursday,Medium_Load,54.61,100.00,89.41,0.00,27.36
30/05/2018 00:00,Weekday,Wednesday,Light_Load,3.53,100.00,58.77,0.00,4.86
18/11/2018 04:15,Weekend,Sunday,Light_Load,3.24,100.00,50.69,0.00,5.51
28/07/2018 00:30,Weekend,Saturday,Light_Load,2.92,100.00,50.13,0.00,5.04
12/05/2018 08:30,Weekend,Saturday,Light_Load,6.01,100.00,62.03,0.00,7.60
25/10/2018 23:15,Weekday,Thursday,Light_Load,3.46,100.00,52.22,0.00,5.65
25/06/2018 07:15,Weekday,Monday,Light_Load,2.81,100.00,56.53,0.00,4.10
28/08/2018 13:30,Weekday,Tuesday,Maximum_Load,53.32,100.00,88.43,0.00,28.15
15/01/2018 13:15,Weekday,Monday,Medium_Load,75.74,99.62,92.33,6.66,31.50
22/05/2018 22:45,Weekday,Tuesday,Medium_Load,3.06,100.00,50.57,0.00,5.22
05/11/2018 11:45,Weekday,Monday,Maximum_Load,73.80,100.00,85.81,0.00,44.17
22/01/2018 16:30,Weekday,Monday,Medium_Load,64.94,100.00,94.79,0.00,21.82
15/03/2018 21:00,Weekday,Thursday,Medium_Load,34.09,98.71,99.47,5.54,3.53
09/02/2018 02:30,Weekday,Friday,Light_Load,5.90,100.00,72.90,0.00,5.54
18/10/2018 05:00,Weekday,Thursday,Light_Load,3.42,100.00,50.60,0.00,5.83
13/09/2018 18:15,Weekday,Thursday,Medium_Load,41.22,100.00,83.92,0.00,26.71
27/02/2018 00:00,Weekday,Tuesday,Light_Load,5.94,100.00,73.56,0.00,5.47
28/01/2018 08:45,Weekend,Sunday,Light_Load,12.06,99.98,81.99,0.22,8.42
12/08/2018 12:45,Weekend,Sunday,Light_Load,3.06,20.69,100.00,14.47,0.00
18/07/2018 10:15,Weekday,Wednesday,Maximum_Load,44.75,100.00,85.50,0.00,27.14
29/12/2018 01:15,Weekend,Saturday,Light_Load,3.82,99.99,76.26,0.04,3.24
12/07/2018 20:15,Weekday,Thursday,Medium_Load,48.89,100.00,96.17,0.00,13.93
19/11/2018 12:45,Weekday,Monday,Medium_Load,6.05,27.74,100.00,20.95,0.00
20/01/2018 07:00,Weekend,Saturday,Light_Load,91.66,100.00,90.22,0.00,43.81
12/02/2018 02:15,Weekday,Monday,Light_Load,3.67,100.00,73.56,0.00,3.38
10/05/2018 22:00,Weekday,Thursday,Medium_Load,4.10,19.07,100.00,21.10,0.00
14/06/2018 03:15,Weekday,Thursday,Light_Load,3.42,100.00,59.92,0.00,4.57
12/04/2018 19:00,Weekday,Thursday,Medium_Load,37.58,99.99,99.88,0.43,1.84
24/01/2018 23:00,Weekday,Wednesday,Maximum_Load,36.94,100.00,81.79,0.00,25.99
31/12/2018 20:45,Weekday,Monday,Light_Load,3.42,24.75,100.00,13.39,0.00
11/11/2018 10:00,Weekend,Sunday,Light_Load,3.20,22.16,100.00,14.08,0.00
19/02/2018 17:45,Weekday,Monday,Maximum_Load,44.78,99.92,99.88,1.76,2.20
14/08/2018 20:30,Weekday,Tuesday,Medium_Load,81.61,100.00,94.49,0.00,28.26
05/05/2018 15:00,Weekend,Saturday,Light_Load,3.20,18.25,100.00,17.24,0.00
14/03/2018 10:00,Weekday,Wednesday,Medium_Load,73.08,100.00,91.03,0.00,33.23
12/09/2018 08:45,Weekday,Wednesday,Light_Load,87.91,100.00,81.06,0.00,63.50
10/09/2018 11:15,Weekday,Monday,Maximum_Load,51.08,100.00,91.92,0.00,21.89
04/11/2018 10:15,Weekend,Sunday,Maximum_Load,60.05,100.00,97.31,0.00,14.22
01/11/2018 13:45,Weekday,Thursday,Medium_Load,120.17,100.00,88.03,0.00,64.76
18/01/2018 13:15,Weekday,Thursday,Medium_Load,100.12,100.00,93.37,0.00,38.38
24/11/2018 20:30,Weekend,Saturday,Light_Load,3.06,21.40,100.00,13.97,0.00
02/02/2018 09:15,Weekday,Friday,Medium_Load,56.66,100.00,97.73,0.00,12.28
28/09/2018 15:15,Weekday,Friday,Maximum_Load,38.52,100.00,91.14,0.00,17.39
25/09/2018 08:00,Weekday,Tuesday,Light_Load,2.63,100.00,39.27,0.00,6.16
13/05/2018 15:15,Weekend,Sunday,Light_Load,3.13,18.15,100.00,16.96,0.00
13/12/2018 22:45,Weekday,Thursday,Maximum_Load,5.36,100.00,86.07,0.00,3.17
01/09/2018 02:45,Weekend,Saturday,Light_Load,3.02,100.00,48.33,0.00,5.47
24/04/2018 21:30,Weekday,Tuesday,Medium_Load,5.26,19.45,100.00,26.53,0.00
18/09/2018 16:30,Weekday,Tuesday,Maximum_Load,55.40,100.00,87.02,0.00,31.36
13/01/2018 19:00,Weekend,Saturday,Maximum_Load,4.97,18.22,100.00,26.82,0.00
16/07/2018 12:45,Weekday,Monday,Medium_Load,5.36,46.70,100.00,10.15,0.00
12/07/2018 15:30,Weekday,Thursday,Maximum_Load,54.54,100.00,94.14,0.00,19.55
26/01/2018 23:15,Weekday,Friday,Light_Load,65.66,100.00,87.34,0.00,36.61
09/01/2018 01:15,Weekday,Tuesday,Light_Load,4.68,100.00,73.48,0.00,4.32
27/08/2018 00:45,Weekday,Monday,Light_Load,3.02,100.00,50.37,0.00,5.18
27/12/2018 20:30,Weekday,Thursday,Medium_Load,40.93,99.99,99.64,0.54,3.46
14/11/2018 21:45,Weekday,Wednesday,Medium_Load,4.97,25.26,100.00,19.04,0.00
05/10/2018 08:45,Weekday,Friday,Light_Load,50.87,100.00,78.32,0.00,40.39
21/09/2018 10:15,Weekday,Friday,Maximum_Load,54.90,100.00,88.41,0.00,29.02
28/05/2018 04:30,Weekday,Monday,Light_Load,2.92,100.00,48.82,0.00,5.22
12/04/2018 11:00,Weekday,Thursday,Maximum_Load,40.46,100.00,97.65,0.00,8.93
03/06/2018 11:00,Weekend,Sunday,Light_Load,2.95,17.11,100.00,16.99,0.00
05/10/2018 16:45,Weekday,Friday,Maximum_Load,46.04,100.00,91.73,0.00,19.98
20/11/2018 16:45,Weekday,Tuesday,Medium_Load,45.47,100.00,98.07,0.00,9.07
06/11/2018 10:15,Weekday,Tuesday,Maximum_Load,63.32,100.00,89.19,0.00,32.11
08/12/2018 15:15,Weekend,Saturday,Medium_Load,43.67,100.00,97.94,0.00,9.00
25/11/2018 21:30,Weekend,Sunday,Light_Load,2.95,19.88,100.00,14.54,0.00
19/04/2018 00:45,Weekday,Thursday,Light_Load,3.02,100.00,63.54,0.00,3.67
07/07/2018 15:45,Weekend,Saturday,Maximum_Load,98.71,100.00,95.39,0.00,31.07
19/01/2018 11:00,Weekday,Friday,Maximum_Load,118.69,100.00,93.29,0.00,45.83
31/10/2018 06:45,Weekday,Wednesday,Light_Load,2.84,100.00,60.07,0.00,3.78
13/01/2018 07:00,Weekend,Saturday,Light_Load,4.72,100.00,74.31,0.00,4.25
09/11/2018 16:45,Weekday,Friday,Medium_Load,59.72,100.00,85.87,0.00,35.64
17/02/2018 11:15,Weekend,Saturday,Light_Load,4.07,46.03,100.00,7.85,0.00
23/07/2018 06:45,Weekday,Monday,Light_Load,2.77,100.00,51.26,0.00,4.64
26/07/2018 07:15,Weekday,Thursday,Light_Load,3.24,100.00,63.32,0.00,3.96
26/06/2018 10:30,Weekday,Tuesday,Maximum_Load,42.12,100.00,96.16,0.00,12.02
17/06/2018 20:30,Weekend,Sunday,Light_Load,2.95,16.83,100.00,17.28,0.00
03/10/2018 01:15,Weekday,Wednesday,Light_Load,3.42,100.00,41.54,0.00,7.49
20/02/2018 06:30,Weekday,Tuesday,Light_Load,4.72,100.00,64.58,0.00,5.58
20/12/2018 06:00,Weekday,Thursday,Light_Load,3.92,99.98,83.43,0.07,2.59
10/02/2018 03:15,Weekend,Saturday,Light_Load,6.48,100.00,76.82,0.00,5.40
02/05/2018 06:45,Weekday,Wednesday,Light_Load,2.95,100.00,53.65,0.00,4.64
24/04/2018 08:45,Weekday,Tuesday,Light_Load,55.15,100.00,73.22,0.00,51.30
07/05/2018 15:30,Weekday,Monday,Maximum_Load,119.34,100.00,92.12,0.00,50.40
08/05/2018 09:15,Weekday,Tuesday,Medium_Load,110.56,100.00,88.47,0.00,58.25
11/05/2018 18:45,Weekday,Friday,Medium_Load,34.27,100.00,97.78,0.29,7.34
14/10/2018 00:00,Weekend,Sunday,Light_Load,2.77,100.00,48.68,0.00,4.97
08/04/2018 10:30,Weekend,Sunday,Maximum_Load,67.72,99.97,98.55,1.55,11.66
30/07/2018 12:45,Weekday,Monday,Medium_Load,6.01,23.48,100.00,24.88,0.00
27/01/2018 11:15,Weekend,Saturday,Maximum_Load,31.90,99.97,97.85,0.83,6.73
20/03/2018 07:15,Weekday,Tuesday,Light_Load,3.06,100.00,65.18,0.00,3.56
31/01/2018 22:30,Weekday,Wednesday,Maximum_Load,80.50,100.00,87.31,0.00,44.96
01/08/2018 19:45,Weekday,Wednesday,Light_Load,2.74,15.72,100.00,17.21,0.00
01/03/2018 10:30,Weekday,Thursday,Maximum_Load,77.40,100.00,96.41,0.00,21.31
07/03/2018 22:15,Weekday,Wednesday,Medium_Load,5.08,31.38,95.65,15.37,1.55
10/03/2018 13:15,Weekend,Saturday,Maximum_Load,10.62,44.12,100.00,21.60,0.00
06/06/2018 20:15,Weekday,Wednesday,Medium_Load,3.78,18.15,100.00,20.48,0.00
06/04/2018 03:15,Weekday,Friday,Light_Load,3.28,100.00,51.63,0.00,5.44
25/12/2018 07:30,Weekday,Tuesday,Light_Load,3.85,99.99,75.15,0.04,3.38
01/11/2018 00:15,Weekday,Thursday,Light_Load,3.89,100.00,57.67,0.00,5.51
30/11/2018 04:15,Weekday,Friday,Light_Load,3.42,100.00,68.17,0.00,3.67
14/06/2018 19:15,Weekday,Thursday,Medium_Load,62.89,100.00,86.06,0.00,37.22
22/03/2018 22:15,Weekday,Thursday,Medium_Load,6.91,44.44,94.72,13.93,2.34
10/12/2018 15:30,Weekday,Monday,Medium_Load,66.71,100.00,89.63,0.00,33.01
14/05/2018 04:00,Weekday,Monday,Light_Load,2.99,100.00,54.17,0.00,4.64
16/07/2018 14:45,Weekday,Monday,Maximum_Load,57.60,100.00,89.64,0.00,28.48
06/10/2018 21:45,Weekend,Saturday,Medium_Load,3.56,19.63,100.00,17.78,0.00
05/03/2018 16:15,Weekday,Monday,Maximum_Load,74.27,100.00,91.56,0.00,32.62
10/09/2018 19:45,Weekday,Monday,Medium_Load,3.53,19.43,100.00,17.82,0.00
25/02/2018 20:15,Weekend,Sunday,Light_Load,4.21,21.82,100.00,18.83,0.00
21/07/2018 04:15,Weekend,Saturday,Light_Load,3.24,100.00,51.73,0.00,5.36
09/03/2018 16:15,Weekday,Friday,Maximum_Load,54.40,100.00,96.43,0.00,14.94
11/08/2018 00:45,Weekend,Saturday,Light_Load,2.74,100.00,45.99,0.00,5.29
14/03/2018 03:45,Weekday,Wednesday,Light_Load,3.28,100.00,55.39,0.00,4.93
11/12/2018 07:30,Weekday,Tuesday,Light_Load,4.07,100.00,73.27,0.00,3.78
10/07/2018 03:30,Weekday,Tuesday,Light_Load,2.95,100.00,51.58,0.00,4.90
30/03/2018 01:30,Weekday,Friday,Light_Load,3.53,100.00,62.32,0.00,4.43
16/12/2018 12:45,Weekend,Sunday,Medium_Load,5.44,25.92,100.00,20.27,0.00
29/05/2018 19:45,Weekday,Tuesday,Medium_Load,37.51,100.00,99.46,0.25,3.92
15/09/2018 13:00,Weekend,Saturday,Medium_Load,3.31,24.00,100.00,13.39,0.00
17/11/2018 13:00,Weekend,Saturday,Medium_Load,4.79,28.42,100.00,16.16,0.00
20/12/2018 16:15,Weekday,Thursday,Medium_Load,60.08,100.00,91.46,0.00,26.57
05/10/2018 01:00,Weekday,Friday,Light_Load,3.42,100.00,48.78,0.00,6.12
24/11/2018 20:15,Weekend,Saturday,Light_Load,3.10,21.66,100.00,13.97,0.00
28/11/2018 14:15,Weekday,Wednesday,Medium_Load,84.46,100.00,85.76,0.00,50.65
07/04/2018 04:30,Weekend,Saturday,Light_Load,3.24,100.00,52.74,0.00,5.22
12/04/2018 06:45,Weekday,Thursday,Light_Load,3.67,100.00,57.22,0.00,5.26
16/11/2018 04:00,Weekday,Friday,Light_Load,3.13,100.00,51.43,0.00,5.22
22/11/2018 04:00,Weekday,Thursday,Light_Load,3.20,100.00,71.82,0.00,3.10
03/01/2018 06:30,Weekday,Wednesday,Light_Load,4.57,100.00,72.35,0.00,4.36
22/09/2018 08:45,Weekend,Saturday,Light_Load,3.31,89.06,72.22,1.69,3.17
11/04/2018 19:15,Weekday,Wednesday,Medium_Load,77.87,100.00,96.29,0.00,21.82
16/02/2018 01:30,Weekday,Friday,Light_Load,3.10,100.00,68.69,0.00,3.28
04/06/2018 12:30,Weekday,Monday,Medium_Load,5.00,21.05,100.00,23.22,0.00
25/03/2018 01:45,Weekend,Sunday,Light_Load,3.06,100.00,65.50,0.00,3.53
26/09/2018 20:00,Weekday,Wednesday,Light_Load,2.74,22.80,100.00,11.70,0.00
04/03/2018 09:00,Weekend,Sunday,Light_Load,3.28,24.34,100.00,13.07,0.00
14/06/2018 03:30,Weekday,Thursday,Light_Load,2.99,100.00,57.54,0.00,4.25
05/08/2018 00:15,Weekend,Sunday,Light_Load,3.10,100.00,55.22,0.00,4.68
21/11/2018 10:30,Weekday,Wednesday,Maximum_Load,69.08,100.00,91.04,0.00,31.39
21/04/2018 20:30,Weekend,Saturday,Medium_Load,3.96,15.14,100.00,25.85,0.00
28/11/2018 07:45,Weekday,Wednesday,Light_Load,24.62,100.00,85.38,0.00,15.01
06/12/2018 11:00,Weekday,Thursday,Maximum_Load,62.78,100.00,90.12,0.00,30.20
16/04/2018 18:45,Weekday,Monday,Medium_Load,40.10,99.99,98.95,0.68,5.87
04/06/2018 10:30,Weekday,Monday,Maximum_Load,90.25,100.00,89.58,0.00,44.78
29/03/2018 22:15,Weekday,Thursday,Medium_Load,3.82,24.99,90.09,14.80,1.84
13/03/2018 15:15,Weekday,Tuesday,Maximum_Load,48.38,100.00,92.35,0.00,20.09
22/10/2018 16:15,Weekday,Monday,Maximum_Load,52.38,100.00,89.58,0.00,25.99
16/03/2018 22:30,Weekday,Friday,Medium_Load,3.74,100.00,63.58,0.00,4.54
03/06/2018 19:45,Weekend,Sunday,Light_Load,2.92,16.53,100.00,17.42,0.00
08/03/2018 13:15,Weekday,Thursday,Maximum_Load,59.36,99.88,94.79,2.88,19.94
12/12/2018 00:00,Weekday,Wednesday,Light_Load,4.21,99.55,82.90,0.40,2.84
20/12/2018 10:30,Weekday,Thursday,Maximum_Load,68.72,100.00,90.49,0.00,32.33
28/04/2018 01:00,Weekend,Saturday,Light_Load,3.17,100.00,75.30,0.00,2.77
18/07/2018 13:15,Weekday,Wednesday,Maximum_Load,44.89,100.00,84.59,0.00,28.30
30/03/2018 14:15,Weekday,Friday,Maximum_Load,60.34,100.00,91.98,0.00,25.74
25/11/2018 20:45,Weekend,Sunday,Light_Load,3.60,16.76,100.00,21.17,0.00
09/04/2018 15:30,Weekday,Monday,Maximum_Load,81.07,100.00,90.09,0.00,39.06
27/03/2018 11:45,Weekday,Tuesday,Maximum_Load,46.37,100.00,79.40,0.00,35.50
14/07/2018 00:00,Weekend,Saturday,Light_Load,2.77,46.87,100.00,5.22,0.00
17/11/2018 06:15,Weekend,Saturday,Light_Load,3.20,100.00,60.51,0.00,4.21
27/04/2018 07:30,Weekday,Friday,Light_Load,3.31,100.00,69.55,0.00,3.42
13/12/2018 19:00,Weekday,Thursday,Maximum_Load,80.46,100.00,93.27,0.00,31.10
24/05/2018 04:30,Weekday,Thursday,Light_Load,2.95,100.00,53.65,0.00,4.64
18/06/2018 17:15,Weekday,Monday,Medium_Load,43.74,100.00,95.48,0.00,13.61
21/12/2018 19:15,Weekday,Friday,Maximum_Load,5.54,25.40,100.00,21.10,0.00
15/07/2018 16:15,Weekend,Sunday,Maximum_Load,97.85,100.00,95.14,0.00,31.68
21/02/2018 01:15,Weekday,Wednesday,Light_Load,37.33,100.00,84.69,0.00,23.44
13/02/2018 23:15,Weekday,Tuesday,Light_Load,36.40,100.00,81.31,0.00,26.06
25/10/2018 22:30,Weekday,Thursday,Medium_Load,3.64,100.00,50.03,0.00,6.30
12/11/2018 06:45,Weekday,Monday,Light_Load,2.59,100.00,65.10,0.00,3.02
30/01/2018 22:45,Weekday,Tuesday,Maximum_Load,90.79,100.00,88.91,0.00,46.73
25/12/2018 03:30,Weekday,Tuesday,Light_Load,3.20,99.98,81.20,0.07,2.30
13/03/2018 13:00,Weekday,Tuesday,Medium_Load,6.62,25.54,100.00,25.06,0.00
01/12/2018 13:45,Weekend,Saturday,Medium_Load,26.86,96.49,100.00,7.31,0.07
03/08/2018 08:00,Weekday,Friday,Light_Load,3.24,100.00,43.01,0.00,6.80
06/01/2018 17:30,Weekend,Saturday,Light_Load,3.38,18.46,100.00,18.00,0.00
07/11/2018 21:15,Weekday,Wednesday,Medium_Load,5.26,29.91,100.00,16.78,0.00
30/12/2018 18:15,Weekend,Sunday,Light_Load,3.89,34.00,100.00,10.76,0.00
30/07/2018 14:15,Weekday,Monday,Maximum_Load,48.64,100.00,86.80,0.00,27.83
27/08/2018 23:30,Weekday,Monday,Light_Load,2.66,100.00,54.06,0.00,4.14
21/07/2018 12:00,Weekend,Saturday,Maximum_Load,10.87,100.00,73.93,0.00,9.90
08/05/2018 23:15,Weekday,Tuesday,Light_Load,3.71,100.00,72.84,0.00,3.49
31/05/2018 04:30,Weekday,Thursday,Light_Load,3.02,100.00,50.08,0.00,5.22
10/08/2018 06:15,Weekday,Friday,Light_Load,2.52,100.00,52.36,0.00,4.10
29/08/2018 17:15,Weekday,Wednesday,Medium_Load,53.64,100.00,87.39,0.00,29.84
28/06/2018 15:30,Weekday,Thursday,Maximum_Load,47.84,100.00,91.80,0.00,20.66
20/11/2018 01:15,Weekday,Tuesday,Light_Load,3.64,100.00,72.88,0.00,3.42
05/08/2018 19:30,Weekend,Sunday,Light_Load,3.10,18.64,100.00,16.34,0.00
09/12/2018 09:45,Weekend,Sunday,Light_Load,3.31,22.78,100.00,14.15,0.00
04/09/2018 05:30,Weekday,Tuesday,Light_Load,2.59,100.00,47.03,0.00,4.86
21/06/2018 09:00,Weekday,Thursday,Light_Load,58.39,100.00,84.72,0.00,36.61
09/10/2018 06:00,Weekday,Tuesday,Light_Load,2.56,100.00,48.31,0.00,4.64
03/12/2018 07:45,Weekday,Monday,Light_Load,5.98,100.00,90.33,0.04,2.84
01/04/2018 08:15,Weekend,Sunday,Light_Load,2.70,100.00,59.58,0.00,3.64
15/11/2018 09:45,Weekday,Thursday,Medium_Load,113.15,100.00,89.95,0.00,54.97
13/03/2018 02:15,Weekday,Tuesday,Light_Load,4.54,100.00,55.53,0.00,6.80
04/01/2018 14:30,Weekday,Thursday,Medium_Load,121.93,100.00,94.17,0.00,43.56
02/08/2018 18:45,Weekday,Thursday,Light_Load,2.92,26.19,100.00,10.76,0.00
09/07/2018 20:00,Weekday,Monday,Medium_Load,48.10,100.00,95.68,0.00,14.62
02/05/2018 21:00,Weekday,Wednesday,Medium_Load,20.74,81.21,100.00,14.90,0.04
03/03/2018 17:30,Weekend,Saturday,Medium_Load,5.54,20.54,100.00,26.39,0.00
07/08/2018 11:15,Weekday,Tuesday,Maximum_Load,96.23,100.00,87.58,0.00,53.03
06/12/2018 20:30,Weekday,Thursday,Medium_Load,38.84,100.00,97.56,0.00,8.75
03/11/2018 20:15,Weekend,Saturday,Medium_Load,3.74,19.82,100.00,18.50,0.00
15/03/2018 18:15,Weekday,Thursday,Medium_Load,58.50,100.00,80.71,0.47,42.80
28/08/2018 05:30,Weekday,Tuesday,Light_Load,2.52,100.00,50.74,0.00,4.28
04/10/2018 16:45,Weekday,Thursday,Maximum_Load,75.20,100.00,82.33,0.00,51.84
28/10/2018 11:00,Weekend,Sunday,Light_Load,2.99,26.59,100.00,10.84,0.00
25/07/2018 12:30,Weekday,Wednesday,Medium_Load,5.44,22.38,100.00,23.69,0.00
17/12/2018 04:00,Weekday,Monday,Light_Load,3.60,100.00,79.25,0.00,2.77
31/03/2018 03:30,Weekend,Saturday,Light_Load,2.74,100.00,60.56,0.00,3.60
15/11/2018 03:15,Weekday,Thursday,Light_Load,3.56,100.00,56.86,0.00,5.15
08/09/2018 20:30,Weekend,Saturday,Medium_Load,2.99,25.12,100.00,11.52,0.00
10/09/2018 12:30,Weekday,Monday,Medium_Load,4.57,25.62,100.00,17.24,0.00
01/04/2018 06:00,Weekend,Sunday,Light_Load,2.77,100.00,60.56,0.00,3.64
21/11/2018 10:45,Weekday,Wednesday,Maximum_Load,69.66,100.00,91.35,0.00,31.03
10/04/2018 10:30,Weekday,Tuesday,Maximum_Load,61.92,100.00,93.12,0.00,24.23
22/10/2018 08:45,Weekday,Monday,Light_Load,48.35,100.00,78.61,0.00,38.02
02/04/2018 11:00,Weekday,Monday,Maximum_Load,47.30,100.00,92.37,0.00,19.62
11/11/2018 23:15,Weekend,Sunday,Light_Load,2.63,100.00,68.33,0.00,2.81
11/04/2018 20:30,Weekday,Wednesday,Medium_Load,71.50,100.00,97.09,0.04,17.64
16/12/2018 07:15,Weekend,Sunday,Light_Load,3.38,100.00,77.68,0.00,2.74
17/01/2018 08:45,Weekday,Wednesday,Light_Load,62.75,100.00,78.71,0.00,49.18
25/02/2018 06:45,Weekend,Sunday,Light_Load,4.46,100.00,64.96,0.00,5.22
01/06/2018 22:15,Weekday,Friday,Medium_Load,3.64,26.96,90.99,13.00,1.66
30/06/2018 04:45,Weekend,Saturday,Light_Load,2.84,100.00,51.88,0.00,4.68
25/11/2018 08:00,Weekend,Sunday,Light_Load,2.92,100.00,65.71,0.00,3.35
16/04/2018 02:00,Weekday,Monday,Light_Load,3.10,100.00,63.41,0.00,3.78
01/06/2018 20:15,Weekday,Friday,Medium_Load,3.60,14.16,100.00,25.16,0.00
02/01/2018 00:45,Weekday,Tuesday,Light_Load,3.28,100.00,66.64,0.00,3.67
29/07/2018 09:00,Weekend,Sunday,Light_Load,35.39,99.99,99.26,0.43,4.32
09/06/2018 02:30,Weekend,Saturday,Light_Load,2.92,100.00,47.09,0.00,5.47
28/05/2018 01:45,Weekday,Monday,Light_Load,3.02,100.00,44.90,0.00,6.01
15/03/2018 05:15,Weekday,Thursday,Light_Load,3.46,100.00,52.70,0.00,5.58
07/02/2018 10:15,Weekday,Wednesday,Maximum_Load,69.34,100.00,93.17,0.00,27.04
29/03/2018 01:30,Weekday,Thursday,Light_Load,3.71,100.00,64.55,0.00,4.39
25/09/2018 11:30,Weekday,Tuesday,Light_Load,2.66,22.04,100.00,11.77,0.00
01/02/2018 14:00,Weekday,Thursday,Medium_Load,105.37,100.00,90.97,0.00,48.10
25/06/2018 13:15,Weekday,Monday,Maximum_Load,75.13,99.98,95.45,1.55,23.47
27/06/2018 14:00,Weekday,Wednesday,Maximum_Load,67.21,100.00,89.96,0.00,32.62
16/12/2018 10:45,Weekend,Sunday,Maximum_Load,54.86,100.00,93.72,0.00,20.41
20/06/2018 22:15,Weekday,Wednesday,Medium_Load,3.67,26.56,96.87,13.32,0.94
30/07/2018 00:30,Weekday,Monday,Light_Load,2.66,100.00,49.10,0.00,4.72
17/12/2018 19:30,Weekday,Monday,Maximum_Load,5.62,24.91,100.00,21.85,0.00
03/04/2018 03:45,Weekday,Tuesday,Light_Load,3.38,100.00,62.60,0.00,4.21
17/05/2018 15:00,Weekday,Thursday,Maximum_Load,97.02,100.00,92.37,0.00,40.25
08/06/2018 22:45,Weekday,Friday,Medium_Load,3.46,100.00,57.45,0.00,4.93
25/05/2018 05:30,Weekday,Friday,Light_Load,3.10,100.00,66.73,0.00,3.46
29/08/2018 18:45,Weekday,Wednesday,Medium_Load,56.16,100.00,81.01,0.00,40.64
31/01/2018 04:15,Weekday,Wednesday,Light_Load,5.87,100.00,73.35,0.00,5.44
23/01/2018 21:00,Weekday,Tuesday,Medium_Load,42.44,99.69,99.81,3.35,2.63
30/11/2018 19:15,Weekday,Friday,Maximum_Load,44.96,100.00,94.74,0.00,15.19
23/12/2018 13:45,Weekend,Sunday,Light_Load,3.67,25.98,100.00,13.64,0.00
07/01/2018 12:15,Weekend,Sunday,Light_Load,3.53,25.82,100.00,13.21,0.00
28/02/2018 21:45,Weekday,Wednesday,Medium_Load,5.80,21.87,100.00,25.88,0.00
28/06/2018 02:45,Weekday,Thursday,Light_Load,3.31,100.00,62.82,0.00,4.10
09/02/2018 14:00,Weekday,Friday,Medium_Load,66.85,100.00,93.97,0.00,24.34
20/12/2018 23:00,Weekday,Thursday,Maximum_Load,5.04,100.00,88.66,0.00,2.63
26/05/2018 11:45,Weekend,Saturday,Maximum_Load,33.95,100.00,89.73,0.00,16.70
29/08/2018 07:30,Weekday,Wednesday,Light_Load,3.24,100.00,55.16,0.00,4.90
31/07/2018 10:30,Weekday,Tuesday,Maximum_Load,63.86,100.00,94.73,0.00,21.60
15/07/2018 02:30,Weekend,Sunday,Light_Load,2.88,53.91,100.00,4.50,0.00
21/09/2018 14:45,Weekday,Friday,Maximum_Load,8.60,49.54,100.00,15.08,0.00
30/01/2018 00:00,Weekday,Tuesday,Light_Load,97.99,100.00,89.89,0.00,47.77
31/05/2018 04:45,Weekday,Thursday,Light_Load,2.92,100.00,48.33,0.00,5.29
24/11/2018 07:45,Weekend,Saturday,Light_Load,3.53,100.00,74.09,0.00,3.20
11/10/2018 22:00,Weekday,Thursday,Medium_Load,3.92,23.82,99.99,15.98,0.04
31/03/2018 02:15,Weekend,Saturday,Light_Load,2.74,100.00,60.56,0.00,3.60
09/02/2018 10:30,Weekday,Friday,Maximum_Load,57.28,100.00,97.42,0.00,13.28
26/02/2018 02:15,Weekday,Monday,Light_Load,3.85,100.00,74.09,0.00,3.49
26/11/2018 13:15,Weekday,Monday,Medium_Load,56.52,99.20,91.27,7.20,25.31
09/01/2018 16:00,Weekday,Tuesday,Medium_Load,123.30,100.00,92.92,0.00,49.03
14/07/2018 18:30,Weekend,Saturday,Medium_Load,2.99,50.21,100.00,5.15,0.00
05/09/2018 19:00,Weekday,Wednesday,Medium_Load,45.90,100.00,90.21,0.00,21.96
25/08/2018 06:15,Weekend,Saturday,Light_Load,2.77,100.00,46.39,0.00,5.29
23/09/2018 22:30,Weekend,Sunday,Light_Load,2.63,100.00,41.53,0.00,5.76
07/07/2018 09:30,Weekend,Saturday,Medium_Load,54.90,100.00,90.70,0.00,25.49
28/11/2018 17:15,Weekday,Wednesday,Maximum_Load,83.74,100.00,92.41,0.00,34.63
28/07/2018 06:30,Weekend,Saturday,Light_Load,3.28,100.00,53.20,0.00,5.22
16/02/2018 11:30,Weekday,Friday,Light_Load,3.31,57.17,100.00,4.75,0.00
19/02/2018 12:00,Weekday,Monday,Maximum_Load,58.28,100.00,88.74,0.04,30.28
21/10/2018 02:30,Weekend,Sunday,Light_Load,2.74,100.00,53.21,0.00,4.36
14/10/2018 20:00,Weekend,Sunday,Light_Load,2.99,25.27,100.00,11.45,0.00
28/04/2018 09:30,Weekend,Saturday,Medium_Load,69.30,99.99,99.81,0.90,4.28
11/09/2018 07:45,Weekday,Tuesday,Light_Load,2.99,100.00,51.86,0.00,4.93
20/12/2018 07:15,Weekday,Thursday,Light_Load,3.96,99.59,82.62,0.36,2.70
28/11/2018 07:15,Weekday,Wednesday,Light_Load,22.46,100.00,81.96,0.00,15.70
19/12/2018 21:45,Weekday,Wednesday,Medium_Load,4.25,19.00,100.00,21.96,0.00
04/11/2018 23:15,Weekend,Sunday,Light_Load,2.92,100.00,57.27,0.00,4.18
26/08/2018 21:15,Weekend,Sunday,Medium_Load,3.13,21.97,100.00,13.90,0.00
16/02/2018 08:15,Weekday,Friday,Light_Load,3.06,100.00,65.93,0.00,3.49
02/04/2018 01:45,Weekday,Monday,Light_Load,2.92,100.00,55.65,0.00,4.36
21/12/2018 20:30,Weekday,Friday,Medium_Load,5.44,24.69,100.00,21.35,0.00
17/07/2018 20:15,Weekday,Tuesday,Medium_Load,37.48,100.00,99.12,0.00,5.00
24/02/2018 10:00,Weekend,Saturday,Medium_Load,88.78,100.00,98.94,0.00,13.00
13/02/2018 06:15,Weekday,Tuesday,Light_Load,4.75,100.00,67.80,0.00,5.15
02/06/2018 23:45,Weekend,Saturday,Light_Load,2.88,100.00,47.82,0.00,5.29
01/09/2018 15:30,Weekend,Saturday,Maximum_Load,26.17,99.73,99.98,1.94,0.58
11/07/2018 13:15,Weekday,Wednesday,Maximum_Load,42.88,99.00,94.70,6.12,14.54
17/02/2018 01:45,Weekend,Saturday,Light_Load,3.13,100.00,63.08,0.00,3.85
12/03/2018 05:45,Weekday,Monday,Light_Load,3.10,100.00,69.13,0.00,3.24
05/05/2018 04:30,Weekend,Saturday,Light_Load,2.99,100.00,61.64,0.00,3.82
30/11/2018 07:00,Weekday,Friday,Light_Load,3.35,100.00,71.13,0.00,3.31
04/05/2018 21:30,Weekday,Friday,Medium_Load,3.85,14.65,100.00,25.99,0.00
04/05/2018 02:15,Weekday,Friday,Light_Load,4.61,100.00,66.70,0.00,5.15
28/10/2018 08:30,Weekend,Sunday,Light_Load,2.81,100.00,44.98,0.00,5.58
29/11/2018 21:45,Weekday,Thursday,Medium_Load,5.65,27.16,100.00,20.02,0.00
08/01/2018 21:15,Weekday,Monday,Medium_Load,13.57,55.57,99.99,20.30,0.14
08/04/2018 16:00,Weekend,Sunday,Maximum_Load,27.00,95.65,100.00,8.24,0.00
19/04/2018 15:30,Weekday,Thursday,Maximum_Load,66.06,100.00,89.33,0.00,33.23
31/05/2018 17:00,Weekday,Thursday,Maximum_Load,39.78,100.00,97.76,0.00,8.57
05/03/2018 00:15,Weekday,Monday,Light_Load,2.99,100.00,62.75,0.00,3.71
05/01/2018 01:15,Weekday,Friday,Light_Load,4.68,100.00,65.77,0.00,5.36
12/07/2018 13:00,Weekday,Thursday,Medium_Load,4.61,21.67,100.00,20.77,0.00
29/03/2018 06:00,Weekday,Thursday,Light_Load,3.02,100.00,60.64,0.00,3.96
13/09/2018 15:15,Weekday,Thursday,Maximum_Load,109.01,100.00,89.42,0.00,54.58
25/10/2018 20:00,Weekday,Thursday,Medium_Load,57.06,100.00,89.72,0.00,28.08
28/06/2018 22:15,Weekday,Thursday,Medium_Load,3.82,28.78,96.68,12.71,1.01
19/06/2018 21:00,Weekday,Tuesday,Medium_Load,14.98,69.03,99.92,15.70,0.61
07/10/2018 22:15,Weekend,Sunday,Light_Load,2.59,99.99,46.21,0.04,4.97
22/07/2018 19:30,Weekend,Sunday,Light_Load,3.53,20.59,100.00,16.78,0.00
06/07/2018 15:45,Weekday,Friday,Maximum_Load,111.24,100.00,92.91,0.00,44.28
25/04/2018 14:15,Weekday,Wednesday,Maximum_Load,59.62,100.00,91.13,0.00,26.93
16/06/2018 12:00,Weekend,Saturday,Maximum_Load,4.68,74.03,99.77,4.25,0.32
02/03/2018 16:15,Weekday,Friday,Maximum_Load,26.42,90.17,100.00,12.67,0.00
10/09/2018 20:00,Weekday,Monday,Medium_Load,3.49,19.33,100.00,17.71,0.00
09/10/2018 13:00,Weekday,Tuesday,Medium_Load,3.89,25.55,100.00,14.72,0.00
03/10/2018 10:00,Weekday,Wednesday,Medium_Load,57.10,100.00,84.06,0.00,36.79
10/09/2018 07:00,Weekday,Monday,Light_Load,2.74,100.00,44.33,0.00,5.54
18/06/2018 13:15,Weekday,Monday,Maximum_Load,72.65,99.96,95.40,2.05,22.82
02/05/2018 02:30,Weekday,Wednesday,Light_Load,2.88,100.00,55.47,0.00,4.32
23/11/2018 23:15,Weekday,Friday,Light_Load,4.68,100.00,87.49,0.00,2.59
30/09/2018 10:00,Weekend,Sunday,Light_Load,2.77,23.11,100.00,11.66,0.00
29/12/2018 05:45,Weekend,Saturday,Light_Load,2.99,100.00,79.65,0.00,2.27
03/02/2018 04:15,Weekend,Saturday,Light_Load,5.90,100.00,78.35,0.00,4.68
10/08/2018 07:30,Weekday,Friday,Light_Load,3.53,100.00,57.06,0.00,5.08
29/11/2018 23:00,Weekday,Thursday,Maximum_Load,4.03,100.00,60.82,0.00,5.26
20/04/2018 23:30,Weekday,Friday,Light_Load,3.46,100.00,70.71,0.00,3.46
27/03/2018 15:15,Weekday,Tuesday,Maximum_Load,38.41,99.99,99.67,0.61,3.13
11/11/2018 13:00,Weekend,Sunday,Light_Load,3.02,24.42,100.00,11.99,0.00
06/05/2018 21:30,Weekend,Sunday,Light_Load,3.20,18.51,100.00,16.99,0.00
20/06/2018 06:30,Weekday,Wednesday,Light_Load,3.49,100.00,48.46,0.00,6.30
18/07/2018 23:15,Weekday,Wednesday,Light_Load,2.81,50.05,100.00,4.86,0.00
13/11/2018 05:30,Weekday,Tuesday,Light_Load,3.67,100.00,49.28,0.00,6.48
29/09/2018 04:00,Weekend,Saturday,Light_Load,2.59,100.00,53.04,0.00,4.14
13/02/2018 08:15,Weekday,Tuesday,Light_Load,40.46,100.00,82.26,0.00,27.97
24/02/2018 01:30,Weekend,Saturday,Light_Load,6.70,100.00,78.66,0.00,5.26
11/06/2018 15:15,Weekday,Monday,Maximum_Load,88.02,100.00,87.86,0.00,47.84
14/01/2018 07:30,Weekend,Sunday,Light_Load,4.10,100.00,70.97,0.00,4.07
26/08/2018 19:15,Weekend,Sunday,Medium_Load,3.06,21.77,100.00,13.72,0.00
27/06/2018 08:45,Weekday,Wednesday,Light_Load,51.41,100.00,72.42,0.00,48.96
10/03/2018 03:45,Weekend,Saturday,Light_Load,3.13,100.00,75.24,0.00,2.74
07/05/2018 04:45,Weekday,Monday,Light_Load,2.95,100.00,58.69,0.00,4.07
01/01/2018 11:45,Weekday,Monday,Light_Load,4.00,51.26,100.00,6.70,0.00
24/05/2018 16:00,Weekday,Thursday,Maximum_Load,86.72,100.00,91.32,0.00,38.70
28/12/2018 04:45,Weekday,Friday,Light_Load,4.10,99.86,83.52,0.22,2.70
02/10/2018 14:45,Weekday,Tuesday,Maximum_Load,53.75,100.00,82.80,0.00,36.40
06/11/2018 08:45,Weekday,Tuesday,Light_Load,60.37,100.00,76.70,0.00,50.51
14/05/2018 00:00,Weekday,Monday,Light_Load,4.54,100.00,60.47,0.00,5.98
13/05/2018 21:15,Weekend,Sunday,Light_Load,3.20,18.58,100.00,16.92,0.00
19/06/2018 10:15,Weekday,Tuesday,Maximum_Load,37.26,99.97,99.05,0.97,5.18
13/12/2018 10:00,Weekday,Thursday,Medium_Load,56.84,100.00,95.37,0.00,17.93
10/02/2018 02:00,Weekend,Saturday,Light_Load,7.06,100.00,77.27,0.00,5.80
01/06/2018 07:30,Weekday,Friday,Light_Load,3.10,100.00,50.56,0.00,5.29
11/01/2018 18:45,Weekday,Thursday,Maximum_Load,116.06,100.00,92.44,0.00,47.88
07/11/2018 18:45,Weekday,Wednesday,Maximum_Load,52.49,100.00,87.26,0.00,29.38
28/03/2018 07:00,Weekday,Wednesday,Light_Load,2.95,100.00,67.32,0.00,3.24
09/06/2018 12:00,Weekend,Saturday,Light_Load,2.92,53.51,100.00,4.61,0.00
24/04/2018 18:30,Weekday,Tuesday,Medium_Load,80.64,100.00,86.51,0.00,46.76
06/06/2018 17:15,Weekday,Wednesday,Medium_Load,88.99,100.00,91.39,0.00,39.53
29/05/2018 04:15,Weekday,Tuesday,Light_Load,3.06,100.00,51.38,0.00,5.11
31/10/2018 16:00,Weekday,Wednesday,Maximum_Load,56.88,100.00,85.55,0.00,34.42
12/01/2018 02:30,Weekday,Friday,Light_Load,4.79,100.00,67.61,0.00,5.22
23/05/2018 23:30,Weekday,Wednesday,Light_Load,3.38,100.00,66.66,0.00,3.78
30/11/2018 16:30,Weekday,Friday,Medium_Load,44.75,100.00,96.78,0.00,11.63
11/09/2018 09:15,Weekday,Tuesday,Medium_Load,115.13,100.00,88.19,0.00,61.56
16/08/2018 12:30,Weekday,Thursday,Medium_Load,4.64,31.16,100.00,14.15,0.00
12/06/2018 11:45,Weekday,Tuesday,Maximum_Load,60.77,100.00,81.96,0.00,42.48
16/02/2018 14:00,Weekday,Friday,Light_Load,3.38,19.54,100.00,16.96,0.00
03/01/2018 07:45,Weekday,Wednesday,Light_Load,7.92,100.00,86.09,0.00,4.68
14/01/2018 14:00,Weekend,Sunday,Medium_Load,30.78,98.19,99.99,5.94,0.47
19/04/2018 14:15,Weekday,Thursday,Maximum_Load,56.81,100.00,92.57,0.00,23.22
25/05/2018 16:30,Weekday,Friday,Maximum_Load,69.80,100.00,82.80,0.00,47.27
21/10/2018 10:45,Weekend,Sunday,Light_Load,2.99,25.58,100.00,11.30,0.00
14/03/2018 05:30,Weekday,Wednesday,Light_Load,3.31,100.00,56.61,0.00,4.82
04/05/2018 07:15,Weekday,Friday,Light_Load,3.02,100.00,57.65,0.00,4.28
09/11/2018 05:00,Weekday,Friday,Light_Load,2.88,100.00,56.10,0.00,4.25
31/07/2018 03:15,Weekday,Tuesday,Light_Load,2.95,100.00,58.69,0.00,4.07
09/09/2018 19:45,Weekend,Sunday,Medium_Load,2.99,24.84,100.00,11.66,0.00
13/08/2018 06:45,Weekday,Monday,Light_Load,2.74,100.00,46.76,0.00,5.18
20/09/2018 17:15,Weekday,Thursday,Medium_Load,50.33,100.00,86.34,0.00,29.41
05/06/2018 10:30,Weekday,Tuesday,Maximum_Load,49.97,100.00,87.34,0.00,27.86
27/03/2018 18:00,Weekday,Tuesday,Medium_Load,30.31,95.71,100.00,9.18,0.00
06/10/2018 17:00,Weekend,Saturday,Maximum_Load,84.56,100.00,92.92,0.00,33.62
24/03/2018 19:30,Weekend,Saturday,Medium_Load,4.46,16.76,100.00,26.24,0.00
23/01/2018 04:30,Weekday,Tuesday,Light_Load,38.12,100.00,81.17,0.00,27.43
28/07/2018 03:00,Weekend,Saturday,Light_Load,3.64,100.00,51.99,0.00,5.98
18/07/2018 12:00,Weekday,Wednesday,Maximum_Load,47.59,100.00,72.20,0.00,45.61
17/10/2018 15:45,Weekday,Wednesday,Maximum_Load,67.39,100.00,81.35,0.00,48.17
19/02/2018 08:45,Weekday,Monday,Light_Load,74.48,100.00,78.73,0.00,58.32
31/10/2018 22:30,Weekday,Wednesday,Medium_Load,4.14,100.00,48.23,0.00,7.52
05/10/2018 00:45,Weekday,Friday,Light_Load,3.42,100.00,46.68,0.00,6.48
13/09/2018 02:45,Weekday,Thursday,Light_Load,2.99,100.00,47.23,0.00,5.58
23/06/2018 00:45,Weekend,Saturday,Light_Load,2.70,100.00,52.04,0.00,4.43
10/02/2018 22:15,Weekend,Saturday,Light_Load,4.64,28.95,93.50,15.34,1.76
11/05/2018 09:45,Weekday,Friday,Medium_Load,69.08,100.00,87.92,0.00,37.44
24/04/2018 10:45,Weekday,Tuesday,Maximum_Load,47.27,100.00,98.49,0.00,8.32
22/12/2018 21:30,Weekend,Saturday,Light_Load,5.51,25.56,100.00,20.84,0.00
22/04/2018 19:15,Weekend,Sunday,Medium_Load,4.07,18.82,100.00,21.24,0.00
03/10/2018 22:15,Weekday,Wednesday,Medium_Load,2.74,99.92,46.76,0.11,5.18
14/09/2018 12:00,Weekday,Friday,Maximum_Load,63.40,100.00,76.94,0.00,52.63
29/03/2018 05:45,Weekday,Thursday,Light_Load,3.10,100.00,62.03,0.00,3.92
27/11/2018 22:15,Weekday,Tuesday,Maximum_Load,24.88,100.00,84.63,0.00,15.66
30/04/2018 17:45,Weekday,Monday,Medium_Load,50.90,100.00,94.20,0.43,18.14
29/07/2018 12:00,Weekend,Sunday,Maximum_Load,11.09,96.40,92.55,3.06,4.54
03/12/2018 20:30,Weekday,Monday,Medium_Load,45.36,100.00,92.67,0.00,18.40
07/02/2018 22:15,Weekday,Wednesday,Maximum_Load,37.84,99.79,94.91,2.45,12.56
31/08/2018 18:15,Weekday,Friday,Medium_Load,31.82,99.99,95.08,0.54,10.37
08/01/2018 13:30,Weekday,Monday,Medium_Load,76.14,100.00,89.63,0.00,37.66
30/06/2018 18:00,Weekend,Saturday,Medium_Load,3.89,22.01,100.00,17.24,0.00
05/01/2018 23:00,Weekday,Friday,Maximum_Load,4.07,100.00,70.71,0.00,4.07
01/01/2018 22:45,Weekday,Monday,Light_Load,3.24,100.00,69.52,0.00,3.35
13/11/2018 03:15,Weekday,Tuesday,Light_Load,3.74,100.00,49.76,0.00,6.52
28/12/2018 06:00,Weekday,Friday,Light_Load,3.06,99.16,85.70,0.40,1.84
09/02/2018 11:30,Weekday,Friday,Maximum_Load,66.46,100.00,85.62,0.00,40.10
29/07/2018 16:30,Weekend,Sunday,Maximum_Load,32.54,99.93,99.79,1.22,2.12
01/10/2018 22:45,Weekday,Monday,Medium_Load,3.24,100.00,42.45,0.00,6.91
03/05/2018 16:00,Weekday,Thursday,Maximum_Load,80.78,100.00,93.04,0.00,31.82
26/07/2018 20:30,Weekday,Thursday,Medium_Load,52.60,100.00,93.42,0.11,20.09
13/06/2018 00:45,Weekday,Wednesday,Light_Load,3.24,100.00,55.47,0.00,4.86
21/09/2018 19:45,Weekday,Friday,Medium_Load,2.77,22.64,100.00,11.92,0.00
30/05/2018 04:30,Weekday,Wednesday,Light_Load,2.99,100.00,50.21,0.00,5.15
18/05/2018 00:30,Weekday,Friday,Light_Load,3.71,100.00,61.23,0.00,4.79
22/11/2018 20:45,Weekday,Thursday,Medium_Load,68.98,100.00,92.70,0.00,27.90
21/03/2018 04:00,Weekday,Wednesday,Light_Load,3.31,100.00,67.68,0.00,3.60
10/02/2018 00:15,Weekend,Saturday,Light_Load,88.60,100.00,87.45,0.00,49.14
13/02/2018 18:45,Weekday,Tuesday,Maximum_Load,90.86,100.00,98.68,0.11,14.90
10/05/2018 20:30,Weekday,Thursday,Medium_Load,58.07,100.00,88.36,0.00,30.78
26/05/2018 08:30,Weekend,Saturday,Light_Load,35.46,100.00,74.43,0.00,31.82
19/12/2018 20:00,Weekday,Wednesday,Maximum_Load,5.33,23.19,100.00,22.36,0.00
14/05/2018 16:15,Weekday,Monday,Maximum_Load,54.22,100.00,91.45,0.00,23.98
04/02/2018 13:15,Weekend,Sunday,Light_Load,4.32,24.74,100.00,16.92,0.00
15/02/2018 05:45,Weekday,Thursday,Light_Load,3.92,100.00,53.07,0.00,6.26
14/05/2018 19:30,Weekday,Monday,Medium_Load,60.44,100.00,87.98,0.00,32.65
07/01/2018 12:45,Weekend,Sunday,Light_Load,3.74,20.39,100.00,17.96,0.00
23/06/2018 13:15,Weekend,Saturday,Maximum_Load,29.05,97.88,98.97,6.08,4.21
28/07/2018 21:00,Weekend,Saturday,Medium_Load,2.84,16.25,100.00,17.24,0.00
07/07/2018 07:15,Weekend,Saturday,Light_Load,3.02,100.00,55.73,0.00,4.50
04/12/2018 14:45,Weekday,Tuesday,Medium_Load,53.46,100.00,87.64,0.00,29.38
07/11/2018 08:30,Weekday,Wednesday,Light_Load,54.94,100.00,76.79,0.00,45.83
12/03/2018 02:45,Weekday,Monday,Light_Load,3.82,100.00,60.10,0.00,5.08
02/12/2018 06:00,Weekend,Sunday,Light_Load,3.35,100.00,77.41,0.00,2.74
23/01/2018 07:15,Weekday,Tuesday,Light_Load,39.49,100.00,80.58,0.00,29.02
27/12/2018 11:15,Weekday,Thursday,Maximum_Load,51.16,100.00,95.99,0.00,14.94
17/08/2018 13:30,Weekday,Friday,Maximum_Load,81.14,100.00,86.84,0.00,46.33
07/02/2018 17:00,Weekday,Wednesday,Medium_Load,70.02,100.00,95.43,0.00,21.92
04/03/2018 22:00,Weekend,Sunday,Light_Load,3.74,16.53,100.00,22.32,0.00
29/03/2018 15:30,Weekday,Thursday,Maximum_Load,47.66,100.00,91.93,0.00,20.41
26/07/2018 16:30,Weekday,Thursday,Maximum_Load,53.64,100.00,94.96,0.00,17.71
29/12/2018 02:30,Weekend,Saturday,Light_Load,3.82,100.00,74.89,0.00,3.38
24/02/2018 00:45,Weekend,Saturday,Light_Load,82.30,100.00,89.90,0.00,40.10
05/07/2018 15:15,Weekday,Thursday,Maximum_Load,81.04,100.00,94.66,0.00,27.61
14/12/2018 14:45,Weekday,Friday,Medium_Load,84.74,100.00,92.26,0.00,35.42
13/12/2018 07:45,Weekday,Thursday,Light_Load,5.69,99.62,90.34,0.50,2.70
05/09/2018 19:30,Weekday,Wednesday,Medium_Load,51.34,100.00,91.07,0.00,23.29
07/03/2018 13:00,Weekday,Wednesday,Medium_Load,6.48,24.10,100.00,26.10,0.00
27/09/2018 02:00,Weekday,Thursday,Light_Load,2.52,100.00,43.01,0.00,5.29
15/11/2018 03:45,Weekday,Thursday,Light_Load,4.43,100.00,64.99,0.00,5.18
11/08/2018 20:45,Weekend,Saturday,Medium_Load,3.10,20.80,100.00,14.58,0.00
17/06/2018 01:30,Weekend,Sunday,Light_Load,2.88,100.00,56.74,0.00,4.18
13/09/2018 03:15,Weekday,Thursday,Light_Load,2.74,100.00,48.81,0.00,4.90
14/04/2018 08:15,Weekend,Saturday,Light_Load,17.39,100.00,76.48,0.00,14.65
22/05/2018 04:00,Weekday,Tuesday,Light_Load,3.06,100.00,59.81,0.00,4.10
04/07/2018 18:00,Weekday,Wednesday,Medium_Load,36.68,99.45,99.64,3.85,3.10
11/10/2018 19:45,Weekday,Thursday,Medium_Load,114.98,100.00,89.88,0.00,56.09
01/04/2018 03:30,Weekend,Sunday,Light_Load,2.84,100.00,56.20,0.00,4.18
15/08/2018 16:00,Weekday,Wednesday,Maximum_Load,99.68,100.00,92.67,0.00,40.43
25/11/2018 07:00,Weekend,Sunday,Light_Load,2.81,100.00,70.33,0.00,2.84
03/02/2018 10:15,Weekend,Saturday,Maximum_Load,38.12,99.85,99.96,2.09,1.04
30/01/2018 21:15,Weekday,Tuesday,Medium_Load,70.13,100.00,99.19,0.50,8.96
12/07/2018 15:15,Weekday,Thursday,Maximum_Load,54.86,100.00,95.43,0.00,17.17
11/07/2018 06:45,Weekday,Wednesday,Light_Load,3.35,100.00,59.71,0.00,4.50
05/11/2018 10:15,Weekday,Monday,Maximum_Load,61.56,100.00,89.00,0.00,31.54
02/08/2018 09:45,Weekday,Thursday,Light_Load,2.70,15.28,100.00,17.46,0.00
10/05/2018 13:30,Weekday,Thursday,Maximum_Load,60.34,100.00,90.38,0.00,28.58
27/10/2018 06:45,Weekend,Saturday,Light_Load,3.49,100.00,43.62,0.00,7.20
18/04/2018 21:15,Weekday,Wednesday,Medium_Load,4.82,17.97,100.00,26.39,0.00
29/03/2018 00:00,Weekday,Thursday,Light_Load,3.49,100.00,60.11,0.00,4.64
06/05/2018 09:00,Weekend,Sunday,Light_Load,3.13,23.11,100.00,13.18,0.00
29/11/2018 02:30,Weekday,Thursday,Light_Load,4.03,100.00,65.25,0.00,4.68
23/02/2018 00:00,Weekday,Friday,Light_Load,89.57,100.00,90.69,0.00,41.62
06/03/2018 18:15,Weekday,Tuesday,Medium_Load,49.25,100.00,92.31,0.04,20.52
21/08/2018 19:15,Weekday,Tuesday,Medium_Load,56.27,100.00,86.59,0.00,32.51
07/01/2018 00:45,Weekend,Sunday,Light_Load,3.64,100.00,71.10,0.00,3.60
29/03/2018 13:00,Weekday,Thursday,Medium_Load,4.39,24.72,100.00,17.21,0.00
05/07/2018 12:15,Weekday,Thursday,Medium_Load,8.42,46.94,99.08,15.84,1.15
01/02/2018 11:30,Weekday,Thursday,Maximum_Load,108.11,100.00,88.01,0.00,58.32
29/03/2018 14:30,Weekday,Thursday,Maximum_Load,72.00,100.00,88.39,0.00,38.09
25/01/2018 01:15,Weekday,Thursday,Light_Load,36.94,100.00,81.41,0.00,26.35
03/12/2018 02:00,Weekday,Monday,Light_Load,3.49,100.00,80.30,0.00,2.59
17/01/2018 04:30,Weekday,Wednesday,Light_Load,4.64,100.00,71.79,0.00,4.50
06/07/2018 18:00,Weekday,Friday,Medium_Load,32.98,99.35,99.99,3.78,0.47
09/08/2018 00:45,Weekday,Thursday,Light_Load,2.70,100.00,48.87,0.00,4.82
20/07/2018 03:45,Weekday,Friday,Light_Load,2.81,100.00,47.90,0.00,5.15
12/05/2018 08:15,Weekend,Saturday,Light_Load,3.82,100.00,59.06,0.00,5.22
20/12/2018 08:15,Weekday,Thursday,Light_Load,39.49,100.00,82.76,0.11,26.78
30/03/2018 17:45,Weekday,Friday,Medium_Load,42.62,100.00,98.58,0.04,7.27
21/05/2018 11:00,Weekday,Monday,Maximum_Load,55.40,100.00,89.82,0.00,27.11
12/05/2018 11:00,Weekend,Saturday,Maximum_Load,22.79,84.96,100.00,14.15,0.00
13/08/2018 04:30,Weekday,Monday,Light_Load,2.81,100.00,46.43,0.00,5.36
15/11/2018 22:30,Weekday,Thursday,Maximum_Load,3.85,100.00,45.57,0.00,7.52
10/10/2018 17:45,Weekday,Wednesday,Medium_Load,32.54,99.96,99.94,0.97,1.12
22/10/2018 09:15,Weekday,Monday,Medium_Load,47.41,100.00,92.92,0.00,18.86
21/07/2018 00:30,Weekend,Saturday,Light_Load,2.99,52.71,100.00,4.82,0.00
13/07/2018 14:00,Weekday,Friday,Maximum_Load,48.24,100.00,97.57,0.00,10.84
13/12/2018 03:00,Weekday,Thursday,Light_Load,4.21,99.91,79.25,0.18,3.24
05/07/2018 13:45,Weekday,Thursday,Maximum_Load,50.94,100.00,90.97,0.00,23.26
27/10/2018 05:00,Weekend,Saturday,Light_Load,3.42,100.00,47.30,0.00,6.37
17/11/2018 16:00,Weekend,Saturday,Medium_Load,81.50,100.00,93.05,0.00,32.08
02/12/2018 05:45,Weekend,Sunday,Light_Load,3.46,100.00,78.84,0.00,2.70
25/05/2018 08:00,Weekday,Friday,Light_Load,3.71,100.00,60.68,0.00,4.86
07/12/2018 08:45,Weekday,Friday,Light_Load,60.19,100.00,88.53,0.00,31.61
13/05/2018 14:30,Weekend,Sunday,Light_Load,3.56,15.92,100.00,22.07,0.00
29/12/2018 18:45,Weekend,Saturday,Light_Load,3.35,23.32,100.00,13.97,0.00
20/12/2018 11:45,Weekday,Thursday,Maximum_Load,71.46,100.00,89.56,0.00,35.50
24/06/2018 18:30,Weekend,Sunday,Medium_Load,2.84,48.29,100.00,5.15,0.00
16/05/2018 22:15,Weekday,Wednesday,Medium_Load,3.92,35.36,91.23,10.37,1.76
27/11/2018 16:30,Weekday,Tuesday,Medium_Load,53.46,100.00,91.70,0.00,23.26
27/02/2018 19:45,Weekday,Tuesday,Maximum_Load,121.93,100.00,92.97,0.00,48.31
06/03/2018 09:00,Weekday,Tuesday,Light_Load,120.89,100.00,93.10,0.00,47.38
16/04/2018 11:15,Weekday,Monday,Maximum_Load,77.83,100.00,81.47,0.00,55.40
22/02/2018 13:30,Weekday,Thursday,Medium_Load,113.94,100.00,91.17,0.00,51.34
07/03/2018 13:30,Weekday,Wednesday,Maximum_Load,102.28,100.00,91.93,0.00,43.78
15/12/2018 23:45,Weekend,Saturday,Light_Load,3.20,99.50,85.04,0.32,1.98
13/04/2018 17:30,Weekday,Friday,Medium_Load,32.54,98.25,99.97,6.16,0.83
27/11/2018 06:15,Weekday,Tuesday,Light_Load,5.62,100.00,81.27,0.00,4.03
18/09/2018 12:45,Weekday,Tuesday,Medium_Load,4.07,26.89,100.00,14.58,0.00
03/04/2018 19:15,Weekday,Tuesday,Medium_Load,83.52,100.00,84.64,0.00,52.56
19/01/2018 02:15,Weekday,Friday,Light_Load,82.26,100.00,88.80,0.00,42.59
15/12/2018 14:00,Weekend,Saturday,Light_Load,3.31,21.78,100.00,14.83,0.00
21/10/2018 20:00,Weekend,Sunday,Light_Load,2.99,25.20,100.00,11.48,0.00
05/12/2018 07:45,Weekday,Wednesday,Light_Load,4.32,99.91,80.98,0.18,3.13
31/10/2018 08:00,Weekday,Wednesday,Light_Load,4.25,100.00,57.93,0.00,5.98
21/06/2018 02:30,Weekday,Thursday,Light_Load,2.88,100.00,50.67,0.00,4.90
24/12/2018 08:00,Weekday,Monday,Light_Load,6.52,99.94,94.12,0.22,2.34
11/04/2018 13:30,Weekday,Wednesday,Maximum_Load,56.02,100.00,90.11,0.00,26.96
04/06/2018 01:15,Weekday,Monday,Light_Load,3.20,100.00,50.70,0.00,5.44
02/12/2018 17:30,Weekend,Sunday,Light_Load,3.60,25.02,100.00,13.93,0.00
28/01/2018 14:00,Weekend,Sunday,Medium_Load,28.51,95.64,100.00,8.71,0.04
13/11/2018 21:15,Weekday,Tuesday,Medium_Load,32.15,100.00,96.07,0.00,9.29
14/02/2018 15:30,Weekday,Wednesday,Light_Load,3.31,18.55,100.00,17.53,0.00
07/06/2018 18:15,Weekday,Thursday,Medium_Load,38.77,99.99,86.03,0.54,22.97
31/03/2018 22:45,Weekend,Saturday,Light_Load,2.77,100.00,57.32,0.00,3.96
29/10/2018 06:00,Weekday,Monday,Light_Load,2.70,100.00,49.10,0.00,4.79
24/03/2018 03:45,Weekend,Saturday,Light_Load,3.67,100.00,65.09,0.00,4.28
28/11/2018 07:30,Weekday,Wednesday,Light_Load,22.93,100.00,83.42,0.00,15.16
06/02/2018 12:15,Weekday,Tuesday,Medium_Load,21.10,76.92,96.04,17.53,6.12
26/10/2018 21:00,Weekday,Friday,Medium_Load,47.02,100.00,88.70,0.18,24.48
19/02/2018 03:15,Weekday,Monday,Light_Load,3.28,100.00,55.94,0.00,4.86
11/06/2018 06:30,Weekday,Monday,Light_Load,2.77,100.00,48.46,0.00,5.00
18/06/2018 14:30,Weekday,Monday,Maximum_Load,94.36,100.00,95.73,0.00,28.51
27/10/2018 02:30,Weekend,Saturday,Light_Load,3.17,100.00,46.41,0.00,6.05
16/08/2018 07:30,Weekday,Thursday,Light_Load,3.49,100.00,59.21,0.00,4.75
20/09/2018 12:30,Weekday,Thursday,Medium_Load,10.15,76.00,99.98,8.68,0.22
22/12/2018 16:45,Weekend,Saturday,Light_Load,3.56,24.51,100.00,14.08,0.00
26/12/2018 14:15,Weekday,Wednesday,Medium_Load,57.02,100.00,94.09,0.00,20.52
09/01/2018 03:15,Weekday,Tuesday,Light_Load,4.72,100.00,71.84,0.00,4.57
30/12/2018 07:15,Weekend,Sunday,Light_Load,4.36,100.00,74.96,0.00,3.85
08/12/2018 10:45,Weekend,Saturday,Maximum_Load,47.66,100.00,96.33,0.29,13.28
27/03/2018 00:30,Weekday,Tuesday,Light_Load,3.82,100.00,62.35,0.00,4.79
10/03/2018 00:30,Weekend,Saturday,Light_Load,3.02,100.00,76.28,0.00,2.56
12/07/2018 16:15,Weekday,Thursday,Maximum_Load,57.46,100.00,92.29,0.00,23.98
19/04/2018 04:30,Weekday,Thursday,Light_Load,2.99,100.00,63.89,0.00,3.60
11/09/2018 07:00,Weekday,Tuesday,Light_Load,2.52,100.00,43.75,0.00,5.18
16/07/2018 12:15,Weekday,Monday,Medium_Load,5.69,81.81,84.24,4.00,3.64
29/06/2018 23:45,Weekday,Friday,Light_Load,3.28,100.00,65.14,0.00,3.82
28/05/2018 21:30,Weekday,Monday,Medium_Load,3.92,21.53,100.00,17.78,0.00
21/07/2018 22:15,Weekend,Saturday,Medium_Load,2.95,20.02,100.00,14.44,0.00
13/12/2018 14:45,Weekday,Thursday,Medium_Load,66.24,100.00,89.11,0.00,33.73
15/02/2018 16:15,Weekday,Thursday,Light_Load,4.28,18.04,100.00,23.33,0.00
12/12/2018 06:45,Weekday,Wednesday,Light_Load,3.42,99.99,82.08,0.04,2.38
03/03/2018 15:00,Weekend,Saturday,Maximum_Load,79.16,100.00,99.00,0.22,11.30
01/01/2018 01:15,Weekday,Monday,Light_Load,3.82,100.00,64.72,0.00,4.50
03/04/2018 18:00,Weekday,Tuesday,Medium_Load,30.38,97.25,100.00,7.27,0.00
28/07/2018 23:15,Weekend,Saturday,Light_Load,2.88,100.00,61.32,0.00,3.71
09/03/2018 14:30,Weekday,Friday,Maximum_Load,54.83,100.00,96.30,0.00,15.34
31/01/2018 00:00,Weekday,Wednesday,Light_Load,60.01,100.00,86.57,0.00,34.70
26/04/2018 22:30,Weekday,Thursday,Medium_Load,3.64,100.00,75.10,0.00,3.20
29/12/2018 10:00,Weekend,Saturday,Light_Load,4.03,18.70,100.00,21.17,0.00
08/07/2018 20:15,Weekend,Sunday,Medium_Load,3.56,13.46,100.00,26.21,0.00
19/07/2018 13:00,Weekday,Thursday,Medium_Load,26.32,99.99,98.48,0.32,4.64
05/02/2018 08:45,Weekday,Monday,Light_Load,69.77,100.00,79.50,0.00,53.24
28/10/2018 20:30,Weekend,Sunday,Light_Load,2.95,25.18,100.00,11.34,0.00
23/05/2018 01:30,Weekday,Wednesday,Light_Load,3.02,100.00,52.47,0.00,4.90
09/12/2018 00:45,Weekend,Sunday,Light_Load,3.82,100.00,74.89,0.00,3.38
11/02/2018 02:45,Weekend,Sunday,Light_Load,3.89,100.00,69.72,0.00,4.00
09/01/2018 11:30,Weekday,Tuesday,Maximum_Load,106.49,100.00,88.64,0.00,55.62
09/02/2018 15:45,Weekday,Friday,Medium_Load,138.64,100.00,92.06,0.00,58.79
07/12/2018 10:30,Weekday,Friday,Maximum_Load,46.22,100.00,99.41,0.04,5.04
12/07/2018 05:00,Weekday,Thursday,Light_Load,3.28,100.00,53.50,0.00,5.18
15/02/2018 22:45,Weekday,Thursday,Light_Load,3.49,100.00,66.50,0.00,3.92
08/04/2018 21:15,Weekend,Sunday,Medium_Load,3.92,15.66,100.00,24.73,0.00
14/11/2018 20:15,Weekday,Wednesday,Medium_Load,5.15,27.82,100.00,17.78,0.00
12/01/2018 23:30,Weekday,Friday,Light_Load,4.64,100.00,80.83,0.00,3.38
15/07/2018 00:00,Weekend,Sunday,Light_Load,2.92,50.13,100.00,5.04,0.00
20/09/2018 14:30,Weekday,Thursday,Maximum_Load,48.85,100.00,86.87,0.00,27.86
04/07/2018 04:15,Weekday,Wednesday,Light_Load,2.81,100.00,59.26,0.00,3.82
19/10/2018 20:00,Weekday,Friday,Medium_Load,60.19,100.00,79.68,0.00,45.65
26/08/2018 01:00,Weekend,Sunday,Light_Load,2.59,100.00,51.07,0.00,4.36
25/11/2018 09:45,Weekend,Sunday,Light_Load,3.49,17.06,100.00,20.16,0.00
28/12/2018 22:30,Weekday,Friday,Maximum_Load,4.97,100.00,78.52,0.00,3.92
16/01/2018 12:00,Weekday,Tuesday,Maximum_Load,92.66,100.00,82.58,0.00,63.29
28/11/2018 04:45,Weekday,Wednesday,Light_Load,22.46,100.00,83.19,0.00,14.98
13/07/2018 02:15,Weekday,Friday,Light_Load,2.77,100.00,50.06,0.00,4.79
30/11/2018 04:45,Weekday,Friday,Light_Load,3.46,100.00,69.29,0.00,3.60
18/05/2018 00:45,Weekday,Friday,Light_Load,3.82,100.00,62.11,0.00,4.82
20/12/2018 00:00,Weekday,Thursday,Light_Load,3.89,99.66,81.75,0.32,2.74
20/12/2018 19:45,Weekday,Thursday,Maximum_Load,4.07,18.08,100.00,22.14,0.00
05/06/2018 11:45,Weekday,Tuesday,Maximum_Load,116.10,100.00,86.78,0.00,66.49
21/07/2018 23:45,Weekend,Saturday,Light_Load,2.92,47.57,100.00,5.40,0.00
04/09/2018 00:45,Weekday,Tuesday,Light_Load,2.70,100.00,45.94,0.00,5.22
18/02/2018 16:15,Weekend,Sunday,Light_Load,3.64,22.01,100.00,16.13,0.00
09/02/2018 09:15,Weekday,Friday,Medium_Load,114.73,100.00,92.21,0.00,48.13
12/10/2018 18:45,Weekday,Friday,Medium_Load,47.34,100.00,88.99,0.00,24.26
21/06/2018 00:15,Weekday,Thursday,Light_Load,4.50,100.00,58.37,0.00,6.26
30/11/2018 11:00,Weekday,Friday,Maximum_Load,60.34,100.00,91.24,0.00,27.07
22/09/2018 17:30,Weekend,Saturday,Light_Load,2.81,25.33,100.00,10.73,0.00
26/05/2018 03:00,Weekend,Saturday,Light_Load,3.17,100.00,51.40,0.00,5.29
17/06/2018 16:15,Weekend,Sunday,Light_Load,2.99,17.36,100.00,16.96,0.00
09/10/2018 15:45,Weekday,Tuesday,Maximum_Load,86.80,100.00,83.88,0.00,56.34
31/10/2018 05:45,Weekday,Wednesday,Light_Load,3.38,100.00,58.22,0.00,4.72
27/12/2018 06:45,Weekday,Thursday,Light_Load,4.21,100.00,82.17,0.04,2.92
31/03/2018 14:45,Weekend,Saturday,Light_Load,3.02,17.15,100.00,17.35,0.00
15/07/2018 19:30,Weekend,Sunday,Medium_Load,47.45,100.00,96.12,0.29,13.61
01/07/2018 23:30,Weekend,Sunday,Light_Load,2.92,100.00,62.26,0.00,3.67
07/10/2018 12:30,Weekend,Sunday,Light_Load,2.74,23.27,100.00,11.45,0.00
30/03/2018 09:00,Weekday,Friday,Light_Load,64.91,100.00,84.97,0.00,40.28
28/10/2018 23:30,Weekend,Sunday,Light_Load,2.74,100.00,49.97,0.00,4.75
23/03/2018 11:45,Weekday,Friday,Maximum_Load,92.30,100.00,86.14,0.00,54.43
04/02/2018 21:30,Weekend,Sunday,Light_Load,5.04,18.83,100.00,26.28,0.00
20/03/2018 22:30,Weekday,Tuesday,Medium_Load,4.00,100.00,58.75,0.00,5.51
03/11/2018 02:30,Weekend,Saturday,Light_Load,3.82,100.00,49.36,0.00,6.73
03/04/2018 13:45,Weekday,Tuesday,Maximum_Load,108.79,100.00,93.01,0.00,42.95
18/02/2018 20:15,Weekend,Sunday,Light_Load,3.56,20.88,100.00,16.67,0.00
03/07/2018 13:30,Weekday,Tuesday,Maximum_Load,66.17,100.00,89.79,0.00,32.44
17/06/2018 10:00,Weekend,Sunday,Light_Load,3.20,17.07,100.00,18.47,0.00
24/07/2018 13:15,Weekday,Tuesday,Maximum_Load,42.08,99.85,85.63,2.34,25.38
24/08/2018 08:45,Weekday,Friday,Light_Load,64.44,100.00,72.96,0.00,60.41
25/11/2018 17:15,Weekend,Sunday,Light_Load,2.95,20.07,100.00,14.40,0.00
17/08/2018 06:00,Weekday,Friday,Light_Load,2.74,100.00,41.48,0.00,6.01
05/05/2018 17:30,Weekend,Saturday,Light_Load,3.20,18.58,100.00,16.92,0.00
01/11/2018 18:15,Weekday,Thursday,Maximum_Load,16.31,97.47,96.46,3.74,4.46
07/10/2018 10:30,Weekend,Sunday,Light_Load,3.02,19.86,100.00,14.90,0.00
18/04/2018 02:00,Weekday,Wednesday,Light_Load,3.64,100.00,72.18,0.00,3.49
15/09/2018 22:00,Weekend,Saturday,Medium_Load,2.88,25.86,100.00,10.76,0.00
14/12/2018 03:45,Weekday,Friday,Light_Load,4.14,99.99,76.73,0.07,3.46
30/09/2018 21:00,Weekend,Sunday,Light_Load,2.77,22.51,100.00,11.99,0.00
28/12/2018 00:15,Weekday,Friday,Light_Load,3.74,99.12,85.89,0.50,2.23
09/05/2018 12:00,Weekday,Wednesday,Maximum_Load,53.86,100.00,78.80,0.00,42.08
03/04/2018 08:45,Weekday,Tuesday,Light_Load,96.12,100.00,81.38,0.00,68.65
02/03/2018 14:00,Weekday,Friday,Maximum_Load,84.71,99.99,98.63,1.01,14.15
27/04/2018 11:15,Weekday,Friday,Maximum_Load,75.82,100.00,90.60,0.00,35.42
06/06/2018 23:45,Weekday,Wednesday,Light_Load,3.02,100.00,48.81,0.00,5.40
04/06/2018 06:30,Weekday,Monday,Light_Load,2.84,100.00,45.81,0.00,5.51
19/11/2018 05:45,Weekday,Monday,Light_Load,2.92,100.00,56.36,0.00,4.28
18/04/2018 23:30,Weekday,Wednesday,Light_Load,3.56,100.00,73.24,0.00,3.31
04/07/2018 10:15,Weekday,Wednesday,Maximum_Load,86.62,100.00,86.72,0.00,49.75
17/10/2018 17:45,Weekday,Wednesday,Medium_Load,29.77,99.89,99.94,1.40,1.01
27/05/2018 14:45,Weekend,Sunday,Light_Load,3.17,18.46,100.00,16.88,0.00
20/07/2018 17:30,Weekday,Friday,Medium_Load,59.51,100.00,86.39,0.00,34.70
19/06/2018 10:30,Weekday,Tuesday,Maximum_Load,38.38,100.00,98.13,0.04,7.52
04/04/2018 18:15,Weekday,Wednesday,Medium_Load,5.54,46.73,100.00,10.48,0.00
03/04/2018 06:45,Weekday,Tuesday,Light_Load,3.06,100.00,58.79,0.00,4.21
04/07/2018 11:00,Weekday,Wednesday,Maximum_Load,105.05,100.00,95.01,0.00,34.49
28/08/2018 01:30,Weekday,Tuesday,Light_Load,2.74,100.00,56.23,0.00,4.03
12/11/2018 04:00,Weekday,Monday,Light_Load,3.31,100.00,54.89,0.00,5.04
19/07/2018 15:30,Weekday,Thursday,Maximum_Load,79.38,100.00,93.36,0.00,30.46
16/12/2018 19:00,Weekend,Sunday,Maximum_Load,5.69,25.80,100.00,21.31,0.00
08/04/2018 05:30,Weekend,Sunday,Light_Load,3.17,100.00,55.75,0.00,4.72
07/03/2018 07:00,Weekday,Wednesday,Light_Load,3.82,100.00,66.24,0.00,4.32
16/08/2018 22:00,Weekday,Thursday,Medium_Load,3.60,26.63,100.00,13.03,0.00
19/09/2018 00:30,Weekday,Wednesday,Light_Load,2.74,100.00,46.20,0.00,5.26
01/01/2018 06:00,Weekday,Monday,Light_Load,3.78,100.00,65.85,0.00,4.32
28/06/2018 22:45,Weekday,Thursday,Medium_Load,3.56,100.00,63.95,0.00,4.28
10/09/2018 13:45,Weekday,Monday,Maximum_Load,89.75,100.00,91.79,0.00,38.81
18/10/2018 17:15,Weekday,Thursday,Medium_Load,81.22,100.00,79.71,0.00,61.52
08/03/2018 15:00,Weekday,Thursday,Maximum_Load,65.74,100.00,90.87,0.00,30.20
01/06/2018 07:45,Weekday,Friday,Light_Load,3.24,100.00,55.79,0.00,4.82
18/12/2018 07:15,Weekday,Tuesday,Light_Load,3.28,99.85,83.98,0.18,2.12
31/05/2018 05:45,Weekday,Thursday,Light_Load,2.92,100.00,44.78,0.00,5.83
12/05/2018 09:30,Weekend,Saturday,Medium_Load,5.18,20.30,100.00,24.98,0.00
11/04/2018 03:45,Weekday,Wednesday,Light_Load,3.28,100.00,57.39,0.00,4.68
28/08/2018 20:30,Weekday,Tuesday,Medium_Load,60.16,100.00,87.52,0.00,33.26
04/08/2018 04:45,Weekend,Saturday,Light_Load,2.84,100.00,42.49,0.00,6.05
05/01/2018 13:45,Weekday,Friday,Medium_Load,114.05,100.00,95.26,0.00,36.43
24/06/2018 13:30,Weekend,Sunday,Maximum_Load,29.41,99.93,99.91,1.08,1.26
12/12/2018 21:45,Weekday,Wednesday,Medium_Load,5.76,25.77,100.00,21.60,0.00
03/01/2018 14:15,Weekday,Wednesday,Medium_Load,76.57,100.00,92.86,0.00,30.60
16/05/2018 13:45,Weekday,Wednesday,Maximum_Load,124.88,100.00,90.89,0.00,57.28
19/02/2018 17:15,Weekday,Monday,Maximum_Load,87.19,100.00,95.50,0.00,27.07
06/06/2018 22:00,Weekday,Wednesday,Medium_Load,3.82,22.43,100.00,16.60,0.00
08/05/2018 08:00,Weekday,Tuesday,Light_Load,5.40,100.00,67.70,0.00,5.87
01/06/2018 23:30,Weekday,Friday,Light_Load,3.42,100.00,62.07,0.00,4.32
19/03/2018 05:00,Weekday,Monday,Light_Load,3.10,100.00,65.99,0.00,3.53
01/04/2018 07:15,Weekend,Sunday,Light_Load,2.70,100.00,59.58,0.00,3.64
11/01/2018 16:00,Weekday,Thursday,Medium_Load,106.92,100.00,92.75,0.00,43.09
09/10/2018 02:30,Weekday,Tuesday,Light_Load,2.59,100.00,49.55,0.00,4.54
24/09/2018 21:15,Weekday,Monday,Light_Load,2.88,25.61,100.00,10.87,0.00
13/09/2018 10:45,Weekday,Thursday,Maximum_Load,51.80,100.00,87.04,0.00,29.30
10/10/2018 01:45,Weekday,Wednesday,Light_Load,2.81,100.00,50.36,0.00,4.82
19/12/2018 11:00,Weekday,Wednesday,Maximum_Load,83.09,100.00,88.39,0.00,43.96
03/10/2018 17:15,Weekday,Wednesday,Medium_Load,3.89,21.41,100.00,17.75,0.00
11/09/2018 04:00,Weekday,Tuesday,Light_Load,2.66,100.00,46.17,0.00,5.11
16/10/2018 19:15,Weekday,Tuesday,Medium_Load,72.11,100.00,81.31,0.00,51.62
01/08/2018 03:45,Weekday,Wednesday,Light_Load,2.81,100.00,50.05,0.00,4.86
01/11/2018 07:15,Weekday,Thursday,Light_Load,3.17,100.00,66.09,0.00,3.60
16/01/2018 17:45,Weekday,Tuesday,Maximum_Load,55.69,100.00,95.33,0.50,17.64
12/12/2018 20:45,Weekday,Wednesday,Medium_Load,53.35,100.00,95.30,0.04,16.96
21/02/2018 04:30,Weekday,Wednesday,Light_Load,3.92,100.00,71.98,0.00,3.78
02/11/2018 14:45,Weekday,Friday,Medium_Load,55.76,100.00,85.29,0.00,34.13
30/11/2018 06:00,Weekday,Friday,Light_Load,5.11,100.00,70.43,0.00,5.15
21/02/2018 02:00,Weekday,Wednesday,Light_Load,5.94,100.00,73.56,0.00,5.47
28/01/2018 08:15,Weekend,Sunday,Light_Load,4.25,100.00,62.63,0.00,5.29
13/11/2018 15:15,Weekday,Tuesday,Medium_Load,88.88,100.00,91.32,0.00,39.67
19/11/2018 04:00,Weekday,Monday,Light_Load,2.92,100.00,53.84,0.00,4.57
26/08/2018 14:15,Weekend,Sunday,Maximum_Load,5.62,28.20,100.00,19.12,0.00
17/12/2018 19:00,Weekday,Monday,Maximum_Load,5.54,24.20,100.00,22.21,0.00
22/07/2018 01:30,Weekend,Sunday,Light_Load,2.88,50.67,100.00,4.90,0.00
01/08/2018 14:15,Weekday,Wednesday,Light_Load,3.31,15.96,100.00,20.48,0.00
19/11/2018 12:30,Weekday,Monday,Medium_Load,6.08,26.73,100.00,21.92,0.00
08/05/2018 12:15,Weekday,Tuesday,Medium_Load,15.66,65.35,91.55,18.14,6.88
27/04/2018 21:45,Weekday,Friday,Medium_Load,3.64,13.66,100.00,26.39,0.00
22/05/2018 00:45,Weekday,Tuesday,Light_Load,3.13,100.00,59.03,0.00,4.28
03/08/2018 00:45,Weekday,Friday,Light_Load,3.35,100.00,49.82,0.00,5.83
19/08/2018 07:00,Weekend,Sunday,Light_Load,2.66,100.00,46.97,0.00,5.00
22/05/2018 14:15,Weekday,Tuesday,Maximum_Load,92.09,100.00,98.71,0.00,14.94
29/11/2018 14:15,Weekday,Thursday,Medium_Load,57.28,100.00,89.99,0.00,27.76
12/09/2018 02:15,Weekday,Wednesday,Light_Load,2.88,100.00,50.44,0.00,4.93
18/04/2018 10:00,Weekday,Wednesday,Medium_Load,109.55,100.00,95.64,0.00,33.44
28/09/2018 14:45,Weekday,Friday,Maximum_Load,53.68,100.00,85.99,0.00,31.86
29/09/2018 11:15,Weekend,Saturday,Maximum_Load,48.02,100.00,91.45,0.00,21.24
10/10/2018 23:45,Weekday,Wednesday,Light_Load,3.56,100.00,43.78,0.00,7.31
04/02/2018 23:30,Weekend,Sunday,Light_Load,3.74,100.00,74.19,0.00,3.38
09/05/2018 17:30,Weekday,Wednesday,Medium_Load,50.08,100.00,94.25,0.00,17.75
04/12/2018 10:45,Weekday,Tuesday,Maximum_Load,58.86,100.00,86.42,0.00,34.27
31/08/2018 23:00,Weekday,Friday,Medium_Load,4.64,100.00,50.74,0.00,7.88
06/09/2018 07:30,Weekday,Thursday,Light_Load,3.28,100.00,44.56,0.00,6.59
09/10/2018 18:00,Weekday,Tuesday,Medium_Load,26.39,99.77,92.24,1.80,11.05
27/11/2018 05:45,Weekday,Tuesday,Light_Load,3.92,100.00,80.98,0.00,2.84
21/04/2018 21:45,Weekend,Saturday,Medium_Load,3.96,16.91,100.00,23.08,0.00
27/01/2018 01:00,Weekend,Saturday,Light_Load,37.37,100.00,83.58,0.00,24.55
21/08/2018 13:45,Weekday,Tuesday,Maximum_Load,40.82,100.00,94.43,0.00,14.22
26/02/2018 09:45,Weekday,Monday,Medium_Load,63.11,100.00,96.15,0.00,18.04
22/04/2018 13:45,Weekend,Sunday,Maximum_Load,32.83,99.71,99.96,2.52,0.94
07/08/2018 05:15,Weekday,Tuesday,Light_Load,3.24,100.00,52.74,0.00,5.22
13/03/2018 02:45,Weekday,Tuesday,Light_Load,3.71,100.00,61.23,0.00,4.79
27/04/2018 15:45,Weekday,Friday,Maximum_Load,71.60,100.00,91.42,0.00,31.75
24/08/2018 12:15,Weekday,Friday,Medium_Load,4.68,42.74,100.00,9.90,0.00
30/01/2018 18:00,Weekday,Tuesday,Maximum_Load,41.72,99.51,100.00,4.14,0.04
02/08/2018 09:30,Weekday,Thursday,Light_Load,2.74,15.60,100.00,17.35,0.00
06/01/2018 06:30,Weekend,Saturday,Light_Load,4.21,100.00,62.27,0.00,5.29
30/01/2018 20:00,Weekday,Tuesday,Maximum_Load,110.81,100.00,95.29,0.00,35.28
25/05/2018 20:15,Weekday,Friday,Medium_Load,36.68,99.98,99.83,0.68,2.12
14/07/2018 07:15,Weekend,Saturday,Light_Load,2.66,100.00,49.98,0.00,4.61
05/09/2018 15:15,Weekday,Wednesday,Maximum_Load,49.68,100.00,88.76,0.00,25.78
02/05/2018 21:30,Weekday,Wednesday,Medium_Load,4.10,16.45,100.00,24.59,0.00
17/04/2018 13:30,Weekday,Tuesday,Maximum_Load,84.85,100.00,93.51,0.00,32.15
07/02/2018 14:45,Weekday,Wednesday,Medium_Load,77.04,100.00,94.07,0.00,27.79
29/09/2018 23:30,Weekend,Saturday,Light_Load,2.56,100.00,52.59,0.00,4.14
24/10/2018 15:00,Weekday,Wednesday,Maximum_Load,51.19,100.00,91.95,0.00,21.89
27/12/2018 01:30,Weekday,Thursday,Light_Load,3.67,99.96,77.22,0.11,3.02
19/07/2018 22:30,Weekday,Thursday,Medium_Load,3.82,59.57,100.00,5.15,0.00
03/05/2018 00:45,Weekday,Thursday,Light_Load,3.74,100.00,69.68,0.00,3.85
17/05/2018 22:15,Weekday,Thursday,Medium_Load,3.89,32.73,91.11,11.23,1.76
02/05/2018 17:30,Weekday,Wednesday,Medium_Load,85.14,99.99,96.19,0.97,24.19
28/02/2018 07:00,Weekday,Wednesday,Light_Load,4.14,100.00,67.38,0.00,4.54
30/03/2018 07:15,Weekday,Friday,Light_Load,2.88,100.00,59.50,0.00,3.89
27/07/2018 21:00,Weekday,Friday,Medium_Load,15.80,70.71,99.91,15.80,0.68
28/05/2018 16:30,Weekday,Monday,Maximum_Load,58.90,100.00,93.17,0.00,22.97
17/12/2018 12:00,Weekday,Monday,Maximum_Load,54.50,100.00,92.37,0.00,22.61
24/12/2018 07:15,Weekday,Monday,Light_Load,3.96,99.68,81.55,0.32,2.81
12/05/2018 16:45,Weekend,Saturday,Maximum_Load,3.67,13.79,100.00,26.35,0.00
20/09/2018 13:15,Weekday,Thursday,Maximum_Load,31.36,99.55,94.59,2.99,10.76
07/08/2018 03:30,Weekday,Tuesday,Light_Load,3.20,100.00,53.60,0.00,5.04
22/04/2018 01:15,Weekend,Sunday,Light_Load,3.02,100.00,58.56,0.00,4.18
10/11/2018 02:45,Weekend,Saturday,Light_Load,3.82,100.00,45.29,0.00,7.52
29/01/2018 19:15,Weekday,Monday,Maximum_Load,89.82,100.00,91.66,0.00,39.17
20/06/2018 15:00,Weekday,Wednesday,Maximum_Load,79.09,100.00,93.10,0.00,31.00
20/12/2018 20:00,Weekday,Thursday,Maximum_Load,4.10,18.26,100.00,22.07,0.00
25/02/2018 15:30,Weekend,Sunday,Light_Load,4.25,24.42,100.00,16.88,0.00
20/10/2018 01:15,Weekend,Saturday,Light_Load,5.72,100.00,62.95,0.00,7.06
02/06/2018 09:45,Weekend,Saturday,Light_Load,3.13,18.69,100.00,16.45,0.00
26/12/2018 17:00,Weekday,Wednesday,Medium_Load,57.67,100.00,92.26,0.00,24.12
24/03/2018 12:45,Weekend,Saturday,Medium_Load,3.74,22.49,100.00,16.20,0.00
06/02/2018 11:45,Weekday,Tuesday,Maximum_Load,131.65,100.00,88.92,0.00,67.75
09/03/2018 12:30,Weekday,Friday,Medium_Load,7.06,25.26,100.00,27.04,0.00
15/02/2018 13:15,Weekday,Thursday,Light_Load,3.38,18.35,100.00,18.11,0.00
12/11/2018 23:00,Weekday,Monday,Maximum_Load,5.04,100.00,50.87,0.00,8.53
16/02/2018 07:30,Weekday,Friday,Light_Load,3.67,100.00,66.97,0.00,4.07
28/08/2018 18:00,Weekday,Tuesday,Medium_Load,30.53,99.57,99.99,2.84,0.40
01/03/2018 19:45,Weekday,Thursday,Medium_Load,5.33,18.97,100.00,27.58,0.00
17/03/2018 12:45,Weekend,Saturday,Medium_Load,3.85,21.66,100.00,17.35,0.00
11/03/2018 06:45,Weekend,Sunday,Light_Load,3.24,100.00,70.71,0.00,3.24
17/07/2018 15:30,Weekday,Tuesday,Maximum_Load,72.97,100.00,96.41,0.00,20.09
29/07/2018 06:45,Weekend,Sunday,Light_Load,2.88,100.00,49.91,0.00,5.00
20/06/2018 21:15,Weekday,Wednesday,Medium_Load,6.55,26.58,100.00,23.76,0.00
26/11/2018 19:15,Weekday,Monday,Maximum_Load,59.33,100.00,89.64,0.00,29.34
19/08/2018 14:15,Weekend,Sunday,Light_Load,3.49,25.54,100.00,13.21,0.00
27/10/2018 15:45,Weekend,Saturday,Maximum_Load,53.89,100.00,90.44,0.00,25.42
05/04/2018 00:45,Weekday,Thursday,Light_Load,4.39,100.00,66.73,0.00,4.90
21/01/2018 18:45,Weekend,Sunday,Light_Load,4.93,20.92,100.00,23.04,0.00
24/04/2018 00:00,Weekday,Tuesday,Light_Load,3.60,100.00,75.47,0.00,3.13
22/11/2018 22:15,Weekday,Thursday,Maximum_Load,3.74,98.70,79.64,0.61,2.84
12/10/2018 16:30,Weekday,Friday,Maximum_Load,47.20,100.00,87.34,0.00,26.32
16/10/2018 17:00,Weekday,Tuesday,Maximum_Load,65.84,100.00,81.69,0.00,46.48
14/10/2018 06:45,Weekend,Sunday,Light_Load,2.74,100.00,47.76,0.00,5.04
18/09/2018 18:00,Weekday,Tuesday,Medium_Load,31.28,99.99,97.96,0.47,6.41
15/03/2018 14:00,Weekday,Thursday,Maximum_Load,71.14,100.00,93.02,0.00,28.08
03/04/2018 03:30,Weekday,Tuesday,Light_Load,3.67,100.00,63.54,0.00,4.46
18/10/2018 07:45,Weekday,Thursday,Light_Load,5.08,100.00,67.78,0.00,5.51
29/11/2018 18:30,Weekday,Thursday,Maximum_Load,46.91,100.00,91.18,0.00,21.13
05/06/2018 02:15,Weekday,Tuesday,Light_Load,3.49,100.00,56.63,0.00,5.08
04/06/2018 18:30,Weekday,Monday,Medium_Load,86.36,100.00,82.52,0.00,59.11
16/01/2018 10:45,Weekday,Tuesday,Maximum_Load,83.05,100.00,91.16,0.00,37.44
14/03/2018 16:30,Weekday,Wednesday,Maximum_Load,58.07,100.00,93.48,0.00,22.07
30/11/2018 00:30,Weekday,Friday,Light_Load,4.00,100.00,65.54,0.00,4.61
16/03/2018 01:30,Weekday,Friday,Light_Load,3.71,100.00,63.28,0.00,4.54
21/01/2018 03:00,Weekend,Sunday,Light_Load,40.79,100.00,79.42,0.00,31.21
09/06/2018 18:30,Weekend,Saturday,Light_Load,2.92,56.36,100.00,4.28,0.00
31/01/2018 17:45,Weekday,Wednesday,Maximum_Load,99.29,100.00,98.29,0.00,18.61
16/08/2018 09:15,Weekday,Thursday,Medium_Load,80.03,100.00,89.40,0.00,40.10
26/04/2018 15:15,Weekday,Thursday,Maximum_Load,51.80,100.00,88.73,0.00,26.93
03/10/2018 10:30,Weekday,Wednesday,Maximum_Load,54.50,100.00,82.85,0.00,36.83
27/01/2018 01:30,Weekend,Saturday,Light_Load,58.14,100.00,86.31,0.00,34.02
07/02/2018 19:15,Weekday,Wednesday,Maximum_Load,39.92,99.81,99.96,2.45,1.08
15/09/2018 02:00,Weekend,Saturday,Light_Load,2.66,100.00,47.19,0.00,4.97
05/11/2018 13:45,Weekday,Monday,Medium_Load,69.26,100.00,83.48,0.00,45.68
25/03/2018 13:30,Weekend,Sunday,Maximum_Load,32.08,99.09,100.00,4.36,0.29
11/01/2018 05:00,Weekday,Thursday,Light_Load,4.57,100.00,71.57,0.00,4.46
25/05/2018 12:45,Weekday,Friday,Medium_Load,5.44,20.79,100.00,25.60,0.00
29/09/2018 17:00,Weekend,Saturday,Maximum_Load,4.97,26.42,100.00,18.14,0.00
21/11/2018 06:30,Weekday,Wednesday,Light_Load,2.88,99.63,82.94,0.25,1.94
09/11/2018 22:45,Weekday,Friday,Maximum_Load,4.97,100.00,55.50,0.00,7.45
17/05/2018 10:15,Weekday,Thursday,Maximum_Load,110.45,100.00,90.07,0.00,53.28
21/08/2018 08:30,Weekday,Tuesday,Light_Load,69.77,100.00,72.09,0.00,67.07
07/11/2018 16:00,Weekday,Wednesday,Medium_Load,55.91,100.00,85.79,0.00,33.48
08/01/2018 22:45,Weekday,Monday,Maximum_Load,4.72,100.00,68.65,0.00,5.00
23/12/2018 22:45,Weekend,Sunday,Light_Load,3.20,98.40,87.97,0.58,1.73
04/12/2018 17:15,Weekday,Tuesday,Maximum_Load,61.52,100.00,90.83,0.00,28.33
23/03/2018 02:30,Weekday,Friday,Light_Load,3.85,100.00,57.07,0.00,5.54
14/12/2018 19:30,Weekday,Friday,Maximum_Load,26.64,94.89,100.00,8.86,0.00
05/01/2018 10:00,Weekday,Friday,Medium_Load,132.16,100.00,94.56,0.00,45.47
16/03/2018 07:30,Weekday,Friday,Light_Load,3.78,100.00,70.34,0.00,3.82
16/11/2018 07:30,Weekday,Friday,Light_Load,3.35,100.00,57.31,0.00,4.79
22/11/2018 15:45,Weekday,Thursday,Medium_Load,80.57,100.00,87.57,0.00,44.42
27/06/2018 03:00,Weekday,Wednesday,Light_Load,2.74,100.00,56.90,0.00,3.96
27/05/2018 09:15,Weekend,Sunday,Light_Load,3.13,18.45,100.00,16.67,0.00
31/01/2018 23:30,Weekday,Wednesday,Light_Load,87.19,100.00,89.31,0.00,43.92
18/09/2018 13:45,Weekday,Tuesday,Maximum_Load,60.48,100.00,86.60,0.00,34.92
14/01/2018 08:15,Weekend,Sunday,Light_Load,19.80,100.00,76.57,0.00,16.63
10/09/2018 02:15,Weekday,Monday,Light_Load,3.02,100.00,47.34,0.00,5.62
07/11/2018 05:00,Weekday,Wednesday,Light_Load,3.56,100.00,49.61,0.00,6.23
07/04/2018 01:45,Weekend,Saturday,Light_Load,3.82,100.00,59.87,0.00,5.11
29/11/2018 17:00,Weekday,Thursday,Medium_Load,56.88,100.00,91.47,0.00,25.13
06/12/2018 15:30,Weekday,Thursday,Medium_Load,48.78,100.00,94.00,0.00,17.71
25/03/2018 17:30,Weekend,Sunday,Medium_Load,4.21,16.14,100.00,25.74,0.00
12/10/2018 10:30,Weekday,Friday,Maximum_Load,50.40,100.00,87.14,0.00,28.37
10/08/2018 05:15,Weekday,Friday,Light_Load,2.59,100.00,51.42,0.00,4.32
27/12/2018 15:15,Weekday,Thursday,Medium_Load,44.75,100.00,95.70,0.00,13.57
30/12/2018 18:45,Weekend,Sunday,Light_Load,3.20,21.44,100.00,14.58,0.00
07/09/2018 05:30,Weekday,Friday,Light_Load,2.99,100.00,48.72,0.00,5.36
18/11/2018 12:15,Weekend,Sunday,Medium_Load,3.82,30.70,100.00,11.84,0.00
20/07/2018 18:45,Weekday,Friday,Medium_Load,43.42,100.00,90.18,0.00,20.81
24/06/2018 01:00,Weekend,Sunday,Light_Load,2.63,100.00,62.21,0.00,3.31
02/04/2018 20:00,Weekday,Monday,Medium_Load,102.67,100.00,95.16,0.00,33.16
11/05/2018 17:15,Weekday,Friday,Medium_Load,61.70,100.00,94.12,0.00,22.14
10/10/2018 04:45,Weekday,Wednesday,Light_Load,3.46,100.00,44.77,0.00,6.91
20/01/2018 03:45,Weekend,Saturday,Light_Load,66.85,100.00,87.73,0.00,36.58
20/11/2018 18:30,Weekday,Tuesday,Maximum_Load,8.17,53.45,100.00,12.92,0.00
26/02/2018 02:45,Weekday,Monday,Light_Load,4.75,100.00,70.71,0.00,4.75
27/05/2018 00:00,Weekend,Sunday,Light_Load,2.88,100.00,46.32,0.00,5.51
03/07/2018 11:45,Weekday,Tuesday,Maximum_Load,57.64,100.00,78.78,0.00,45.07
03/01/2018 21:45,Weekday,Wednesday,Medium_Load,5.11,18.74,100.00,26.78,0.00
08/01/2018 02:30,Weekday,Monday,Light_Load,3.89,100.00,54.08,0.00,6.05
27/05/2018 04:45,Weekend,Sunday,Light_Load,2.84,100.00,50.76,0.00,4.82
21/02/2018 15:00,Weekday,Wednesday,Medium_Load,101.95,100.00,90.94,0.00,46.62
01/10/2018 09:15,Weekday,Monday,Medium_Load,44.96,100.00,91.55,0.00,19.76
05/03/2018 21:30,Weekday,Monday,Medium_Load,7.06,26.66,100.00,25.52,0.00
21/02/2018 05:00,Weekday,Wednesday,Light_Load,3.92,100.00,73.65,0.00,3.60
01/03/2018 02:30,Weekday,Thursday,Light_Load,3.64,100.00,62.30,0.00,4.57
30/08/2018 02:45,Weekday,Thursday,Light_Load,2.66,100.00,47.48,0.00,4.93
17/02/2018 20:15,Weekend,Saturday,Light_Load,3.38,19.01,100.00,17.46,0.00
04/05/2018 00:15,Weekday,Friday,Light_Load,3.64,100.00,71.49,0.00,3.56
12/03/2018 09:30,Weekday,Monday,Medium_Load,56.77,100.00,96.60,0.00,15.19
21/10/2018 23:30,Weekend,Sunday,Light_Load,2.81,100.00,51.15,0.00,4.72
18/04/2018 03:30,Weekday,Wednesday,Light_Load,3.64,100.00,71.79,0.00,3.53
03/11/2018 04:00,Weekend,Saturday,Light_Load,3.28,100.00,55.39,0.00,4.93
11/07/2018 01:45,Weekday,Wednesday,Light_Load,2.74,100.00,58.69,0.00,3.78
26/12/2018 20:45,Weekday,Wednesday,Medium_Load,3.96,17.92,100.00,21.74,0.00
18/03/2018 08:00,Weekend,Sunday,Light_Load,2.99,100.00,67.03,0.00,3.31
19/03/2018 00:00,Weekday,Monday,Light_Load,3.64,100.00,64.09,0.00,4.36
10/10/2018 03:15,Weekday,Wednesday,Light_Load,2.84,100.00,49.39,0.00,5.00
30/10/2018 08:00,Weekday,Tuesday,Light_Load,5.15,100.00,73.72,0.00,4.72
21/09/2018 01:15,Weekday,Friday,Light_Load,2.84,100.00,48.58,0.00,5.11
01/05/2018 09:30,Weekday,Tuesday,Light_Load,3.20,18.51,100.00,16.99,0.00
17/02/2018 02:15,Weekend,Saturday,Light_Load,3.74,100.00,57.73,0.00,5.29
23/06/2018 16:00,Weekend,Saturday,Maximum_Load,28.73,99.81,99.90,1.76,1.30
27/08/2018 14:15,Weekday,Monday,Maximum_Load,52.42,100.00,88.37,0.00,27.76
06/09/2018 18:45,Weekday,Thursday,Medium_Load,57.85,100.00,87.59,0.00,31.86
16/06/2018 19:30,Weekend,Saturday,Medium_Load,3.71,20.91,100.00,17.35,0.00
07/08/2018 14:15,Weekday,Tuesday,Maximum_Load,58.75,100.00,89.90,0.00,28.62
26/08/2018 20:30,Weekend,Sunday,Medium_Load,3.10,21.66,100.00,13.97,0.00
03/02/2018 16:45,Weekend,Saturday,Medium_Load,41.54,100.00,99.91,0.18,1.80
25/02/2018 16:45,Weekend,Sunday,Light_Load,4.61,22.56,100.00,19.91,0.00
31/12/2018 10:00,Weekday,Monday,Light_Load,3.24,21.75,100.00,14.54,0.00
28/09/2018 12:00,Weekday,Friday,Maximum_Load,46.12,100.00,80.57,0.04,33.91
28/07/2018 17:15,Weekend,Saturday,Medium_Load,11.23,54.01,100.00,17.50,0.00
28/07/2018 05:15,Weekend,Saturday,Light_Load,3.35,100.00,46.32,0.00,6.41
10/02/2018 08:45,Weekend,Saturday,Light_Load,5.69,99.90,71.40,0.25,5.58
01/10/2018 08:15,Weekday,Monday,Light_Load,24.88,100.00,70.61,0.00,24.95
05/11/2018 22:30,Weekday,Monday,Maximum_Load,24.44,100.00,69.31,0.00,25.42
04/04/2018 07:30,Weekday,Wednesday,Light_Load,3.38,100.00,65.97,0.00,3.85
07/10/2018 22:00,Weekend,Sunday,Light_Load,2.81,24.71,100.00,11.02,0.00
27/01/2018 02:30,Weekend,Saturday,Light_Load,6.77,100.00,78.18,0.00,5.40
29/12/2018 17:00,Weekend,Saturday,Light_Load,4.10,19.30,100.00,20.84,0.00
26/12/2018 16:45,Weekday,Wednesday,Medium_Load,54.68,100.00,92.67,0.00,22.18
15/08/2018 18:30,Weekday,Wednesday,Medium_Load,2.81,56.53,100.00,4.10,0.00
01/02/2018 06:45,Weekday,Thursday,Light_Load,4.43,100.00,71.27,0.00,4.36
03/06/2018 16:45,Weekend,Sunday,Light_Load,2.95,17.07,100.00,17.03,0.00
10/03/2018 17:15,Weekend,Saturday,Medium_Load,4.43,16.43,100.00,26.60,0.00
13/05/2018 16:45,Weekend,Sunday,Light_Load,3.13,18.23,100.00,16.88,0.00
04/06/2018 23:00,Weekday,Monday,Medium_Load,3.53,100.00,55.51,0.00,5.29
25/01/2018 07:00,Weekday,Thursday,Light_Load,38.34,100.00,81.08,0.00,27.68
18/02/2018 07:15,Weekend,Sunday,Light_Load,3.13,100.00,66.77,0.00,3.49
21/07/2018 23:15,Weekend,Saturday,Light_Load,2.81,46.43,100.00,5.36,0.00
20/12/2018 08:45,Weekday,Thursday,Light_Load,66.96,100.00,81.76,0.00,47.16
14/10/2018 22:15,Weekend,Sunday,Light_Load,2.88,99.99,48.03,0.04,5.26
29/03/2018 01:45,Weekday,Thursday,Light_Load,3.67,100.00,64.14,0.00,4.39
24/08/2018 00:00,Weekday,Friday,Light_Load,2.81,100.00,54.88,0.00,4.28
12/07/2018 17:45,Weekday,Thursday,Medium_Load,31.86,97.75,99.89,6.88,1.48
20/10/2018 11:00,Weekend,Saturday,Maximum_Load,95.62,100.00,87.84,0.00,52.02
22/05/2018 12:00,Weekday,Tuesday,Maximum_Load,65.56,100.00,93.49,0.18,24.88
29/03/2018 10:45,Weekday,Thursday,Maximum_Load,54.76,100.00,91.82,0.00,23.62
11/01/2018 06:30,Weekday,Thursday,Light_Load,4.57,100.00,72.35,0.00,4.36
26/09/2018 11:15,Weekday,Wednesday,Light_Load,2.59,20.88,100.00,12.13,0.00
22/10/2018 23:45,Weekday,Monday,Light_Load,3.60,100.00,47.55,0.00,6.66
27/07/2018 00:15,Weekday,Friday,Light_Load,2.77,100.00,48.17,0.00,5.04
22/12/2018 16:15,Weekend,Saturday,Light_Load,3.49,23.95,100.00,14.15,0.00
04/01/2018 04:15,Weekday,Thursday,Light_Load,4.61,100.00,69.87,0.00,4.72
31/01/2018 01:30,Weekday,Wednesday,Light_Load,60.77,100.00,87.23,0.00,34.06
14/06/2018 18:30,Weekday,Thursday,Medium_Load,56.12,100.00,75.00,0.00,49.50
15/08/2018 05:45,Weekday,Wednesday,Light_Load,2.66,100.00,50.89,0.00,4.50
09/12/2018 02:00,Weekend,Sunday,Light_Load,3.78,100.00,73.47,0.00,3.49
27/06/2018 15:45,Weekday,Wednesday,Maximum_Load,63.25,100.00,85.34,0.00,38.63
26/10/2018 10:30,Weekday,Friday,Maximum_Load,52.45,100.00,88.79,0.00,27.18
27/12/2018 23:00,Weekday,Thursday,Maximum_Load,3.82,99.46,83.47,0.40,2.52
27/02/2018 01:30,Weekday,Tuesday,Light_Load,5.80,100.00,77.37,0.00,4.75
29/01/2018 05:00,Weekday,Monday,Light_Load,4.28,100.00,71.29,0.00,4.21
26/04/2018 08:45,Weekday,Thursday,Light_Load,93.71,100.00,75.58,0.00,81.18
13/05/2018 02:30,Weekend,Sunday,Light_Load,2.99,100.00,53.27,0.00,4.75
14/02/2018 07:15,Weekday,Wednesday,Light_Load,5.08,100.00,66.86,0.00,5.65
07/09/2018 01:45,Weekday,Friday,Light_Load,3.10,100.00,50.56,0.00,5.29
23/10/2018 08:45,Weekday,Tuesday,Light_Load,86.98,100.00,79.43,0.00,66.53
19/08/2018 15:15,Weekend,Sunday,Light_Load,2.77,19.75,100.00,13.75,0.00
27/04/2018 10:15,Weekday,Friday,Maximum_Load,39.96,99.99,99.48,0.40,4.10
13/01/2018 15:30,Weekend,Saturday,Medium_Load,81.29,100.00,95.71,0.00,24.62
28/02/2018 01:15,Weekday,Wednesday,Light_Load,5.98,100.00,70.71,0.00,5.98
16/08/2018 03:30,Weekday,Thursday,Light_Load,2.74,100.00,46.76,0.00,5.18
20/07/2018 02:15,Weekday,Friday,Light_Load,2.81,52.38,100.00,4.57,0.00
08/12/2018 03:00,Weekend,Saturday,Light_Load,4.00,100.00,71.69,0.00,3.89
06/07/2018 21:30,Weekday,Friday,Medium_Load,4.10,24.13,100.00,16.49,0.00
12/12/2018 16:30,Weekday,Wednesday,Medium_Load,75.10,100.00,88.91,0.00,38.66
13/03/2018 04:15,Weekday,Tuesday,Light_Load,3.71,100.00,63.03,0.00,4.57
03/09/2018 15:00,Weekday,Monday,Maximum_Load,60.88,100.00,81.87,0.00,42.70
09/12/2018 23:30,Weekend,Sunday,Light_Load,3.74,99.78,78.52,0.25,2.95
18/09/2018 06:00,Weekday,Tuesday,Light_Load,2.84,100.00,46.82,0.00,5.36
24/05/2018 22:15,Weekday,Thursday,Medium_Load,3.89,28.17,93.46,13.25,1.48
16/08/2018 11:15,Weekday,Thursday,Maximum_Load,58.03,100.00,82.81,0.00,39.28
21/05/2018 22:45,Weekday,Monday,Medium_Load,3.64,100.00,67.03,0.00,4.03
13/02/2018 18:30,Weekday,Tuesday,Maximum_Load,64.22,100.00,95.46,0.00,20.05
04/10/2018 17:30,Weekday,Thursday,Medium_Load,50.08,100.00,85.33,0.04,30.60
30/03/2018 22:30,Weekday,Friday,Medium_Load,3.31,100.00,58.07,0.00,4.64
25/04/2018 18:00,Weekday,Wednesday,Medium_Load,40.25,100.00,99.74,0.04,2.92
17/11/2018 00:30,Weekend,Saturday,Light_Load,4.03,100.00,52.40,0.00,6.55
06/07/2018 02:30,Weekday,Friday,Light_Load,3.20,100.00,51.76,0.00,5.29
26/01/2018 19:15,Weekday,Friday,Maximum_Load,131.26,100.00,95.20,0.00,42.19
03/12/2018 21:45,Weekday,Monday,Medium_Load,5.62,27.22,100.00,19.87,0.00
17/06/2018 00:00,Weekend,Sunday,Light_Load,2.74,100.00,58.28,0.00,3.82
12/01/2018 01:15,Weekday,Friday,Light_Load,4.72,100.00,69.38,0.00,4.90
07/07/2018 20:15,Weekend,Saturday,Medium_Load,3.02,17.39,100.00,17.10,0.00
16/08/2018 18:00,Weekday,Thursday,Medium_Load,28.08,99.40,100.00,3.10,0.14
02/11/2018 03:15,Weekday,Friday,Light_Load,3.31,100.00,47.15,0.00,6.19
08/07/2018 09:30,Weekend,Sunday,Medium_Load,104.69,100.00,95.33,0.00,33.16
28/04/2018 15:00,Weekend,Saturday,Maximum_Load,34.56,98.59,100.00,5.87,0.07
23/11/2018 16:45,Weekday,Friday,Medium_Load,104.29,100.00,85.67,0.00,62.78
03/04/2018 12:00,Weekday,Tuesday,Maximum_Load,114.88,100.00,85.34,0.00,70.16
13/03/2018 20:15,Weekday,Tuesday,Medium_Load,58.14,100.00,89.91,0.00,28.30
19/09/2018 13:45,Weekday,Wednesday,Maximum_Load,43.27,100.00,95.07,0.00,14.11
25/09/2018 04:00,Weekday,Tuesday,Light_Load,2.63,100.00,42.20,0.00,5.65
19/05/2018 17:00,Weekend,Saturday,Maximum_Load,7.20,27.51,100.00,25.16,0.00
02/03/2018 00:45,Weekday,Friday,Light_Load,3.28,100.00,78.48,0.00,2.59
04/07/2018 06:00,Weekday,Wednesday,Light_Load,2.81,100.00,56.53,0.00,4.10
05/06/2018 21:15,Weekday,Tuesday,Medium_Load,7.70,34.97,100.00,20.63,0.00
08/06/2018 02:30,Weekday,Friday,Light_Load,2.88,100.00,44.29,0.00,5.83
03/08/2018 11:30,Weekday,Friday,Light_Load,2.70,46.93,100.00,5.08,0.00
07/03/2018 03:15,Weekday,Wednesday,Light_Load,3.24,100.00,69.95,0.00,3.31
04/10/2018 21:30,Weekday,Thursday,Medium_Load,3.89,22.23,100.00,17.06,0.00
27/10/2018 21:15,Weekend,Saturday,Medium_Load,4.61,25.23,100.00,17.68,0.00
20/03/2018 20:45,Weekday,Tuesday,Medium_Load,39.64,99.99,99.93,0.68,1.48
04/04/2018 00:30,Weekday,Wednesday,Light_Load,3.67,100.00,62.28,0.00,4.61
28/12/2018 20:00,Weekday,Friday,Maximum_Load,5.15,23.08,100.00,21.71,0.00
28/09/2018 17:30,Weekday,Friday,Medium_Load,51.48,100.00,88.35,0.00,27.29
13/09/2018 03:30,Weekday,Thursday,Light_Load,2.74,100.00,50.52,0.00,4.68
06/07/2018 13:30,Weekday,Friday,Maximum_Load,54.94,100.00,87.92,0.00,29.77
04/06/2018 06:00,Weekday,Monday,Light_Load,2.99,100.00,46.97,0.00,5.62
21/04/2018 08:45,Weekend,Saturday,Light_Load,30.89,100.00,77.66,0.00,25.06
03/06/2018 13:45,Weekend,Sunday,Light_Load,2.99,17.40,100.00,16.92,0.00
13/12/2018 07:15,Weekday,Thursday,Light_Load,3.42,99.73,84.99,0.25,2.12
14/12/2018 20:45,Weekday,Friday,Medium_Load,31.93,99.63,99.99,2.77,0.36
15/07/2018 01:15,Weekend,Sunday,Light_Load,3.17,54.95,100.00,4.82,0.00
16/05/2018 07:30,Weekday,Wednesday,Light_Load,3.53,100.00,57.06,0.00,5.08
22/04/2018 21:00,Weekend,Sunday,Medium_Load,3.42,19.89,100.00,16.85,0.00
18/11/2018 01:45,Weekend,Sunday,Light_Load,3.20,100.00,50.02,0.00,5.54
25/08/2018 03:00,Weekend,Saturday,Light_Load,2.92,100.00,51.50,0.00,4.86
29/11/2018 16:15,Weekday,Thursday,Medium_Load,50.36,100.00,91.76,0.00,21.82
03/04/2018 17:45,Weekday,Tuesday,Medium_Load,29.77,97.51,100.00,6.77,0.29
08/06/2018 10:15,Weekday,Friday,Maximum_Load,39.53,100.00,93.00,0.00,15.62
23/02/2018 15:15,Weekday,Friday,Medium_Load,64.76,100.00,88.40,0.00,34.24
25/09/2018 19:15,Weekday,Tuesday,Light_Load,2.70,22.09,100.00,11.92,0.00
28/05/2018 14:30,Weekday,Monday,Maximum_Load,62.14,100.00,89.38,0.00,31.18
27/08/2018 12:00,Weekday,Monday,Maximum_Load,40.57,100.00,80.79,0.00,29.59
30/11/2018 00:00,Weekday,Friday,Light_Load,3.96,99.30,84.37,0.47,2.52
09/12/2018 08:15,Weekend,Sunday,Light_Load,3.13,99.98,80.95,0.07,2.27
10/03/2018 23:15,Weekend,Saturday,Light_Load,3.06,100.00,76.33,0.00,2.59
13/09/2018 18:30,Weekday,Thursday,Medium_Load,50.65,100.00,78.43,0.00,40.07
04/09/2018 02:00,Weekday,Tuesday,Light_Load,2.77,100.00,45.18,0.00,5.47
13/06/2018 06:30,Weekday,Wednesday,Light_Load,3.38,100.00,52.08,0.00,5.54
04/10/2018 11:15,Weekday,Thursday,Maximum_Load,62.39,100.00,84.54,0.00,39.42
01/07/2018 18:15,Weekend,Sunday,Light_Load,2.88,33.25,100.00,8.17,0.00
16/10/2018 18:30,Weekday,Tuesday,Medium_Load,51.95,100.00,78.95,0.00,40.39
23/12/2018 04:00,Weekend,Sunday,Light_Load,3.46,100.00,77.30,0.00,2.84
17/01/2018 03:30,Weekday,Wednesday,Light_Load,4.68,100.00,69.36,0.00,4.86
07/02/2018 22:00,Weekday,Wednesday,Medium_Load,40.54,99.79,99.96,2.63,1.15
14/05/2018 03:30,Weekday,Monday,Light_Load,2.95,100.00,53.65,0.00,4.64
22/10/2018 22:45,Weekday,Monday,Medium_Load,3.74,100.00,49.59,0.00,6.55
08/10/2018 17:15,Weekday,Monday,Medium_Load,110.99,100.00,89.94,0.00,53.93
25/08/2018 07:00,Weekend,Saturday,Light_Load,3.28,100.00,55.94,0.00,4.86
09/07/2018 08:15,Weekday,Monday,Light_Load,17.39,100.00,73.93,0.00,15.84
13/04/2018 21:15,Weekday,Friday,Medium_Load,5.08,19.36,100.00,25.74,0.00
02/08/2018 11:45,Weekday,Thursday,Light_Load,2.59,42.10,100.00,5.58,0.00
04/06/2018 08:15,Weekday,Monday,Light_Load,30.46,100.00,68.45,0.00,32.44
12/11/2018 17:30,Weekday,Monday,Maximum_Load,108.97,100.00,92.50,0.04,44.75
20/04/2018 16:00,Weekday,Friday,Maximum_Load,91.30,100.00,93.28,0.00,35.28
23/12/2018 02:15,Weekend,Sunday,Light_Load,3.46,100.00,78.40,0.00,2.74
13/04/2018 21:00,Weekday,Friday,Medium_Load,29.63,97.57,99.97,6.66,0.68
27/11/2018 10:15,Weekday,Tuesday,Maximum_Load,129.20,100.00,91.54,0.00,56.81
26/02/2018 03:15,Weekday,Monday,Light_Load,3.82,100.00,76.26,0.00,3.24
06/03/2018 05:15,Weekday,Tuesday,Light_Load,5.65,100.00,72.55,0.00,5.36
19/11/2018 23:00,Weekday,Monday,Maximum_Load,3.56,100.00,69.92,0.00,3.64
16/12/2018 11:15,Weekend,Sunday,Maximum_Load,69.95,100.00,89.10,0.00,35.64
06/08/2018 03:00,Weekday,Monday,Light_Load,2.59,100.00,48.74,0.00,4.64
14/02/2018 03:00,Weekday,Wednesday,Light_Load,5.15,100.00,69.76,0.00,5.29
06/06/2018 04:15,Weekday,Wednesday,Light_Load,3.42,100.00,51.32,0.00,5.72
10/08/2018 16:15,Weekday,Friday,Maximum_Load,103.46,100.00,93.39,0.00,39.60
18/07/2018 01:15,Weekday,Wednesday,Light_Load,2.70,44.99,100.00,5.36,0.00
03/12/2018 05:00,Weekday,Monday,Light_Load,3.78,100.00,79.95,0.00,2.84
16/09/2018 00:30,Weekend,Sunday,Light_Load,2.81,100.00,49.52,0.00,4.93
21/05/2018 05:00,Weekday,Monday,Light_Load,3.60,100.00,58.43,0.00,5.00
31/12/2018 18:45,Weekday,Monday,Light_Load,4.14,20.05,100.00,20.23,0.00
15/06/2018 13:45,Weekday,Friday,Maximum_Load,69.48,100.00,89.83,0.00,33.98
02/12/2018 05:00,Weekend,Sunday,Light_Load,4.54,100.00,72.13,0.00,4.36
08/11/2018 16:15,Weekday,Thursday,Medium_Load,56.48,100.00,89.61,0.00,27.97
09/07/2018 19:45,Weekday,Monday,Medium_Load,58.82,100.00,93.96,0.00,21.42
10/12/2018 18:15,Weekday,Monday,Maximum_Load,5.47,45.65,100.00,10.66,0.00
25/05/2018 20:30,Weekday,Friday,Medium_Load,36.72,99.97,99.83,0.83,2.16
02/05/2018 14:45,Weekday,Wednesday,Maximum_Load,118.76,100.00,93.08,0.00,46.62
20/11/2018 21:45,Weekday,Tuesday,Medium_Load,3.85,18.07,100.00,20.95,0.00
29/04/2018 02:00,Weekend,Sunday,Light_Load,2.59,100.00,59.16,0.00,3.53
29/06/2018 15:15,Weekday,Friday,Maximum_Load,35.42,99.99,98.15,0.58,6.91
01/05/2018 12:00,Weekday,Tuesday,Light_Load,2.99,52.95,100.00,4.79,0.00
25/06/2018 04:15,Weekday,Monday,Light_Load,2.84,100.00,52.45,0.00,4.61
02/01/2018 01:00,Weekday,Tuesday,Light_Load,3.35,100.00,68.12,0.00,3.60
30/10/2018 20:30,Weekday,Tuesday,Medium_Load,113.98,100.00,87.87,0.00,61.92
06/12/2018 08:45,Weekday,Thursday,Light_Load,60.84,100.00,81.95,0.00,42.55
06/02/2018 13:45,Weekday,Tuesday,Medium_Load,125.57,100.00,94.16,0.00,44.89
09/03/2018 15:45,Weekday,Friday,Maximum_Load,53.32,100.00,96.21,0.00,15.12
13/08/2018 14:30,Weekday,Monday,Maximum_Load,85.75,100.00,92.15,0.00,36.14
20/11/2018 05:00,Weekday,Tuesday,Light_Load,2.84,99.61,82.03,0.25,1.98
29/09/2018 08:00,Weekend,Saturday,Light_Load,3.06,100.00,49.30,0.00,5.40
15/03/2018 22:15,Weekday,Thursday,Medium_Load,4.03,27.34,92.22,14.18,1.69
07/09/2018 18:15,Weekday,Friday,Medium_Load,52.27,100.00,85.55,0.00,31.64
15/04/2018 06:45,Weekend,Sunday,Light_Load,3.06,100.00,62.92,0.00,3.78
26/06/2018 01:15,Weekday,Tuesday,Light_Load,2.66,100.00,60.18,0.00,3.53
25/04/2018 22:45,Weekday,Wednesday,Medium_Load,3.67,100.00,69.28,0.00,3.82
21/03/2018 21:00,Weekday,Wednesday,Medium_Load,77.65,99.99,99.25,1.08,9.54
09/05/2018 01:00,Weekday,Wednesday,Light_Load,3.28,100.00,60.47,0.00,4.32
23/05/2018 02:45,Weekday,Wednesday,Light_Load,3.02,100.00,53.33,0.00,4.79
19/12/2018 06:15,Weekday,Wednesday,Light_Load,4.07,100.00,82.67,0.00,2.77
09/03/2018 08:00,Weekday,Friday,Light_Load,9.61,100.00,86.64,0.00,5.54
17/01/2018 18:45,Weekday,Wednesday,Maximum_Load,38.92,99.84,99.39,2.20,4.32
15/06/2018 00:45,Weekday,Friday,Light_Load,3.60,100.00,57.59,0.00,5.11
09/02/2018 07:15,Weekday,Friday,Light_Load,4.72,100.00,64.85,0.00,5.54
23/10/2018 16:30,Weekday,Tuesday,Maximum_Load,46.80,100.00,87.08,0.00,26.42
24/01/2018 17:45,Weekday,Wednesday,Maximum_Load,53.35,99.98,97.64,1.12,11.81
10/04/2018 16:45,Weekday,Tuesday,Maximum_Load,61.74,100.00,91.72,0.00,26.82
09/02/2018 11:00,Weekday,Friday,Maximum_Load,56.30,100.00,96.53,0.00,15.23
12/08/2018 17:15,Weekend,Sunday,Light_Load,3.02,20.14,100.00,14.69,0.00
22/12/2018 05:15,Weekend,Saturday,Light_Load,3.42,99.99,81.74,0.04,2.41
08/04/2018 17:30,Weekend,Sunday,Medium_Load,4.10,15.58,100.00,25.99,0.00
01/11/2018 19:30,Weekday,Thursday,Maximum_Load,3.89,20.85,100.00,18.25,0.00
06/07/2018 18:45,Weekday,Friday,Medium_Load,90.36,100.00,87.36,0.00,50.33
04/11/2018 22:00,Weekend,Sunday,Medium_Load,3.82,20.92,100.00,17.86,0.00
02/01/2018 08:15,Weekday,Tuesday,Light_Load,29.02,100.00,83.89,0.07,18.83
19/02/2018 09:30,Weekday,Monday,Medium_Load,76.14,100.00,93.58,0.00,28.69
19/05/2018 15:15,Weekend,Saturday,Maximum_Load,39.17,100.00,98.70,0.00,6.37
02/08/2018 12:30,Weekday,Thursday,Light_Load,2.81,16.32,100.00,16.99,0.00
02/10/2018 22:30,Weekday,Tuesday,Medium_Load,3.53,100.00,40.12,0.00,8.06
30/01/2018 20:30,Weekday,Tuesday,Medium_Load,84.92,100.00,95.38,0.00,26.75
20/03/2018 07:00,Weekday,Tuesday,Light_Load,3.02,100.00,65.01,0.00,3.53
11/03/2018 16:45,Weekend,Sunday,Maximum_Load,30.38,99.80,99.98,1.94,0.58
16/04/2018 16:45,Weekday,Monday,Maximum_Load,70.85,100.00,88.32,0.00,37.62
21/05/2018 21:30,Weekday,Monday,Medium_Load,5.22,19.98,100.00,25.60,0.00
25/12/2018 09:30,Weekday,Tuesday,Light_Load,3.46,23.99,100.00,14.00,0.00
11/12/2018 08:15,Weekday,Tuesday,Light_Load,44.21,100.00,81.76,0.00,31.14
07/05/2018 10:00,Weekday,Monday,Medium_Load,103.36,100.00,93.40,0.00,39.53
07/08/2018 00:15,Weekday,Tuesday,Light_Load,2.77,100.00,44.21,0.00,5.62
10/09/2018 11:45,Weekday,Monday,Maximum_Load,54.79,100.00,90.21,0.00,26.21
18/03/2018 02:00,Weekend,Sunday,Light_Load,3.10,100.00,65.25,0.00,3.60
12/12/2018 11:15,Weekday,Wednesday,Maximum_Load,57.71,100.00,93.15,0.00,22.54
12/03/2018 01:30,Weekday,Monday,Light_Load,3.89,100.00,57.95,0.00,5.47
18/01/2018 01:00,Weekday,Thursday,Light_Load,40.90,100.00,79.02,0.00,31.72
13/01/2018 18:45,Weekend,Saturday,Maximum_Load,5.00,21.17,100.00,23.08,0.00
06/11/2018 18:15,Weekday,Tuesday,Maximum_Load,43.92,100.00,84.69,0.00,27.58
05/12/2018 02:30,Weekday,Wednesday,Light_Load,4.64,99.97,86.11,0.11,2.74
28/09/2018 06:00,Weekday,Friday,Light_Load,3.64,100.00,44.04,0.00,7.42
09/08/2018 00:30,Weekday,Thursday,Light_Load,2.84,100.00,50.15,0.00,4.90
17/04/2018 06:30,Weekday,Tuesday,Light_Load,3.10,100.00,60.97,0.00,4.03
02/11/2018 17:00,Weekday,Friday,Medium_Load,53.53,100.00,88.46,0.00,28.22
23/07/2018 09:15,Weekday,Monday,Medium_Load,72.36,100.00,82.94,0.00,48.74
18/09/2018 14:00,Weekday,Tuesday,Maximum_Load,64.69,100.00,86.28,0.00,37.91
13/10/2018 11:45,Weekend,Saturday,Maximum_Load,42.98,100.00,94.11,0.00,15.44
20/06/2018 05:15,Weekday,Wednesday,Light_Load,3.13,100.00,45.30,0.00,6.16
13/05/2018 09:45,Weekend,Sunday,Light_Load,3.24,18.17,100.00,17.53,0.00
23/05/2018 13:15,Weekday,Wednesday,Maximum_Load,93.53,100.00,93.60,0.11,35.17
23/02/2018 07:00,Weekday,Friday,Light_Load,4.07,100.00,63.13,0.00,5.00
13/01/2018 00:15,Weekend,Saturday,Light_Load,4.61,100.00,79.98,0.00,3.46
06/04/2018 12:30,Weekday,Friday,Medium_Load,4.61,25.53,100.00,17.46,0.00
23/11/2018 11:30,Weekday,Friday,Maximum_Load,67.03,100.00,92.27,0.00,28.01
28/04/2018 16:15,Weekend,Saturday,Maximum_Load,28.66,94.92,100.00,9.50,0.00
13/04/2018 10:00,Weekday,Friday,Medium_Load,63.76,100.00,92.58,0.00,26.03
06/08/2018 13:45,Weekday,Monday,Maximum_Load,98.93,100.00,92.73,0.00,39.92
02/10/2018 17:15,Weekday,Tuesday,Medium_Load,54.58,100.00,82.11,0.00,37.94
06/08/2018 19:30,Weekday,Monday,Medium_Load,86.98,100.00,92.56,0.00,35.57
12/11/2018 16:30,Weekday,Monday,Medium_Load,104.40,100.00,88.00,0.00,56.34
07/01/2018 18:30,Weekend,Sunday,Light_Load,3.96,45.36,100.00,7.78,0.00
07/12/2018 05:45,Weekday,Friday,Light_Load,4.07,100.00,66.18,0.00,4.61
27/01/2018 05:45,Weekend,Saturday,Light_Load,5.98,100.00,76.72,0.00,5.00
29/09/2018 15:45,Weekend,Saturday,Maximum_Load,36.14,100.00,96.07,0.00,10.44
18/03/2018 02:30,Weekend,Sunday,Light_Load,3.06,100.00,69.91,0.00,3.13
13/10/2018 14:15,Weekend,Saturday,Maximum_Load,43.88,100.00,90.47,0.00,20.66
03/06/2018 13:15,Weekend,Sunday,Light_Load,3.06,18.02,100.00,16.70,0.00
26/08/2018 18:15,Weekend,Sunday,Medium_Load,3.60,44.72,100.00,7.20,0.00
25/01/2018 20:30,Weekday,Thursday,Medium_Load,57.10,100.00,97.04,0.00,14.22
27/11/2018 03:00,Weekday,Tuesday,Light_Load,4.72,100.00,74.08,0.00,4.28
29/12/2018 04:15,Weekend,Saturday,Light_Load,3.02,99.99,79.94,0.04,2.27
25/04/2018 09:45,Weekday,Wednesday,Medium_Load,53.64,100.00,84.45,0.00,34.02
24/06/2018 17:00,Weekend,Sunday,Maximum_Load,3.89,15.92,100.00,24.12,0.00
12/10/2018 08:30,Weekday,Friday,Light_Load,57.49,100.00,72.41,0.00,54.76
08/06/2018 08:00,Weekday,Friday,Light_Load,3.35,100.00,50.74,0.00,5.69
03/06/2018 09:00,Weekend,Sunday,Light_Load,2.92,22.04,100.00,12.92,0.00
24/09/2018 22:15,Weekday,Monday,Light_Load,2.66,99.97,42.17,0.07,5.72
12/04/2018 23:30,Weekday,Thursday,Light_Load,3.96,100.00,56.39,0.00,5.80
14/06/2018 19:45,Weekday,Thursday,Medium_Load,51.88,100.00,88.28,0.00,27.61
14/06/2018 12:30,Weekday,Thursday,Medium_Load,7.06,32.48,100.00,20.56,0.00
06/10/2018 00:45,Weekend,Saturday,Light_Load,3.28,100.00,44.18,0.00,6.66
24/09/2018 18:00,Weekday,Monday,Light_Load,2.77,37.02,100.00,6.95,0.00
24/03/2018 02:30,Weekend,Saturday,Light_Load,3.64,100.00,64.09,0.00,4.36
21/05/2018 19:30,Weekday,Monday,Medium_Load,35.21,99.96,99.88,0.94,1.76
04/04/2018 00:15,Weekday,Wednesday,Light_Load,3.64,100.00,61.97,0.00,4.61
13/02/2018 13:30,Weekday,Tuesday,Medium_Load,125.03,100.00,95.13,0.00,40.50
27/11/2018 11:45,Weekday,Tuesday,Maximum_Load,123.80,100.00,90.59,0.00,57.89
31/01/2018 03:30,Weekday,Wednesday,Light_Load,5.83,100.00,73.80,0.00,5.33
03/10/2018 12:00,Weekday,Wednesday,Maximum_Load,33.05,99.41,82.37,3.60,22.75
16/11/2018 06:15,Weekday,Friday,Light_Load,3.10,100.00,53.78,0.00,4.86
03/01/2018 13:00,Weekday,Wednesday,Medium_Load,7.70,28.66,100.00,25.74,0.00
11/08/2018 22:00,Weekend,Saturday,Medium_Load,3.24,22.76,100.00,13.86,0.00
16/03/2018 10:15,Weekday,Friday,Maximum_Load,110.74,100.00,91.36,0.00,49.28
24/07/2018 11:30,Weekday,Tuesday,Maximum_Load,103.64,100.00,81.84,0.00,72.76
30/06/2018 12:30,Weekend,Saturday,Medium_Load,3.85,22.88,100.00,16.38,0.00
24/07/2018 01:15,Weekday,Tuesday,Light_Load,2.92,54.43,100.00,4.50,0.00
02/07/2018 18:15,Weekday,Monday,Medium_Load,31.68,99.80,93.03,2.02,12.49
22/05/2018 22:00,Weekday,Tuesday,Medium_Load,3.31,19.76,100.00,16.42,0.00
26/08/2018 23:00,Weekend,Sunday,Medium_Load,3.89,100.00,56.91,0.00,5.62
07/05/2018 23:15,Weekday,Monday,Light_Load,4.75,100.00,67.02,0.00,5.26
27/03/2018 02:45,Weekday,Tuesday,Light_Load,3.85,100.00,63.21,0.00,4.72
11/02/2018 13:30,Weekend,Sunday,Light_Load,4.75,18.20,100.00,25.67,0.00
17/10/2018 08:15,Weekday,Wednesday,Light_Load,31.50,100.00,73.88,0.00,28.73
31/08/2018 03:30,Weekday,Friday,Light_Load,2.74,100.00,45.25,0.00,5.40
24/03/2018 16:30,Weekend,Saturday,Maximum_Load,34.74,99.93,99.91,1.33,1.48
31/12/2018 06:00,Weekday,Monday,Light_Load,2.95,99.64,83.94,0.25,1.91
01/08/2018 08:00,Weekday,Wednesday,Light_Load,2.66,100.00,48.32,0.00,4.82
13/08/2018 14:00,Weekday,Monday,Maximum_Load,111.46,100.00,87.60,0.00,61.38
08/09/2018 21:45,Weekend,Saturday,Medium_Load,3.06,26.14,100.00,11.30,0.00
17/06/2018 23:15,Weekend,Sunday,Light_Load,2.66,100.00,59.86,0.00,3.56
18/04/2018 01:15,Weekday,Wednesday,Light_Load,3.71,100.00,74.92,0.00,3.28
21/07/2018 10:45,Weekend,Saturday,Maximum_Load,44.64,100.00,88.13,0.00,23.94
15/01/2018 05:45,Weekday,Monday,Light_Load,4.64,100.00,72.88,0.00,4.36
27/08/2018 16:45,Weekday,Monday,Maximum_Load,44.42,100.00,92.73,0.00,17.93
19/08/2018 21:45,Weekend,Sunday,Light_Load,2.88,20.54,100.00,13.72,0.00
04/02/2018 07:45,Weekend,Sunday,Light_Load,3.92,100.00,72.35,0.00,3.74
28/03/2018 16:30,Weekday,Wednesday,Maximum_Load,57.64,100.00,91.29,0.00,25.78
11/02/2018 23:30,Weekend,Sunday,Light_Load,3.89,100.00,74.43,0.00,3.49
20/11/2018 03:45,Weekday,Tuesday,Light_Load,3.67,100.00,66.97,0.00,4.07
20/12/2018 05:30,Weekday,Thursday,Light_Load,3.38,99.98,82.22,0.07,2.34
26/01/2018 12:30,Weekday,Friday,Medium_Load,9.00,32.52,100.00,26.17,0.00
27/06/2018 14:45,Weekday,Wednesday,Maximum_Load,72.11,100.00,84.59,0.00,45.47
11/10/2018 13:30,Weekday,Thursday,Maximum_Load,65.02,100.00,86.56,0.00,37.62
02/10/2018 05:45,Weekday,Tuesday,Light_Load,2.77,100.00,47.87,0.00,5.08
08/08/2018 14:00,Weekday,Wednesday,Maximum_Load,93.92,100.00,91.76,0.00,40.68
21/10/2018 05:00,Weekend,Sunday,Light_Load,2.81,100.00,51.80,0.00,4.64
05/02/2018 17:00,Weekday,Monday,Medium_Load,100.66,100.00,93.02,0.00,39.71
25/08/2018 16:15,Weekend,Saturday,Light_Load,7.13,38.70,100.00,16.99,0.00
15/12/2018 01:15,Weekend,Saturday,Light_Load,4.14,100.00,72.26,0.00,3.96
25/11/2018 12:30,Weekend,Sunday,Light_Load,3.02,21.62,100.00,13.64,0.00
15/01/2018 15:45,Weekday,Monday,Medium_Load,59.76,100.00,94.82,0.00,20.02
04/09/2018 11:00,Weekday,Tuesday,Maximum_Load,105.95,100.00,90.36,0.00,50.22
29/10/2018 04:00,Weekday,Monday,Light_Load,2.81,100.00,47.90,0.00,5.15
25/09/2018 22:45,Weekday,Tuesday,Light_Load,2.56,100.00,42.84,0.00,5.40
05/12/2018 20:00,Weekday,Wednesday,Maximum_Load,5.44,25.54,100.00,20.59,0.00
18/04/2018 08:30,Weekday,Wednesday,Light_Load,113.90,100.00,84.70,0.00,71.50
31/05/2018 22:15,Weekday,Thursday,Medium_Load,3.35,29.35,86.87,10.91,1.91
24/08/2018 03:15,Weekday,Friday,Light_Load,3.13,100.00,47.05,0.00,5.87
21/12/2018 18:45,Weekday,Friday,Maximum_Load,5.62,25.83,100.00,21.02,0.00
06/12/2018 19:30,Weekday,Thursday,Maximum_Load,38.63,100.00,98.27,0.00,7.27
29/10/2018 16:00,Weekday,Monday,Maximum_Load,115.24,100.00,91.41,0.00,51.12
27/01/2018 10:15,Weekend,Saturday,Maximum_Load,33.52,95.53,100.00,10.37,0.00
13/11/2018 07:15,Weekday,Tuesday,Light_Load,3.60,100.00,53.27,0.00,5.72
18/07/2018 06:45,Weekday,Wednesday,Light_Load,2.77,100.00,56.93,0.00,4.00
21/11/2018 00:45,Weekday,Wednesday,Light_Load,3.46,99.46,82.39,0.36,2.38
26/12/2018 14:00,Weekday,Wednesday,Medium_Load,51.41,100.00,96.23,0.07,14.54
28/11/2018 04:30,Weekday,Wednesday,Light_Load,22.50,100.00,83.19,0.00,15.01
16/07/2018 10:15,Weekday,Monday,Maximum_Load,101.27,100.00,88.43,0.00,53.46
30/12/2018 17:45,Weekend,Sunday,Light_Load,4.75,21.37,100.00,21.71,0.00
08/08/2018 21:30,Weekday,Wednesday,Medium_Load,4.18,24.83,100.00,16.31,0.00
25/07/2018 21:00,Weekday,Wednesday,Medium_Load,8.86,35.17,100.00,23.58,0.00
21/04/2018 12:45,Weekend,Saturday,Medium_Load,4.28,24.97,100.00,16.60,0.00
29/07/2018 22:15,Weekend,Sunday,Medium_Load,2.99,49.42,93.65,5.26,1.12
17/11/2018 07:15,Weekend,Saturday,Light_Load,3.20,100.00,55.55,0.00,4.79
06/04/2018 15:30,Weekday,Friday,Maximum_Load,110.81,100.00,94.21,0.00,39.46
25/07/2018 19:30,Weekday,Wednesday,Medium_Load,92.09,100.00,93.73,0.00,34.24
30/06/2018 09:45,Weekend,Saturday,Medium_Load,42.01,100.00,98.29,0.40,7.88
14/07/2018 12:30,Weekend,Saturday,Medium_Load,4.32,33.55,100.00,12.13,0.00
13/02/2018 20:30,Weekday,Tuesday,Medium_Load,95.98,100.00,99.11,0.00,12.92
27/11/2018 06:45,Weekday,Tuesday,Light_Load,3.82,100.00,78.45,0.00,3.02
12/01/2018 16:45,Weekday,Friday,Medium_Load,116.24,100.00,92.87,0.00,46.40
26/04/2018 09:15,Weekday,Thursday,Medium_Load,87.73,100.00,90.39,0.00,41.51
09/08/2018 10:15,Weekday,Thursday,Maximum_Load,111.67,100.00,86.96,0.00,63.40
21/12/2018 16:00,Weekday,Friday,Medium_Load,63.00,100.00,89.36,0.00,31.64
29/09/2018 12:30,Weekend,Saturday,Medium_Load,3.28,28.29,100.00,11.12,0.00
21/09/2018 13:00,Weekday,Friday,Medium_Load,4.21,33.40,100.00,11.88,0.00
31/03/2018 10:45,Weekend,Saturday,Light_Load,3.35,15.37,100.00,21.53,0.00
25/04/2018 17:00,Weekday,Wednesday,Maximum_Load,60.91,100.00,93.11,0.00,23.87
09/09/2018 22:15,Weekend,Sunday,Medium_Load,3.74,99.96,48.96,0.11,6.66
26/08/2018 06:15,Weekend,Sunday,Light_Load,2.70,100.00,42.87,0.00,5.69
27/02/2018 21:15,Weekday,Tuesday,Medium_Load,20.30,79.31,99.53,15.59,1.98
21/01/2018 01:00,Weekend,Sunday,Light_Load,37.44,100.00,80.18,0.00,27.90
15/11/2018 21:00,Weekday,Thursday,Medium_Load,28.37,99.86,99.93,1.51,1.04
19/12/2018 12:00,Weekday,Wednesday,Maximum_Load,101.99,100.00,90.29,0.00,48.56
21/09/2018 18:00,Weekday,Friday,Medium_Load,3.24,24.32,100.00,12.92,0.00
17/05/2018 20:30,Weekday,Thursday,Medium_Load,103.10,100.00,93.66,0.00,38.56
28/06/2018 18:30,Weekday,Thursday,Medium_Load,37.44,100.00,87.23,0.00,20.99
08/05/2018 00:30,Weekday,Tuesday,Light_Load,3.64,100.00,71.49,0.00,3.56
07/11/2018 02:45,Weekday,Wednesday,Light_Load,2.95,100.00,54.23,0.00,4.57
18/05/2018 04:30,Weekday,Friday,Light_Load,3.20,100.00,50.98,0.00,5.40
08/10/2018 00:00,Weekday,Monday,Light_Load,3.24,100.00,46.14,0.00,6.23
20/11/2018 23:30,Weekday,Tuesday,Light_Load,3.49,98.82,85.79,0.54,2.09
15/12/2018 15:45,Weekend,Saturday,Light_Load,3.96,18.57,100.00,20.95,0.00
19/06/2018 11:45,Weekday,Tuesday,Maximum_Load,42.01,100.00,82.71,0.00,28.55
15/08/2018 06:30,Weekday,Wednesday,Light_Load,2.99,100.00,57.54,0.00,4.25
22/09/2018 06:30,Weekend,Saturday,Light_Load,3.10,100.00,42.57,0.00,6.59
15/07/2018 14:15,Weekend,Sunday,Maximum_Load,99.86,100.00,93.79,0.00,36.94
24/07/2018 12:45,Weekday,Tuesday,Medium_Load,5.51,52.81,100.00,8.86,0.00
27/11/2018 00:30,Weekday,Tuesday,Light_Load,4.79,100.00,72.35,0.00,4.57
26/09/2018 05:15,Weekday,Wednesday,Light_Load,2.63,100.00,44.05,0.00,5.36
15/02/2018 01:30,Weekday,Thursday,Light_Load,3.35,100.00,57.88,0.00,4.72
10/07/2018 06:45,Weekday,Tuesday,Light_Load,2.84,100.00,48.80,0.00,5.08
10/12/2018 00:00,Weekday,Monday,Light_Load,5.36,100.00,88.36,0.04,2.84
12/02/2018 22:30,Weekday,Monday,Maximum_Load,33.16,100.00,81.37,0.00,23.69
11/11/2018 06:30,Weekend,Sunday,Light_Load,2.99,100.00,51.02,0.00,5.04
23/10/2018 20:15,Weekday,Tuesday,Medium_Load,61.20,100.00,83.59,0.00,40.18
11/10/2018 18:45,Weekday,Thursday,Medium_Load,95.15,100.00,91.00,0.00,43.34
02/09/2018 04:15,Weekend,Sunday,Light_Load,3.20,100.00,45.29,0.00,6.30
19/03/2018 09:00,Weekday,Monday,Light_Load,95.04,100.00,88.95,0.00,48.82
27/06/2018 08:15,Weekday,Wednesday,Light_Load,38.45,100.00,71.01,0.00,38.12
08/03/2018 09:30,Weekday,Thursday,Medium_Load,121.57,100.00,92.55,0.00,49.75
08/01/2018 03:30,Weekday,Monday,Light_Load,3.38,100.00,58.88,0.00,4.64
23/04/2018 21:00,Weekday,Monday,Medium_Load,17.17,74.75,100.00,15.26,0.07
14/12/2018 16:15,Weekday,Friday,Medium_Load,96.80,100.00,91.52,0.00,42.62
28/06/2018 19:00,Weekday,Thursday,Medium_Load,46.73,100.00,97.09,0.04,11.52
01/08/2018 10:45,Weekday,Wednesday,Light_Load,2.81,16.01,100.00,17.32,0.00
21/08/2018 11:15,Weekday,Tuesday,Maximum_Load,60.80,100.00,75.47,0.00,52.85
11/11/2018 23:45,Weekend,Sunday,Light_Load,2.66,100.00,66.97,0.00,2.95
10/08/2018 23:00,Weekday,Friday,Medium_Load,2.74,100.00,47.76,0.00,5.04
08/01/2018 14:30,Weekday,Monday,Medium_Load,108.14,100.00,92.12,0.00,45.68
07/10/2018 20:30,Weekend,Sunday,Light_Load,2.74,22.88,100.00,11.66,0.00
02/02/2018 08:45,Weekday,Friday,Light_Load,51.44,100.00,81.74,0.00,36.25
26/02/2018 13:00,Weekday,Monday,Medium_Load,6.66,24.16,100.00,26.75,0.00
06/12/2018 15:00,Weekday,Thursday,Medium_Load,56.88,100.00,91.56,0.00,24.98
20/02/2018 22:45,Weekday,Tuesday,Maximum_Load,38.66,100.00,81.05,0.00,27.94
11/06/2018 04:30,Weekday,Monday,Light_Load,3.31,100.00,55.43,0.00,4.97
12/03/2018 06:45,Weekday,Monday,Light_Load,3.74,100.00,64.85,0.00,4.39
23/03/2018 04:30,Weekday,Friday,Light_Load,3.24,100.00,62.66,0.00,4.03
25/01/2018 18:00,Weekday,Thursday,Maximum_Load,33.70,96.35,100.00,9.36,0.00
18/06/2018 22:15,Weekday,Monday,Medium_Load,3.67,28.57,95.65,12.31,1.12
06/02/2018 15:30,Weekday,Tuesday,Medium_Load,50.69,100.00,98.89,0.00,7.63
13/04/2018 03:30,Weekday,Friday,Light_Load,3.38,100.00,64.26,0.00,4.03
03/03/2018 13:45,Weekend,Saturday,Maximum_Load,37.55,99.88,99.10,1.84,5.08
30/08/2018 18:15,Weekday,Thursday,Medium_Load,100.58,100.00,91.07,0.00,45.61
25/12/2018 22:15,Weekday,Tuesday,Light_Load,3.20,99.50,81.20,0.32,2.30
19/05/2018 12:45,Weekend,Saturday,Medium_Load,6.23,24.97,100.00,24.16,0.00
20/08/2018 06:30,Weekday,Monday,Light_Load,2.63,100.00,47.07,0.00,4.93
25/01/2018 14:30,Weekday,Thursday,Medium_Load,78.12,100.00,91.97,0.00,33.34
06/02/2018 06:15,Weekday,Tuesday,Light_Load,4.39,100.00,79.50,0.00,3.35
14/04/2018 09:45,Weekend,Saturday,Medium_Load,34.74,99.04,99.99,4.86,0.47
20/02/2018 19:30,Weekday,Tuesday,Maximum_Load,98.57,100.00,95.81,0.00,29.45
17/07/2018 21:45,Weekday,Tuesday,Medium_Load,3.85,23.03,100.00,16.27,0.00
22/09/2018 14:15,Weekend,Saturday,Light_Load,2.99,26.84,100.00,10.73,0.00
14/01/2018 22:15,Weekend,Sunday,Maximum_Load,4.82,29.49,96.19,15.62,1.37
21/03/2018 10:30,Weekday,Wednesday,Maximum_Load,57.06,100.00,94.96,0.00,18.83
14/12/2018 13:15,Weekday,Friday,Medium_Load,86.98,99.91,89.90,3.67,42.37
20/12/2018 18:00,Weekday,Thursday,Maximum_Load,24.80,98.19,99.35,4.79,2.84
07/12/2018 23:45,Weekday,Friday,Light_Load,4.00,99.98,74.98,0.07,3.53
28/03/2018 15:30,Weekday,Wednesday,Maximum_Load,54.65,100.00,88.63,0.00,28.55
23/01/2018 22:30,Weekday,Tuesday,Maximum_Load,37.33,100.00,80.21,0.00,27.79
04/06/2018 11:00,Weekday,Monday,Maximum_Load,69.98,100.00,87.57,0.00,38.59
28/12/2018 09:30,Weekday,Friday,Medium_Load,59.90,100.00,92.90,0.00,23.87
30/11/2018 10:15,Weekday,Friday,Maximum_Load,49.21,100.00,94.70,0.00,16.70
19/10/2018 07:00,Weekday,Friday,Light_Load,3.10,100.00,44.78,0.00,6.19
06/07/2018 14:45,Weekday,Friday,Maximum_Load,93.24,100.00,91.22,0.00,41.87
06/06/2018 00:45,Weekday,Wednesday,Light_Load,3.56,100.00,58.78,0.00,4.90
30/07/2018 09:45,Weekday,Monday,Medium_Load,62.21,100.00,88.38,0.00,32.94
30/10/2018 19:30,Weekday,Tuesday,Medium_Load,52.60,100.00,90.06,0.00,25.38
20/02/2018 03:15,Weekday,Tuesday,Light_Load,5.76,100.00,73.65,0.00,5.29
18/01/2018 06:00,Weekday,Thursday,Light_Load,40.39,100.00,79.13,0.00,31.21
08/06/2018 05:15,Weekday,Friday,Light_Load,3.06,100.00,46.23,0.00,5.87
02/12/2018 12:15,Weekend,Sunday,Light_Load,4.86,23.32,100.00,20.27,0.00
28/12/2018 00:00,Weekday,Friday,Light_Load,4.82,100.00,86.39,0.00,2.81
10/09/2018 18:45,Weekday,Monday,Medium_Load,3.82,21.21,100.00,17.60,0.00
03/03/2018 06:30,Weekend,Saturday,Light_Load,3.46,100.00,72.99,0.00,3.24
26/09/2018 05:00,Weekday,Wednesday,Light_Load,2.56,100.00,43.30,0.00,5.33
02/07/2018 10:00,Weekday,Monday,Medium_Load,71.35,100.00,87.74,0.00,39.02
22/04/2018 11:15,Weekend,Sunday,Maximum_Load,31.79,100.00,89.58,0.11,15.77
22/12/2018 14:00,Weekend,Saturday,Light_Load,4.21,19.44,100.00,21.24,0.00
25/02/2018 23:30,Weekend,Sunday,Light_Load,4.39,100.00,73.08,0.00,4.10
08/03/2018 13:45,Weekday,Thursday,Maximum_Load,65.95,100.00,93.72,0.00,24.55
22/01/2018 11:00,Weekday,Monday,Maximum_Load,79.88,100.00,91.63,0.00,34.92
03/01/2018 19:00,Weekday,Wednesday,Maximum_Load,42.98,100.00,99.20,0.18,5.47
01/06/2018 17:15,Weekday,Friday,Medium_Load,54.50,100.00,94.82,0.00,18.25
26/08/2018 07:30,Weekend,Sunday,Light_Load,2.74,100.00,44.08,0.00,5.58
27/02/2018 16:15,Weekday,Tuesday,Medium_Load,51.41,100.00,95.62,0.00,15.73
30/10/2018 16:30,Weekday,Tuesday,Maximum_Load,68.98,100.00,88.84,0.00,35.64
07/04/2018 20:45,Weekend,Saturday,Medium_Load,3.31,18.81,100.00,17.28,0.00
01/10/2018 17:00,Weekday,Monday,Maximum_Load,49.00,100.00,87.04,0.00,27.72
08/09/2018 11:15,Weekend,Saturday,Maximum_Load,39.49,100.00,92.67,0.00,16.02
17/05/2018 17:15,Weekday,Thursday,Medium_Load,109.87,100.00,93.65,0.00,41.15
02/12/2018 01:45,Weekend,Sunday,Light_Load,4.14,100.00,74.83,0.00,3.67
20/04/2018 01:15,Weekday,Friday,Light_Load,3.60,100.00,68.97,0.00,3.78
26/11/2018 14:45,Weekday,Monday,Medium_Load,69.05,100.00,89.55,0.00,34.31
18/10/2018 15:30,Weekday,Thursday,Maximum_Load,64.19,100.00,81.32,0.00,45.94
19/05/2018 01:15,Weekend,Saturday,Light_Load,3.67,100.00,58.86,0.00,5.04
24/09/2018 17:45,Weekday,Monday,Light_Load,2.77,25.40,100.00,10.55,0.00
11/07/2018 03:30,Weekday,Wednesday,Light_Load,2.84,100.00,58.28,0.00,3.96
20/10/2018 19:15,Weekend,Saturday,Medium_Load,4.18,22.62,100.00,18.00,0.00
23/06/2018 20:00,Weekend,Saturday,Medium_Load,2.88,16.34,100.00,17.39,0.00
12/10/2018 19:30,Weekday,Friday,Medium_Load,49.46,100.00,85.21,0.00,30.38
23/05/2018 01:45,Weekday,Wednesday,Light_Load,2.99,100.00,53.51,0.00,4.72
15/04/2018 11:45,Weekend,Sunday,Light_Load,3.17,49.13,100.00,5.62,0.00
25/12/2018 16:45,Weekday,Tuesday,Light_Load,3.46,24.11,100.00,13.93,0.00
03/02/2018 07:45,Weekend,Saturday,Light_Load,4.14,100.00,76.09,0.00,3.53
10/12/2018 11:30,Weekday,Monday,Maximum_Load,70.31,100.00,90.36,0.00,33.34
19/09/2018 20:15,Weekday,Wednesday,Medium_Load,3.67,21.03,100.00,17.06,0.00
20/08/2018 22:30,Weekday,Monday,Medium_Load,3.31,100.00,59.25,0.00,4.50
26/11/2018 10:00,Weekday,Monday,Medium_Load,85.43,100.00,89.34,0.00,42.95
05/08/2018 09:30,Weekend,Sunday,Light_Load,3.02,18.65,100.00,15.91,0.00
20/04/2018 11:30,Weekday,Friday,Maximum_Load,60.55,100.00,78.69,0.00,47.48
29/11/2018 19:45,Weekday,Thursday,Maximum_Load,63.50,100.00,92.14,0.00,26.78
06/06/2018 18:45,Weekday,Wednesday,Medium_Load,3.85,26.25,100.00,14.15,0.00
23/03/2018 13:15,Weekday,Friday,Maximum_Load,70.34,99.79,95.40,4.54,22.10
15/02/2018 18:30,Weekday,Thursday,Light_Load,3.96,40.42,100.00,8.96,0.00
26/06/2018 23:00,Weekday,Tuesday,Medium_Load,3.53,100.00,59.33,0.00,4.79
29/04/2018 11:30,Weekend,Sunday,Light_Load,2.99,53.84,100.00,4.68,0.00
09/08/2018 21:45,Weekday,Thursday,Medium_Load,4.46,26.65,100.00,16.13,0.00
26/02/2018 12:45,Weekday,Monday,Medium_Load,6.88,25.01,100.00,26.64,0.00
03/10/2018 05:45,Weekday,Wednesday,Light_Load,2.92,100.00,43.47,0.00,6.05
11/01/2018 09:15,Weekday,Thursday,Medium_Load,121.90,100.00,93.17,0.00,47.52
07/09/2018 10:30,Weekday,Friday,Maximum_Load,91.69,100.00,93.79,0.00,33.91
08/05/2018 21:15,Weekday,Tuesday,Medium_Load,4.43,17.98,100.00,24.23,0.00
17/05/2018 22:00,Weekday,Thursday,Medium_Load,4.10,18.83,100.00,21.38,0.00
19/11/2018 07:45,Weekday,Monday,Light_Load,4.07,100.00,61.78,0.00,5.18
02/12/2018 23:15,Weekend,Sunday,Light_Load,3.31,99.99,84.55,0.04,2.09
04/10/2018 14:45,Weekday,Thursday,Maximum_Load,59.22,100.00,83.32,0.00,39.31
18/08/2018 06:15,Weekend,Saturday,Light_Load,2.88,100.00,56.74,0.00,4.18
22/12/2018 23:30,Weekend,Saturday,Light_Load,3.31,99.62,84.21,0.29,2.12
09/09/2018 02:00,Weekend,Sunday,Light_Load,2.81,100.00,46.64,0.00,5.33
20/09/2018 19:15,Weekday,Thursday,Medium_Load,57.13,100.00,86.78,0.00,32.72
15/01/2018 17:00,Weekday,Monday,Medium_Load,59.83,100.00,95.24,0.00,19.15
26/06/2018 07:45,Weekday,Tuesday,Light_Load,3.53,100.00,63.89,0.00,4.25
18/11/2018 12:45,Weekend,Sunday,Medium_Load,4.18,26.71,100.00,15.08,0.00
04/12/2018 09:45,Weekday,Tuesday,Medium_Load,59.36,100.00,86.49,0.00,34.45
11/11/2018 07:00,Weekend,Sunday,Light_Load,3.13,100.00,48.46,0.00,5.65
08/02/2018 10:45,Weekday,Thursday,Maximum_Load,55.73,100.00,96.90,0.00,14.22
14/10/2018 14:45,Weekend,Sunday,Light_Load,3.02,26.36,100.00,11.05,0.00
09/01/2018 20:45,Weekday,Tuesday,Medium_Load,99.72,100.00,96.79,0.00,25.88
24/01/2018 00:15,Weekday,Wednesday,Light_Load,40.03,100.00,80.35,0.00,29.66
27/05/2018 15:00,Weekend,Sunday,Light_Load,3.56,19.98,100.00,17.46,0.00
02/05/2018 16:15,Weekday,Wednesday,Maximum_Load,99.58,100.00,92.36,0.00,41.33
16/09/2018 14:15,Weekend,Sunday,Light_Load,2.92,24.14,100.00,11.74,0.00
02/07/2018 18:45,Weekday,Monday,Medium_Load,40.50,100.00,92.90,0.04,16.13
05/04/2018 16:00,Weekday,Thursday,Maximum_Load,58.46,100.00,92.50,0.00,24.01
19/12/2018 14:15,Weekday,Wednesday,Medium_Load,149.18,100.00,89.45,0.00,74.56
08/04/2018 18:00,Weekend,Sunday,Medium_Load,4.03,15.26,100.00,26.10,0.00
26/09/2018 21:30,Weekday,Wednesday,Light_Load,2.92,21.20,100.00,13.46,0.00
03/12/2018 21:00,Weekday,Monday,Medium_Load,25.45,96.51,99.95,6.91,0.83
22/04/2018 04:00,Weekend,Sunday,Light_Load,3.10,100.00,57.07,0.00,4.46
14/08/2018 21:00,Weekday,Tuesday,Medium_Load,37.73,99.74,98.62,2.70,6.34
23/04/2018 23:00,Weekday,Monday,Medium_Load,3.78,100.00,68.05,0.00,4.07
24/01/2018 22:45,Weekday,Wednesday,Maximum_Load,39.42,100.00,81.27,0.00,28.26
15/06/2018 05:45,Weekday,Friday,Light_Load,2.92,100.00,44.54,0.00,5.87
19/12/2018 11:15,Weekday,Wednesday,Maximum_Load,140.80,100.00,89.60,0.00,69.77
10/07/2018 06:15,Weekday,Tuesday,Light_Load,2.88,100.00,50.67,0.00,4.90
19/03/2018 11:45,Weekday,Monday,Maximum_Load,55.69,100.00,80.58,0.00,40.93
25/01/2018 21:15,Weekday,Thursday,Medium_Load,43.63,99.94,99.82,1.51,2.63
24/04/2018 18:00,Weekday,Tuesday,Medium_Load,30.02,95.20,100.00,9.65,0.00
29/03/2018 16:15,Weekday,Thursday,Maximum_Load,92.52,100.00,93.36,0.00,35.50
26/12/2018 22:15,Weekday,Wednesday,Maximum_Load,4.00,99.43,79.04,0.43,3.10
15/12/2018 09:15,Weekend,Saturday,Light_Load,3.56,24.58,100.00,14.04,0.00
09/02/2018 22:45,Weekday,Friday,Maximum_Load,107.89,100.00,87.87,0.00,58.61
20/05/2018 03:00,Weekend,Sunday,Light_Load,3.17,100.00,49.13,0.00,5.62
18/06/2018 10:30,Weekday,Monday,Maximum_Load,72.54,100.00,96.24,0.00,20.48
22/04/2018 23:00,Weekend,Sunday,Medium_Load,3.60,100.00,64.02,0.00,4.32
15/09/2018 23:00,Weekend,Saturday,Medium_Load,2.88,100.00,45.86,0.00,5.58
05/08/2018 08:30,Weekend,Sunday,Light_Load,2.74,100.00,44.98,0.00,5.44
14/03/2018 11:15,Weekday,Wednesday,Maximum_Load,97.60,100.00,85.41,0.00,59.44
20/08/2018 20:00,Weekday,Monday,Medium_Load,41.18,100.00,90.62,0.00,19.22
25/04/2018 10:15,Weekday,Wednesday,Maximum_Load,61.52,100.00,78.76,0.00,48.13
03/06/2018 04:15,Weekend,Sunday,Light_Load,3.06,100.00,45.37,0.00,6.01
08/01/2018 16:15,Weekday,Monday,Medium_Load,82.22,100.00,91.68,0.00,35.82
09/08/2018 06:15,Weekday,Thursday,Light_Load,2.81,100.00,45.43,0.00,5.51
12/06/2018 23:15,Weekday,Tuesday,Light_Load,3.42,100.00,62.69,0.00,4.25
05/03/2018 05:45,Weekday,Monday,Light_Load,3.02,100.00,62.42,0.00,3.78
02/10/2018 00:15,Weekday,Tuesday,Light_Load,2.52,100.00,51.00,0.00,4.25
17/03/2018 19:30,Weekend,Saturday,Medium_Load,4.07,15.14,100.00,26.57,0.00
28/03/2018 10:15,Weekday,Wednesday,Maximum_Load,43.09,100.00,99.01,0.25,6.12
08/02/2018 14:15,Weekday,Thursday,Medium_Load,124.63,100.00,91.40,0.00,55.33
01/03/2018 03:15,Weekday,Thursday,Light_Load,4.32,100.00,59.27,0.00,5.87
26/01/2018 01:15,Weekday,Friday,Light_Load,36.54,100.00,80.80,0.00,26.64
15/08/2018 07:30,Weekday,Wednesday,Light_Load,3.10,100.00,57.95,0.00,4.36
08/05/2018 01:00,Weekday,Tuesday,Light_Load,3.64,100.00,70.71,0.00,3.64
10/07/2018 11:30,Weekday,Tuesday,Maximum_Load,71.86,100.00,79.60,0.00,54.65
18/09/2018 07:45,Weekday,Tuesday,Light_Load,4.54,100.00,52.60,0.00,7.34
20/03/2018 02:00,Weekday,Tuesday,Light_Load,3.10,100.00,63.01,0.00,3.82
24/08/2018 04:00,Weekday,Friday,Light_Load,3.24,100.00,46.14,0.00,6.23
27/02/2018 13:00,Weekday,Tuesday,Medium_Load,7.52,27.44,100.00,26.35,0.00
11/01/2018 12:30,Weekday,Thursday,Medium_Load,11.84,42.18,100.00,25.45,0.00
26/07/2018 03:30,Weekday,Thursday,Light_Load,3.64,100.00,69.36,0.00,3.78
03/06/2018 18:00,Weekend,Sunday,Light_Load,3.02,17.61,100.00,16.88,0.00
14/10/2018 05:15,Weekend,Sunday,Light_Load,2.77,100.00,48.17,0.00,5.04
11/07/2018 15:45,Weekday,Wednesday,Maximum_Load,38.92,100.00,99.58,0.36,3.56
13/03/2018 08:00,Weekday,Tuesday,Light_Load,6.77,100.00,67.25,0.00,7.45
25/04/2018 20:15,Weekday,Wednesday,Medium_Load,84.56,100.00,97.35,0.47,19.87
25/02/2018 09:30,Weekend,Sunday,Light_Load,4.28,24.97,100.00,16.60,0.00
03/07/2018 03:45,Weekday,Tuesday,Light_Load,3.06,100.00,59.07,0.00,4.18
21/10/2018 11:45,Weekend,Sunday,Light_Load,3.02,28.70,100.00,10.08,0.00
04/04/2018 11:00,Weekday,Wednesday,Maximum_Load,50.76,100.00,92.34,0.00,21.10
07/09/2018 19:15,Weekday,Friday,Medium_Load,48.42,100.00,89.35,0.00,24.34
29/06/2018 22:00,Weekday,Friday,Medium_Load,3.78,15.04,100.00,24.84,0.00
22/11/2018 06:30,Weekday,Thursday,Light_Load,3.13,100.00,74.89,0.00,2.77
22/03/2018 07:15,Weekday,Thursday,Light_Load,3.31,100.00,63.47,0.00,4.03
10/11/2018 00:45,Weekend,Saturday,Light_Load,4.90,100.00,55.89,0.00,7.27
22/09/2018 05:30,Weekend,Saturday,Light_Load,2.59,100.00,47.87,0.00,4.75
28/08/2018 18:15,Weekday,Tuesday,Medium_Load,34.49,99.99,92.15,0.58,14.54
06/09/2018 21:30,Weekday,Thursday,Medium_Load,3.96,24.25,100.00,15.84,0.00
14/03/2018 08:45,Weekday,Wednesday,Light_Load,72.86,100.00,73.16,0.00,67.90
25/02/2018 10:30,Weekend,Sunday,Light_Load,4.32,25.30,100.00,16.52,0.00
27/08/2018 21:45,Weekday,Monday,Medium_Load,2.84,20.33,100.00,13.68,0.00
26/10/2018 15:45,Weekday,Friday,Maximum_Load,49.10,100.00,90.09,0.00,23.65
02/02/2018 20:45,Weekday,Friday,Medium_Load,42.30,99.98,99.99,0.90,0.65
07/11/2018 19:00,Weekday,Wednesday,Maximum_Load,65.66,100.00,86.17,0.00,38.66
08/05/2018 17:00,Weekday,Tuesday,Maximum_Load,64.33,100.00,86.24,0.00,37.76
04/01/2018 18:00,Weekday,Thursday,Maximum_Load,65.38,99.95,99.42,2.12,7.09
19/07/2018 01:15,Weekday,Thursday,Light_Load,2.81,50.60,100.00,4.79,0.00
28/09/2018 02:30,Weekday,Friday,Light_Load,4.10,100.00,47.67,0.00,7.56
03/08/2018 22:30,Weekday,Friday,Light_Load,2.81,100.00,45.24,0.00,5.54
02/09/2018 15:30,Weekend,Sunday,Maximum_Load,31.68,100.00,97.32,0.00,7.49
21/06/2018 21:30,Weekday,Thursday,Medium_Load,3.92,19.36,100.00,19.87,0.00
03/02/2018 00:00,Weekend,Saturday,Light_Load,38.20,100.00,77.76,0.00,30.89
10/11/2018 03:00,Weekend,Saturday,Light_Load,3.74,100.00,44.87,0.00,7.45
09/06/2018 09:30,Weekend,Saturday,Light_Load,3.02,17.90,100.00,16.60,0.00
14/06/2018 04:00,Weekday,Thursday,Light_Load,2.84,100.00,55.29,0.00,4.28
13/08/2018 11:30,Weekday,Monday,Maximum_Load,81.54,100.00,86.56,0.00,47.16
31/07/2018 18:30,Weekday,Tuesday,Medium_Load,3.42,57.87,100.00,4.82,0.00
11/09/2018 06:30,Weekday,Tuesday,Light_Load,2.63,100.00,44.05,0.00,5.36
28/04/2018 07:45,Weekend,Saturday,Light_Load,2.92,100.00,63.42,0.00,3.56
02/07/2018 21:15,Weekday,Monday,Medium_Load,4.46,17.35,100.00,25.31,0.00
31/05/2018 11:00,Weekday,Thursday,Maximum_Load,57.89,100.00,87.29,0.00,32.36
10/08/2018 11:30,Weekday,Friday,Maximum_Load,94.32,100.00,83.58,0.00,61.96
14/01/2018 20:15,Weekend,Sunday,Medium_Load,4.97,18.08,100.00,27.04,0.00
30/10/2018 16:15,Weekday,Tuesday,Maximum_Load,70.16,100.00,87.37,0.00,39.06
23/08/2018 16:45,Weekday,Thursday,Maximum_Load,53.28,100.00,87.30,0.00,29.77
31/03/2018 07:45,Weekend,Saturday,Light_Load,2.77,100.00,57.71,0.00,3.92
26/02/2018 20:00,Weekday,Monday,Maximum_Load,62.03,100.00,93.99,0.00,22.54
06/02/2018 03:45,Weekday,Tuesday,Light_Load,6.34,100.00,76.78,0.00,5.29
04/03/2018 21:15,Weekend,Sunday,Light_Load,3.31,18.81,100.00,17.28,0.00
16/06/2018 23:45,Weekend,Saturday,Light_Load,2.88,100.00,49.32,0.00,5.08
14/03/2018 14:30,Weekday,Wednesday,Maximum_Load,56.12,100.00,92.30,0.00,23.40
26/08/2018 05:00,Weekend,Sunday,Light_Load,2.59,100.00,52.67,0.00,4.18
17/08/2018 05:15,Weekday,Friday,Light_Load,2.81,100.00,41.95,0.00,6.08
21/08/2018 08:00,Weekday,Tuesday,Light_Load,4.10,100.00,56.36,0.00,6.01
17/07/2018 21:00,Weekday,Tuesday,Medium_Load,9.86,43.24,100.00,20.56,0.00
16/11/2018 01:00,Weekday,Friday,Light_Load,3.71,100.00,47.89,0.00,6.80
22/05/2018 05:00,Weekday,Tuesday,Light_Load,3.10,100.00,60.97,0.00,4.03
31/01/2018 01:15,Weekday,Wednesday,Light_Load,100.08,100.00,90.11,0.00,48.17
09/06/2018 14:00,Weekend,Saturday,Light_Load,3.02,17.75,100.00,16.74,0.00
25/12/2018 06:45,Weekday,Tuesday,Light_Load,3.20,99.98,81.20,0.07,2.30
08/05/2018 14:30,Weekday,Tuesday,Maximum_Load,69.80,100.00,79.49,0.00,53.28
08/09/2018 04:30,Weekend,Saturday,Light_Load,3.17,100.00,51.40,0.00,5.29
01/08/2018 15:30,Weekday,Wednesday,Light_Load,2.70,15.22,100.00,17.53,0.00
17/03/2018 06:00,Weekend,Saturday,Light_Load,3.28,100.00,66.94,0.00,3.64
18/09/2018 08:30,Weekday,Tuesday,Light_Load,51.59,100.00,70.61,0.00,51.73
31/08/2018 17:45,Weekday,Friday,Medium_Load,28.40,99.41,100.00,3.10,0.22
28/01/2018 02:45,Weekend,Sunday,Light_Load,4.21,100.00,67.43,0.00,4.61
09/09/2018 03:45,Weekend,Sunday,Light_Load,2.95,100.00,45.84,0.00,5.72
09/07/2018 23:30,Weekday,Monday,Light_Load,3.35,100.00,66.72,0.00,3.74
19/06/2018 20:45,Weekday,Tuesday,Medium_Load,32.44,100.00,99.29,0.04,3.89
22/11/2018 10:30,Weekday,Thursday,Maximum_Load,103.50,100.00,93.47,0.00,39.35
17/07/2018 23:30,Weekday,Tuesday,Light_Load,2.70,43.12,100.00,5.65,0.00
28/05/2018 08:15,Weekday,Monday,Light_Load,27.07,100.00,70.62,0.00,27.14
03/08/2018 01:15,Weekday,Friday,Light_Load,2.84,100.00,41.10,0.00,6.30
28/04/2018 19:30,Weekend,Saturday,Medium_Load,3.42,12.71,100.00,26.68,0.00
26/08/2018 00:30,Weekend,Sunday,Light_Load,2.63,100.00,49.88,0.00,4.57
26/04/2018 20:30,Weekday,Thursday,Medium_Load,95.62,100.00,95.15,0.00,30.92
24/09/2018 15:00,Weekday,Monday,Light_Load,3.24,24.32,100.00,12.92,0.00
30/03/2018 11:45,Weekday,Friday,Maximum_Load,63.83,100.00,78.55,0.00,50.29
22/03/2018 05:15,Weekday,Thursday,Light_Load,3.35,100.00,61.90,0.00,4.25
10/08/2018 20:30,Weekday,Friday,Medium_Load,84.46,100.00,92.48,0.00,34.74
03/05/2018 10:45,Weekday,Thursday,Maximum_Load,118.37,100.00,91.68,0.00,51.55
06/07/2018 10:15,Weekday,Friday,Maximum_Load,108.94,100.00,92.66,0.00,44.21
15/05/2018 17:30,Weekday,Tuesday,Medium_Load,101.74,100.00,94.58,0.00,34.92
04/05/2018 22:45,Weekday,Friday,Medium_Load,3.53,100.00,65.89,0.00,4.03
29/03/2018 02:45,Weekday,Thursday,Light_Load,3.56,100.00,60.22,0.00,4.72
22/03/2018 20:00,Weekday,Thursday,Medium_Load,37.48,99.64,99.80,3.20,2.38
14/05/2018 05:45,Weekday,Monday,Light_Load,3.20,100.00,55.87,0.00,4.75
02/03/2018 23:30,Weekday,Friday,Light_Load,5.11,100.00,78.74,0.00,4.00
20/11/2018 05:30,Weekday,Tuesday,Light_Load,2.88,99.63,82.94,0.25,1.94
21/05/2018 21:15,Weekday,Monday,Medium_Load,4.79,21.02,100.00,22.28,0.00
21/06/2018 04:15,Weekday,Thursday,Light_Load,3.13,100.00,54.46,0.00,4.82
11/09/2018 10:15,Weekday,Tuesday,Maximum_Load,125.46,100.00,88.45,0.00,66.17
25/12/2018 14:15,Weekday,Tuesday,Light_Load,3.49,24.35,100.00,13.90,0.00
01/11/2018 13:00,Weekday,Thursday,Medium_Load,6.05,33.67,100.00,16.92,0.00
26/03/2018 19:30,Weekday,Monday,Medium_Load,47.77,100.00,94.08,0.00,17.21
18/03/2018 23:00,Weekend,Sunday,Light_Load,3.02,100.00,65.01,0.00,3.53
27/04/2018 15:00,Weekday,Friday,Maximum_Load,99.43,100.00,91.21,0.00,44.68
18/04/2018 04:45,Weekday,Wednesday,Light_Load,3.02,100.00,70.24,0.00,3.06
12/02/2018 22:00,Weekday,Monday,Medium_Load,34.85,97.73,100.00,7.56,0.00
11/06/2018 19:30,Weekday,Monday,Medium_Load,72.36,100.00,93.71,0.00,26.96
06/05/2018 14:45,Weekend,Sunday,Light_Load,3.78,18.72,100.00,19.84,0.00
19/08/2018 01:00,Weekend,Sunday,Light_Load,2.66,100.00,53.69,0.00,4.18
21/11/2018 09:30,Weekday,Wednesday,Medium_Load,67.43,100.00,90.71,0.00,31.28
05/09/2018 09:45,Weekday,Wednesday,Medium_Load,103.54,100.00,90.02,0.00,50.08
23/07/2018 20:15,Weekday,Monday,Medium_Load,101.09,100.00,94.83,0.00,33.84
01/11/2018 22:30,Weekday,Thursday,Maximum_Load,3.74,100.00,45.40,0.00,7.34
27/02/2018 01:45,Weekday,Tuesday,Light_Load,4.72,100.00,70.19,0.00,4.79
21/04/2018 00:45,Weekend,Saturday,Light_Load,3.46,100.00,74.48,0.00,3.10
18/10/2018 21:30,Weekday,Thursday,Medium_Load,49.57,100.00,95.57,0.11,15.26
21/02/2018 22:30,Weekday,Wednesday,Maximum_Load,52.85,100.00,86.03,0.00,31.32
22/04/2018 00:15,Weekend,Sunday,Light_Load,2.99,100.00,60.65,0.00,3.92
19/08/2018 18:00,Weekend,Sunday,Light_Load,2.74,19.21,100.00,14.00,0.00
21/10/2018 17:45,Weekend,Sunday,Light_Load,2.95,24.89,100.00,11.48,0.00
18/08/2018 03:30,Weekend,Saturday,Light_Load,2.52,100.00,57.35,0.00,3.60
22/01/2018 09:45,Weekday,Monday,Medium_Load,98.89,100.00,89.97,0.00,47.99
25/02/2018 06:15,Weekend,Sunday,Light_Load,4.18,100.00,66.30,0.00,4.72
15/10/2018 01:15,Weekday,Monday,Light_Load,2.88,100.00,49.61,0.00,5.04
20/06/2018 16:00,Weekday,Wednesday,Maximum_Load,62.57,100.00,88.30,0.00,33.26
29/06/2018 13:15,Weekday,Friday,Maximum_Load,32.15,97.47,97.22,7.38,7.74
06/10/2018 03:15,Weekend,Saturday,Light_Load,2.84,100.00,44.22,0.00,5.76
04/06/2018 11:15,Weekday,Monday,Maximum_Load,61.06,100.00,81.41,0.00,43.56
14/12/2018 10:45,Weekday,Friday,Maximum_Load,92.81,100.00,92.54,0.00,38.02
10/02/2018 16:30,Weekend,Saturday,Light_Load,4.57,17.48,100.00,25.74,0.00
24/04/2018 09:00,Weekday,Tuesday,Light_Load,47.09,100.00,95.97,0.04,13.79
19/08/2018 06:30,Weekend,Sunday,Light_Load,2.63,100.00,47.29,0.00,4.90
05/08/2018 21:00,Weekend,Sunday,Light_Load,3.10,18.60,100.00,16.38,0.00
07/08/2018 00:45,Weekday,Tuesday,Light_Load,2.84,100.00,44.47,0.00,5.72
07/03/2018 08:00,Weekday,Wednesday,Light_Load,32.87,100.00,78.19,0.00,26.21
29/11/2018 11:15,Weekday,Thursday,Maximum_Load,55.55,100.00,96.55,0.00,14.98
09/01/2018 13:00,Weekday,Tuesday,Medium_Load,14.62,57.95,100.00,20.56,0.00
04/05/2018 09:00,Weekday,Friday,Light_Load,63.79,100.00,86.81,0.00,36.47
08/01/2018 01:30,Weekday,Monday,Light_Load,3.31,100.00,61.45,0.00,4.25
29/07/2018 05:15,Weekend,Sunday,Light_Load,2.74,100.00,48.58,0.00,4.93
03/04/2018 02:15,Weekday,Tuesday,Light_Load,3.60,100.00,62.47,0.00,4.50
20/07/2018 18:15,Weekday,Friday,Medium_Load,42.01,99.94,90.51,1.44,19.73
20/09/2018 02:15,Weekday,Thursday,Light_Load,2.70,100.00,49.65,0.00,4.72
07/10/2018 10:15,Weekend,Sunday,Light_Load,2.74,22.55,100.00,11.84,0.00
07/12/2018 08:30,Weekday,Friday,Light_Load,60.19,100.00,83.50,0.00,39.67
22/05/2018 03:30,Weekday,Tuesday,Light_Load,3.49,100.00,64.45,0.00,4.14
10/05/2018 11:15,Weekday,Thursday,Maximum_Load,58.75,100.00,81.06,0.00,42.44
16/05/2018 16:15,Weekday,Wednesday,Maximum_Load,95.08,100.00,92.13,0.00,40.14
28/01/2018 06:15,Weekend,Sunday,Light_Load,4.25,100.00,66.68,0.00,4.75
17/02/2018 03:30,Weekend,Saturday,Light_Load,3.17,100.00,61.45,0.00,4.07
05/04/2018 22:15,Weekday,Thursday,Medium_Load,4.14,28.21,90.80,14.08,1.91
21/07/2018 19:00,Weekend,Saturday,Medium_Load,3.53,18.23,100.00,19.04,0.00
01/05/2018 03:15,Weekday,Tuesday,Light_Load,2.92,100.00,54.43,0.00,4.50
06/12/2018 01:15,Weekday,Thursday,Light_Load,3.92,100.00,69.99,0.00,4.00
27/01/2018 22:15,Weekend,Saturday,Maximum_Load,4.28,39.31,94.30,10.01,1.51
11/10/2018 18:15,Weekday,Thursday,Medium_Load,45.40,100.00,93.01,0.00,17.93
29/07/2018 18:30,Weekend,Sunday,Medium_Load,2.81,54.88,100.00,4.28,0.00
26/01/2018 06:30,Weekday,Friday,Light_Load,33.55,100.00,79.80,0.00,25.34
26/08/2018 10:15,Weekend,Sunday,Maximum_Load,6.34,34.37,100.00,17.32,0.00
26/03/2018 18:00,Weekday,Monday,Medium_Load,29.38,92.59,100.00,11.99,0.00
14/11/2018 08:45,Weekday,Wednesday,Light_Load,123.77,100.00,84.10,0.00,79.63
22/06/2018 17:00,Weekday,Friday,Maximum_Load,45.25,100.00,92.06,0.00,19.19
11/06/2018 13:15,Weekday,Monday,Maximum_Load,50.90,99.79,90.07,3.31,24.55
15/02/2018 14:00,Weekday,Thursday,Light_Load,3.31,18.58,100.00,17.50,0.00
14/11/2018 21:15,Weekday,Wednesday,Medium_Load,5.08,27.11,100.00,18.04,0.00
16/07/2018 13:00,Weekday,Monday,Medium_Load,6.16,50.82,100.00,10.44,0.00
23/06/2018 05:30,Weekend,Saturday,Light_Load,2.63,100.00,50.46,0.00,4.50
21/07/2018 02:45,Weekend,Saturday,Light_Load,3.78,64.66,100.00,4.46,0.00
01/03/2018 10:45,Weekday,Thursday,Maximum_Load,75.31,99.99,98.14,1.15,14.72
25/04/2018 00:15,Weekday,Wednesday,Light_Load,3.56,100.00,73.96,0.00,3.24
05/01/2018 21:45,Weekday,Friday,Medium_Load,4.54,16.80,100.00,26.64,0.00
16/11/2018 19:15,Weekday,Friday,Maximum_Load,50.40,100.00,92.01,0.00,21.46
24/01/2018 18:00,Weekday,Wednesday,Maximum_Load,34.38,96.26,100.00,9.68,0.04
27/03/2018 17:15,Weekday,Tuesday,Medium_Load,51.73,100.00,97.92,0.18,10.73
21/03/2018 22:15,Weekday,Wednesday,Medium_Load,8.42,56.55,94.76,12.28,2.84
29/12/2018 13:00,Weekend,Saturday,Light_Load,3.42,24.75,100.00,13.39,0.00
26/09/2018 07:00,Weekday,Wednesday,Light_Load,2.59,100.00,42.10,0.00,5.58
29/01/2018 07:00,Weekday,Monday,Light_Load,4.18,100.00,71.39,0.00,4.10
19/06/2018 07:30,Weekday,Tuesday,Light_Load,3.20,100.00,53.30,0.00,5.08
05/07/2018 21:45,Weekday,Thursday,Medium_Load,4.07,18.40,100.00,21.74,0.00
05/07/2018 23:00,Weekday,Thursday,Medium_Load,4.57,100.00,59.40,0.00,6.19
20/02/2018 08:15,Weekday,Tuesday,Light_Load,46.94,100.00,83.09,0.00,31.43
06/03/2018 01:30,Weekday,Tuesday,Light_Load,6.80,100.00,77.70,0.00,5.51
11/01/2018 23:30,Weekday,Thursday,Light_Load,4.64,100.00,69.58,0.00,4.79
31/01/2018 09:45,Weekday,Wednesday,Medium_Load,67.36,100.00,95.72,0.00,20.38
13/12/2018 20:15,Weekday,Thursday,Medium_Load,61.60,100.00,93.17,0.00,24.01
15/05/2018 13:45,Weekday,Tuesday,Maximum_Load,96.01,100.00,92.27,0.00,40.10
09/11/2018 09:15,Weekday,Friday,Medium_Load,102.89,100.00,87.44,0.00,57.10
12/04/2018 17:45,Weekday,Thursday,Medium_Load,37.04,99.79,99.13,2.41,4.93
27/01/2018 09:30,Weekend,Saturday,Medium_Load,33.12,95.11,100.00,10.76,0.00
01/01/2018 04:30,Weekday,Monday,Light_Load,3.56,100.00,63.95,0.00,4.28
03/02/2018 19:30,Weekend,Saturday,Maximum_Load,41.26,99.97,99.98,1.04,0.83
05/11/2018 19:30,Weekday,Monday,Maximum_Load,52.16,100.00,87.88,0.00,28.33
19/07/2018 18:45,Weekday,Thursday,Medium_Load,99.14,100.00,93.30,0.00,38.23
05/07/2018 01:45,Weekday,Thursday,Light_Load,3.56,100.00,58.23,0.00,4.97
02/06/2018 09:00,Weekend,Saturday,Light_Load,3.31,26.99,100.00,11.81,0.00
28/10/2018 19:15,Weekend,Sunday,Light_Load,2.95,25.18,100.00,11.34,0.00
09/05/2018 16:45,Weekday,Wednesday,Maximum_Load,62.68,100.00,87.78,0.00,34.20
28/08/2018 12:30,Weekday,Tuesday,Medium_Load,4.32,30.19,100.00,13.64,0.00
29/08/2018 10:45,Weekday,Wednesday,Maximum_Load,45.72,100.00,90.11,0.00,22.00
11/06/2018 08:15,Weekday,Monday,Light_Load,41.94,100.00,69.09,0.00,43.88
01/01/2018 02:00,Weekday,Monday,Light_Load,3.60,100.00,64.37,0.00,4.28
24/05/2018 19:15,Weekday,Thursday,Medium_Load,108.14,100.00,94.74,0.00,36.54
12/05/2018 15:30,Weekend,Saturday,Maximum_Load,25.74,95.08,100.00,8.39,0.04
25/03/2018 07:45,Weekend,Sunday,Light_Load,3.06,100.00,64.04,0.00,3.67
29/07/2018 01:30,Weekend,Sunday,Light_Load,2.70,100.00,52.39,0.00,4.39
18/09/2018 20:15,Weekday,Tuesday,Medium_Load,40.93,100.00,94.62,0.00,14.00
24/11/2018 17:30,Weekend,Saturday,Light_Load,4.79,26.30,100.00,17.57,0.00
18/11/2018 05:30,Weekend,Sunday,Light_Load,3.28,100.00,50.95,0.00,5.54
07/06/2018 08:15,Weekday,Thursday,Light_Load,78.26,100.00,80.52,0.00,57.64
23/06/2018 01:15,Weekend,Saturday,Light_Load,3.02,100.00,54.55,0.00,4.64
16/10/2018 01:00,Weekday,Tuesday,Light_Load,3.64,100.00,46.24,0.00,6.98
27/12/2018 14:30,Weekday,Thursday,Medium_Load,61.74,100.00,93.63,0.00,23.15
14/06/2018 23:45,Weekday,Thursday,Light_Load,3.46,100.00,61.30,0.00,4.46
15/06/2018 19:00,Weekday,Friday,Medium_Load,97.99,100.00,92.52,0.00,40.18
03/06/2018 02:30,Weekend,Sunday,Light_Load,2.99,100.00,43.90,0.00,6.12
29/10/2018 12:00,Weekday,Monday,Maximum_Load,87.30,99.95,95.30,2.88,27.76
20/07/2018 14:45,Weekday,Friday,Maximum_Load,60.01,100.00,86.59,0.00,34.67
11/12/2018 12:00,Weekday,Tuesday,Maximum_Load,72.79,100.00,87.70,0.00,39.89
12/11/2018 17:15,Weekday,Monday,Maximum_Load,86.83,100.00,89.43,0.00,43.45
24/02/2018 09:00,Weekend,Saturday,Light_Load,63.11,100.00,98.73,0.11,10.15
26/06/2018 06:00,Weekday,Tuesday,Light_Load,2.63,100.00,56.01,0.00,3.89
22/02/2018 02:30,Weekday,Thursday,Light_Load,6.05,100.00,73.93,0.00,5.51
27/01/2018 00:30,Weekend,Saturday,Light_Load,57.49,100.00,86.74,0.00,32.98
03/01/2018 14:45,Weekday,Wednesday,Medium_Load,66.74,100.00,92.98,0.00,26.42
11/06/2018 23:15,Weekday,Monday,Light_Load,3.67,100.00,57.81,0.00,5.18
21/04/2018 13:15,Weekend,Saturday,Maximum_Load,33.44,95.83,99.41,9.97,3.64
08/11/2018 04:30,Weekday,Thursday,Light_Load,3.13,100.00,51.14,0.00,5.26
20/12/2018 07:30,Weekday,Thursday,Light_Load,4.18,99.55,85.00,0.40,2.59
03/10/2018 18:30,Weekday,Wednesday,Medium_Load,3.49,34.01,100.00,9.65,0.00
21/06/2018 13:15,Weekday,Thursday,Maximum_Load,39.17,99.60,92.97,3.53,15.52
10/01/2018 09:15,Weekday,Wednesday,Medium_Load,109.91,100.00,95.18,0.00,35.42
25/03/2018 11:45,Weekend,Sunday,Maximum_Load,29.59,100.00,95.74,0.00,8.93
12/01/2018 14:30,Weekday,Friday,Medium_Load,132.30,100.00,91.51,0.00,58.28
07/07/2018 06:45,Weekend,Saturday,Light_Load,2.99,100.00,50.21,0.00,5.15
03/09/2018 04:15,Weekday,Monday,Light_Load,2.70,100.00,52.65,0.00,4.36
27/07/2018 05:15,Weekday,Friday,Light_Load,2.84,100.00,43.13,0.00,5.94
09/11/2018 21:15,Weekday,Friday,Medium_Load,16.60,86.61,99.95,9.58,0.54
22/12/2018 09:00,Weekend,Saturday,Light_Load,3.82,20.52,100.00,18.22,0.00
22/08/2018 01:45,Weekday,Wednesday,Light_Load,2.59,100.00,50.81,0.00,4.39
23/09/2018 15:00,Weekend,Sunday,Light_Load,2.81,25.03,100.00,10.87,0.00
06/03/2018 20:00,Weekday,Tuesday,Medium_Load,59.33,100.00,93.54,0.00,22.43
01/03/2018 12:15,Weekday,Thursday,Medium_Load,22.86,92.39,99.73,9.47,1.69
01/07/2018 01:00,Weekend,Sunday,Light_Load,2.81,100.00,57.48,0.00,4.00
13/04/2018 11:45,Weekday,Friday,Maximum_Load,71.42,100.00,84.57,0.00,45.07
07/10/2018 04:45,Weekend,Sunday,Light_Load,2.59,100.00,48.98,0.00,4.61
30/11/2018 18:45,Weekday,Friday,Maximum_Load,45.61,100.00,96.90,0.00,11.63
04/08/2018 17:15,Weekend,Saturday,Light_Load,2.74,15.63,100.00,17.32,0.00
03/08/2018 06:45,Weekday,Friday,Light_Load,2.88,100.00,40.05,0.00,6.59
06/02/2018 04:45,Weekday,Tuesday,Light_Load,4.39,100.00,77.67,0.00,3.56
23/09/2018 21:15,Weekend,Sunday,Light_Load,2.92,25.46,100.00,11.09,0.00
18/01/2018 04:45,Weekday,Thursday,Light_Load,35.89,100.00,79.79,0.00,27.11
24/03/2018 04:30,Weekend,Saturday,Light_Load,3.13,100.00,62.40,0.00,3.92
01/03/2018 12:00,Weekday,Thursday,Maximum_Load,40.97,100.00,85.51,0.00,24.84
31/12/2018 05:30,Weekday,Monday,Light_Load,2.99,99.89,82.48,0.14,2.05
10/09/2018 01:30,Weekday,Monday,Light_Load,2.81,100.00,44.72,0.00,5.62
09/10/2018 14:30,Weekday,Tuesday,Maximum_Load,66.17,100.00,80.03,0.00,49.57
14/10/2018 02:30,Weekend,Sunday,Light_Load,2.92,100.00,49.11,0.00,5.18
28/05/2018 03:15,Weekday,Monday,Light_Load,3.38,100.00,54.65,0.00,5.18
08/11/2018 13:45,Weekday,Thursday,Medium_Load,59.00,100.00,88.99,0.00,30.24
17/12/2018 17:45,Weekday,Monday,Maximum_Load,35.35,98.96,100.00,5.15,0.32
23/07/2018 15:45,Weekday,Monday,Maximum_Load,59.65,100.00,87.36,0.00,33.23
26/12/2018 00:30,Weekday,Wednesday,Light_Load,3.24,100.00,79.41,0.00,2.48
04/02/2018 06:30,Weekend,Sunday,Light_Load,5.90,100.00,70.23,0.00,5.98
06/11/2018 02:45,Weekday,Tuesday,Light_Load,3.67,100.00,46.91,0.00,6.91
27/08/2018 01:00,Weekday,Monday,Light_Load,2.99,100.00,49.99,0.00,5.18
05/11/2018 03:00,Weekday,Monday,Light_Load,3.31,100.00,53.04,0.00,5.29
05/06/2018 16:30,Weekday,Tuesday,Maximum_Load,104.87,100.00,89.97,0.00,50.87
08/05/2018 20:15,Weekday,Tuesday,Medium_Load,50.08,100.00,94.82,0.00,16.78
18/07/2018 14:45,Weekday,Wednesday,Maximum_Load,60.48,100.00,89.70,0.00,29.81
06/09/2018 21:45,Weekday,Thursday,Medium_Load,3.85,23.27,100.00,16.09,0.00
16/04/2018 04:45,Weekday,Monday,Light_Load,3.17,100.00,63.17,0.00,3.89
17/07/2018 08:00,Weekday,Tuesday,Light_Load,3.49,100.00,53.03,0.00,5.58
28/06/2018 07:00,Weekday,Thursday,Light_Load,2.81,100.00,55.52,0.00,4.21
19/08/2018 12:45,Weekend,Sunday,Light_Load,3.82,28.27,100.00,12.96,0.00
10/09/2018 07:30,Weekday,Monday,Light_Load,3.02,100.00,47.14,0.00,5.65
03/11/2018 11:00,Weekend,Saturday,Maximum_Load,92.59,100.00,96.37,0.00,25.67
25/07/2018 16:30,Weekday,Wednesday,Maximum_Load,81.76,100.00,93.09,0.00,32.08
07/10/2018 04:00,Weekend,Sunday,Light_Load,2.74,100.00,46.76,0.00,5.18
25/05/2018 19:00,Weekday,Friday,Medium_Load,32.54,99.79,99.96,2.09,0.94
25/07/2018 01:15,Weekday,Wednesday,Light_Load,3.13,100.00,59.03,0.00,4.28
05/11/2018 17:30,Weekday,Monday,Maximum_Load,62.75,100.00,88.77,0.11,32.54
28/02/2018 21:30,Weekday,Wednesday,Medium_Load,6.16,23.24,100.00,25.78,0.00
31/05/2018 11:45,Weekday,Thursday,Maximum_Load,64.04,100.00,74.73,0.00,56.95
11/07/2018 02:30,Weekday,Wednesday,Light_Load,2.74,100.00,57.59,0.00,3.89
20/02/2018 03:30,Weekday,Tuesday,Light_Load,5.83,100.00,74.95,0.00,5.15
31/08/2018 05:00,Weekday,Friday,Light_Load,2.77,100.00,44.72,0.00,5.54
31/10/2018 14:15,Weekday,Wednesday,Maximum_Load,112.25,100.00,87.95,0.00,60.73
14/12/2018 19:00,Weekday,Friday,Maximum_Load,26.32,94.09,100.00,9.47,0.00
31/07/2018 18:00,Weekday,Tuesday,Medium_Load,4.57,17.63,100.00,25.52,0.00
25/07/2018 22:45,Weekday,Wednesday,Medium_Load,3.24,100.00,64.68,0.00,3.82
17/11/2018 18:30,Weekend,Saturday,Maximum_Load,4.03,39.69,100.00,9.32,0.00
21/03/2018 05:45,Weekday,Wednesday,Light_Load,3.42,100.00,67.78,0.00,3.71
17/02/2018 16:30,Weekend,Saturday,Light_Load,3.64,20.36,100.00,17.50,0.00
01/09/2018 09:30,Weekend,Saturday,Medium_Load,32.90,100.00,96.67,0.00,8.71
12/01/2018 23:15,Weekday,Friday,Light_Load,4.72,100.00,78.62,0.00,3.71
06/02/2018 23:00,Weekday,Tuesday,Maximum_Load,41.11,100.00,82.28,0.00,28.40
06/09/2018 05:00,Weekday,Thursday,Light_Load,3.06,100.00,46.47,0.00,5.83
20/02/2018 15:00,Weekday,Tuesday,Medium_Load,99.58,100.00,96.49,0.00,27.11
29/10/2018 15:30,Weekday,Monday,Maximum_Load,88.96,100.00,92.10,0.00,37.62
28/09/2018 08:30,Weekday,Friday,Light_Load,38.59,100.00,66.47,0.00,43.38
06/12/2018 02:45,Weekday,Thursday,Light_Load,3.38,99.99,77.68,0.04,2.74
02/02/2018 13:45,Weekday,Friday,Medium_Load,47.84,100.00,97.42,0.00,11.09
31/05/2018 23:15,Weekday,Thursday,Light_Load,2.84,100.00,51.32,0.00,4.75
07/04/2018 09:45,Weekend,Saturday,Medium_Load,76.36,100.00,98.92,0.25,11.34
16/06/2018 03:30,Weekend,Saturday,Light_Load,2.84,100.00,48.58,0.00,5.11
25/01/2018 05:30,Weekday,Thursday,Light_Load,37.33,100.00,81.66,0.00,26.39
19/09/2018 02:45,Weekday,Wednesday,Light_Load,2.74,100.00,47.26,0.00,5.11
27/12/2018 22:30,Weekday,Thursday,Maximum_Load,3.85,99.57,81.87,0.36,2.70
25/12/2018 00:45,Weekday,Tuesday,Light_Load,3.89,99.79,79.29,0.25,2.99
07/07/2018 18:45,Weekend,Saturday,Medium_Load,3.49,25.74,100.00,13.10,0.00
15/02/2018 20:15,Weekday,Thursday,Light_Load,3.31,18.44,100.00,17.64,0.00
06/11/2018 04:30,Weekday,Tuesday,Light_Load,3.06,100.00,50.86,0.00,5.18
12/11/2018 12:30,Weekday,Monday,Medium_Load,5.00,28.51,100.00,16.81,0.00
31/01/2018 14:30,Weekday,Wednesday,Medium_Load,143.82,100.00,93.06,0.00,56.56
16/09/2018 12:00,Weekend,Sunday,Light_Load,3.20,35.23,100.00,8.50,0.00
11/04/2018 10:15,Weekday,Wednesday,Maximum_Load,57.92,100.00,90.46,0.00,27.29
06/02/2018 18:15,Weekday,Tuesday,Maximum_Load,92.77,100.00,95.44,0.00,29.02
29/04/2018 22:45,Weekend,Sunday,Light_Load,3.28,100.00,55.94,0.00,4.86
24/09/2018 09:30,Weekday,Monday,Light_Load,2.84,26.25,100.00,10.44,0.00
12/10/2018 11:00,Weekday,Friday,Maximum_Load,51.34,100.00,88.20,0.00,27.43
12/02/2018 16:30,Weekday,Monday,Medium_Load,50.90,99.97,99.53,1.19,4.93
29/03/2018 04:45,Weekday,Thursday,Light_Load,3.53,100.00,58.22,0.00,4.93
31/08/2018 09:15,Weekday,Friday,Medium_Load,113.04,100.00,88.04,0.00,60.88
14/12/2018 17:30,Weekday,Friday,Maximum_Load,62.64,100.00,95.81,0.00,18.72
26/06/2018 11:45,Weekday,Tuesday,Maximum_Load,46.15,100.00,80.68,0.00,33.80
31/03/2018 06:15,Weekend,Saturday,Light_Load,2.74,100.00,57.59,0.00,3.89
26/04/2018 02:15,Weekday,Thursday,Light_Load,3.42,100.00,59.92,0.00,4.57
26/08/2018 05:30,Weekend,Sunday,Light_Load,2.59,100.00,47.87,0.00,4.75
01/04/2018 02:00,Weekend,Sunday,Light_Load,2.84,100.00,57.60,0.00,4.03
06/01/2018 10:15,Weekend,Saturday,Light_Load,4.28,18.04,100.00,23.33,0.00
02/12/2018 01:30,Weekend,Sunday,Light_Load,4.43,100.00,76.41,0.00,3.74
03/08/2018 01:45,Weekday,Friday,Light_Load,2.99,100.00,42.88,0.00,6.30
12/02/2018 15:30,Weekday,Monday,Medium_Load,58.50,100.00,96.72,0.04,15.37
23/08/2018 19:30,Weekday,Thursday,Medium_Load,45.54,100.00,94.40,0.00,15.91
07/06/2018 14:45,Weekday,Thursday,Maximum_Load,82.69,100.00,91.39,0.00,36.72
02/05/2018 19:30,Weekday,Wednesday,Medium_Load,75.13,100.00,96.30,0.00,21.02
12/11/2018 11:00,Weekday,Monday,Maximum_Load,57.71,100.00,90.44,0.00,27.22
23/11/2018 10:00,Weekday,Friday,Medium_Load,75.67,100.00,90.08,0.00,36.47
11/01/2018 13:15,Weekday,Thursday,Medium_Load,95.40,100.00,92.03,0.00,40.54
03/12/2018 14:00,Weekday,Monday,Medium_Load,65.02,100.00,86.95,0.00,36.94
15/05/2018 05:00,Weekday,Tuesday,Light_Load,3.46,100.00,62.16,0.00,4.36
23/09/2018 13:15,Weekend,Sunday,Light_Load,2.77,24.46,100.00,10.98,0.00
07/02/2018 07:00,Weekday,Wednesday,Light_Load,4.75,100.00,66.81,0.00,5.29
22/03/2018 18:30,Weekday,Thursday,Medium_Load,42.23,100.00,89.55,0.00,20.99
05/05/2018 07:00,Weekend,Saturday,Light_Load,2.99,100.00,57.54,0.00,4.25
29/05/2018 08:15,Weekday,Tuesday,Light_Load,30.67,100.00,76.38,0.00,25.92
10/03/2018 14:30,Weekend,Saturday,Maximum_Load,29.09,96.12,100.00,8.35,0.14
04/03/2018 08:45,Weekend,Sunday,Light_Load,3.10,99.68,59.94,0.25,4.14
09/11/2018 05:30,Weekday,Friday,Light_Load,2.88,100.00,57.76,0.00,4.07
13/09/2018 14:30,Weekday,Thursday,Maximum_Load,51.44,100.00,80.82,0.00,37.48
05/12/2018 23:15,Weekday,Wednesday,Light_Load,4.00,99.98,74.70,0.07,3.56
16/04/2018 21:45,Weekday,Monday,Medium_Load,5.36,20.30,100.00,25.85,0.00
01/02/2018 23:30,Weekday,Thursday,Light_Load,105.16,100.00,88.66,0.00,54.86
19/02/2018 11:30,Weekday,Monday,Maximum_Load,61.49,100.00,87.61,0.00,33.84
23/09/2018 10:30,Weekend,Sunday,Light_Load,2.70,23.30,100.00,11.27,0.00
26/05/2018 15:30,Weekend,Saturday,Maximum_Load,36.43,99.96,98.80,1.01,5.69
17/07/2018 13:00,Weekday,Tuesday,Medium_Load,4.25,54.84,100.00,6.48,0.00
04/01/2018 15:15,Weekday,Thursday,Medium_Load,115.49,100.00,94.20,0.00,41.15
20/02/2018 12:00,Weekday,Tuesday,Maximum_Load,88.20,100.00,91.78,0.00,38.16
20/10/2018 05:15,Weekend,Saturday,Light_Load,3.60,100.00,46.57,0.00,6.84
06/02/2018 03:30,Weekday,Tuesday,Light_Load,6.34,100.00,75.30,0.00,5.54
12/07/2018 14:15,Weekday,Thursday,Maximum_Load,39.53,98.24,94.97,7.52,13.03
14/06/2018 10:00,Weekday,Thursday,Medium_Load,45.58,100.00,96.23,0.00,12.89
16/06/2018 09:30,Weekend,Saturday,Medium_Load,24.08,96.99,99.99,6.05,0.25
08/02/2018 14:45,Weekday,Thursday,Medium_Load,85.61,100.00,89.77,0.00,42.01
07/11/2018 02:00,Weekday,Wednesday,Light_Load,2.92,100.00,54.43,0.00,4.50
04/05/2018 18:00,Weekday,Friday,Medium_Load,101.38,100.00,94.36,0.00,35.57
16/04/2018 03:15,Weekday,Monday,Light_Load,3.10,100.00,62.32,0.00,3.89
07/12/2018 22:00,Weekday,Friday,Medium_Load,4.28,20.21,100.00,20.74,0.00
03/01/2018 05:45,Weekday,Wednesday,Light_Load,4.57,100.00,71.80,0.00,4.43
10/04/2018 15:30,Weekday,Tuesday,Maximum_Load,56.74,100.00,92.03,0.00,24.12
12/02/2018 10:15,Weekday,Monday,Maximum_Load,127.87,100.00,91.30,0.00,57.13
13/06/2018 11:15,Weekday,Wednesday,Maximum_Load,105.16,100.00,90.42,0.00,49.68
15/05/2018 21:00,Weekday,Tuesday,Medium_Load,31.46,98.43,99.82,5.65,1.87
18/01/2018 08:15,Weekday,Thursday,Light_Load,53.39,100.00,79.62,0.00,40.57
30/01/2018 14:45,Weekday,Tuesday,Medium_Load,75.64,100.00,91.12,0.00,34.20
12/06/2018 18:30,Weekday,Tuesday,Medium_Load,83.59,100.00,88.68,0.00,43.56
03/11/2018 23:45,Weekend,Saturday,Light_Load,3.28,100.00,52.41,0.00,5.33
05/12/2018 14:30,Weekday,Wednesday,Medium_Load,61.52,100.00,83.26,0.00,40.93
03/11/2018 07:45,Weekend,Saturday,Light_Load,3.31,100.00,55.98,0.00,4.90
26/03/2018 04:45,Weekday,Monday,Light_Load,3.10,100.00,65.99,0.00,3.53
22/06/2018 08:00,Weekday,Friday,Light_Load,8.75,100.00,65.55,0.00,10.08
15/06/2018 00:30,Weekday,Friday,Light_Load,3.53,100.00,57.06,0.00,5.08
22/09/2018 23:00,Weekend,Saturday,Light_Load,2.77,100.00,37.87,0.00,6.77
20/12/2018 05:15,Weekday,Thursday,Light_Load,3.35,99.91,82.44,0.14,2.30
25/07/2018 08:15,Weekday,Wednesday,Light_Load,17.75,100.00,68.73,0.00,18.76
21/11/2018 20:30,Weekday,Wednesday,Medium_Load,98.60,100.00,95.25,0.00,31.54
07/11/2018 17:00,Weekday,Wednesday,Medium_Load,62.06,100.00,86.31,0.00,36.32
26/06/2018 14:45,Weekday,Tuesday,Maximum_Load,55.33,100.00,91.09,0.00,25.06
27/11/2018 23:15,Weekday,Tuesday,Light_Load,23.62,100.00,85.03,0.00,14.62
10/09/2018 23:15,Weekday,Monday,Light_Load,2.63,100.00,46.77,0.00,4.97
19/06/2018 18:15,Weekday,Tuesday,Medium_Load,35.82,99.91,88.37,1.48,18.97
16/02/2018 08:45,Weekday,Friday,Light_Load,3.17,99.90,61.83,0.14,4.03
29/07/2018 17:45,Weekend,Sunday,Medium_Load,2.99,18.11,100.00,16.24,0.00
08/03/2018 04:45,Weekday,Thursday,Light_Load,3.67,100.00,72.76,0.00,3.46
26/07/2018 21:30,Weekday,Thursday,Medium_Load,3.78,21.80,100.00,16.92,0.00
28/01/2018 22:15,Weekend,Sunday,Maximum_Load,4.28,38.28,96.35,10.33,1.19
01/06/2018 15:45,Weekday,Friday,Maximum_Load,41.26,100.00,94.37,0.00,14.47
26/01/2018 14:30,Weekday,Friday,Medium_Load,87.80,100.00,93.78,0.00,32.51
18/02/2018 07:45,Weekend,Sunday,Light_Load,3.10,100.00,64.12,0.00,3.71
12/12/2018 12:00,Weekday,Wednesday,Maximum_Load,49.64,99.93,95.78,1.80,14.90
02/02/2018 15:15,Weekday,Friday,Medium_Load,55.62,100.00,97.87,0.00,11.66
15/08/2018 17:15,Weekday,Wednesday,Medium_Load,5.40,26.91,100.00,19.33,0.00
27/02/2018 15:30,Weekday,Tuesday,Medium_Load,48.56,100.00,94.08,0.00,17.50
02/08/2018 19:00,Weekday,Thursday,Light_Load,2.95,17.68,100.00,16.42,0.00
23/06/2018 15:45,Weekend,Saturday,Maximum_Load,29.12,99.87,99.87,1.51,1.51
03/07/2018 15:15,Weekday,Tuesday,Maximum_Load,67.00,100.00,88.80,0.00,34.70
19/04/2018 18:00,Weekday,Thursday,Medium_Load,29.70,95.60,100.00,9.11,0.00
12/12/2018 12:15,Weekday,Wednesday,Medium_Load,27.97,97.69,100.00,6.12,0.00
28/06/2018 12:00,Weekday,Thursday,Maximum_Load,50.94,100.00,80.55,0.00,37.48
02/10/2018 04:00,Weekday,Tuesday,Light_Load,2.56,100.00,49.78,0.00,4.46
04/10/2018 22:15,Weekday,Thursday,Medium_Load,3.42,99.99,50.34,0.04,5.87
16/01/2018 18:15,Weekday,Tuesday,Maximum_Load,49.79,99.99,86.40,0.54,29.02
08/04/2018 10:00,Weekend,Sunday,Medium_Load,79.09,99.99,98.08,0.94,15.73
03/12/2018 09:45,Weekday,Monday,Medium_Load,66.38,100.00,91.99,0.00,28.30
22/11/2018 08:30,Weekday,Thursday,Light_Load,101.48,100.00,86.44,0.00,59.04
02/11/2018 21:00,Weekday,Friday,Medium_Load,48.02,99.94,89.89,1.73,23.40
19/03/2018 15:00,Weekday,Monday,Maximum_Load,56.41,100.00,90.49,0.00,26.53
12/12/2018 22:45,Weekday,Wednesday,Maximum_Load,4.25,99.95,77.91,0.14,3.42
20/08/2018 05:30,Weekday,Monday,Light_Load,2.59,100.00,47.56,0.00,4.79
08/12/2018 01:15,Weekend,Saturday,Light_Load,5.15,100.00,80.32,0.00,3.82
05/11/2018 04:15,Weekday,Monday,Light_Load,3.64,100.00,50.27,0.00,6.26
05/11/2018 16:45,Weekday,Monday,Medium_Load,54.65,100.00,85.94,0.00,32.51
20/03/2018 19:00,Weekday,Tuesday,Medium_Load,40.28,99.96,99.84,1.12,2.30
09/06/2018 04:15,Weekend,Saturday,Light_Load,2.99,100.00,47.23,0.00,5.58
25/11/2018 06:00,Weekend,Sunday,Light_Load,3.53,100.00,75.14,0.00,3.10
18/09/2018 02:30,Weekday,Tuesday,Light_Load,2.95,100.00,47.94,0.00,5.40
12/06/2018 02:30,Weekday,Tuesday,Light_Load,3.10,100.00,49.03,0.00,5.51
31/08/2018 03:45,Weekday,Friday,Light_Load,2.74,100.00,45.25,0.00,5.40
13/03/2018 13:45,Weekday,Tuesday,Maximum_Load,106.70,100.00,91.75,0.00,46.26
26/06/2018 02:45,Weekday,Tuesday,Light_Load,2.66,100.00,58.69,0.00,3.67
15/02/2018 06:00,Weekday,Thursday,Light_Load,3.42,100.00,56.46,0.00,5.00
19/06/2018 20:30,Weekday,Tuesday,Medium_Load,32.87,100.00,99.00,0.04,4.68
10/12/2018 15:15,Weekday,Monday,Medium_Load,69.62,100.00,90.66,0.00,32.40
12/07/2018 23:30,Weekday,Thursday,Light_Load,2.66,100.00,55.76,0.00,3.96
22/03/2018 19:00,Weekday,Thursday,Medium_Load,43.20,100.00,99.55,0.43,4.10
15/02/2018 21:15,Weekday,Thursday,Light_Load,3.85,16.61,100.00,22.86,0.00
20/05/2018 13:15,Weekend,Sunday,Maximum_Load,6.95,35.95,100.00,18.04,0.00
31/03/2018 17:15,Weekend,Saturday,Light_Load,2.92,16.46,100.00,17.50,0.00
05/02/2018 14:45,Weekday,Monday,Medium_Load,110.41,100.00,96.51,0.00,29.95
26/03/2018 14:30,Weekday,Monday,Maximum_Load,88.16,100.00,96.62,0.00,23.51
05/10/2018 16:15,Weekday,Friday,Maximum_Load,50.40,100.00,91.58,0.00,22.10
31/05/2018 22:00,Weekday,Thursday,Medium_Load,3.67,18.26,100.00,19.76,0.00
31/05/2018 01:00,Weekday,Thursday,Light_Load,2.95,100.00,47.20,0.00,5.51
26/09/2018 07:15,Weekday,Wednesday,Light_Load,2.52,100.00,41.59,0.00,5.51
07/10/2018 21:15,Weekend,Sunday,Light_Load,2.99,22.97,100.00,12.67,0.00
04/11/2018 08:00,Weekend,Sunday,Light_Load,3.17,100.00,47.96,0.00,5.80
26/09/2018 03:30,Weekday,Wednesday,Light_Load,2.63,100.00,43.53,0.00,5.44
18/06/2018 20:00,Weekday,Monday,Medium_Load,37.37,100.00,97.07,0.00,9.25
25/10/2018 02:45,Weekday,Thursday,Light_Load,3.71,100.00,44.72,0.00,7.42
25/06/2018 17:30,Weekday,Monday,Medium_Load,42.44,99.96,95.89,1.15,12.56
10/02/2018 02:45,Weekend,Saturday,Light_Load,6.66,100.00,75.86,0.00,5.72
15/04/2018 19:00,Weekend,Sunday,Light_Load,3.28,18.58,100.00,17.35,0.00
05/01/2018 04:30,Weekday,Friday,Light_Load,4.61,100.00,69.87,0.00,4.72
25/03/2018 18:15,Weekend,Sunday,Medium_Load,3.82,41.44,100.00,8.39,0.00
19/11/2018 21:30,Weekday,Monday,Medium_Load,3.82,17.38,100.00,21.64,0.00
17/02/2018 08:45,Weekend,Saturday,Light_Load,3.20,99.90,56.44,0.14,4.68
21/03/2018 08:00,Weekday,Wednesday,Light_Load,7.27,100.00,80.49,0.00,5.36
07/09/2018 09:45,Weekday,Friday,Medium_Load,103.90,100.00,93.70,0.00,38.74
31/05/2018 16:00,Weekday,Thursday,Maximum_Load,116.93,100.00,93.07,0.00,45.97
01/12/2018 21:15,Weekend,Saturday,Medium_Load,4.75,22.44,100.00,20.63,0.00
12/08/2018 02:00,Weekend,Sunday,Light_Load,2.81,100.00,45.69,0.00,5.47
20/08/2018 00:45,Weekday,Monday,Light_Load,2.95,100.00,54.49,0.00,4.54
02/10/2018 22:00,Weekday,Tuesday,Medium_Load,3.67,22.24,100.00,16.09,0.00
07/03/2018 07:15,Weekday,Wednesday,Light_Load,3.64,100.00,72.88,0.00,3.42
11/08/2018 17:15,Weekend,Saturday,Medium_Load,5.62,22.59,100.00,24.23,0.00
30/10/2018 17:45,Weekday,Tuesday,Medium_Load,30.10,99.60,99.99,2.70,0.43
10/10/2018 06:45,Weekday,Wednesday,Light_Load,2.74,100.00,50.85,0.00,4.64
30/12/2018 20:00,Weekend,Sunday,Light_Load,3.24,21.89,100.00,14.44,0.00
26/07/2018 23:30,Weekday,Thursday,Light_Load,2.74,100.00,46.97,0.00,5.15
20/12/2018 07:00,Weekday,Thursday,Light_Load,4.03,99.69,81.74,0.32,2.84
28/08/2018 14:30,Weekday,Tuesday,Maximum_Load,50.40,100.00,89.24,0.00,25.49
18/11/2018 06:15,Weekend,Sunday,Light_Load,3.35,100.00,50.28,0.00,5.76
20/02/2018 20:15,Weekday,Tuesday,Medium_Load,68.69,100.00,95.91,0.00,20.27
13/09/2018 11:15,Weekday,Thursday,Maximum_Load,50.33,100.00,90.08,0.00,24.26
29/05/2018 09:15,Weekday,Tuesday,Medium_Load,49.18,100.00,89.42,0.00,24.62
20/12/2018 13:45,Weekday,Thursday,Medium_Load,71.50,100.00,91.63,0.00,31.25
18/08/2018 13:30,Weekend,Saturday,Maximum_Load,44.28,100.00,93.26,0.00,17.14
30/05/2018 02:00,Weekday,Wednesday,Light_Load,2.95,100.00,51.89,0.00,4.86
10/07/2018 08:45,Weekday,Tuesday,Light_Load,53.60,100.00,70.38,0.00,54.11
16/03/2018 18:45,Weekday,Friday,Medium_Load,84.53,100.00,93.24,0.00,32.76
15/10/2018 16:45,Weekday,Monday,Maximum_Load,108.32,100.00,88.70,0.00,56.38
07/06/2018 06:00,Weekday,Thursday,Light_Load,2.95,100.00,45.34,0.00,5.80
14/09/2018 22:45,Weekday,Friday,Medium_Load,2.84,100.00,43.98,0.00,5.80
11/11/2018 11:30,Weekend,Sunday,Light_Load,3.02,24.22,100.00,12.10,0.00
25/11/2018 19:00,Weekend,Sunday,Light_Load,2.99,20.24,100.00,14.47,0.00
13/09/2018 04:45,Weekday,Thursday,Light_Load,2.81,100.00,51.80,0.00,4.64
07/01/2018 11:30,Weekend,Sunday,Light_Load,3.42,55.85,100.00,5.08,0.00
07/08/2018 12:45,Weekday,Tuesday,Medium_Load,5.80,34.04,100.00,16.02,0.00
05/07/2018 22:00,Weekday,Thursday,Medium_Load,4.00,18.47,100.00,21.28,0.00
08/12/2018 10:30,Weekend,Saturday,Maximum_Load,31.43,99.17,100.00,4.07,0.29
06/10/2018 23:15,Weekend,Saturday,Light_Load,3.56,100.00,48.96,0.00,6.34
18/11/2018 21:30,Weekend,Sunday,Medium_Load,3.13,25.70,100.00,11.77,0.00
14/06/2018 19:30,Weekday,Thursday,Medium_Load,49.97,100.00,89.32,0.00,25.16
27/07/2018 17:00,Weekday,Friday,Maximum_Load,54.40,100.00,95.20,0.00,17.50
08/02/2018 23:15,Weekday,Thursday,Light_Load,84.24,100.00,86.28,0.00,49.36
04/11/2018 17:30,Weekend,Sunday,Maximum_Load,3.89,21.37,100.00,17.78,0.00
05/07/2018 15:00,Weekday,Thursday,Maximum_Load,47.59,100.00,94.75,0.00,16.06
05/11/2018 23:30,Weekday,Monday,Light_Load,3.78,100.00,48.37,0.00,6.84
04/08/2018 01:45,Weekend,Saturday,Light_Load,3.42,100.00,48.78,0.00,6.12
21/01/2018 04:30,Weekend,Sunday,Light_Load,37.33,100.00,80.24,0.00,27.76
14/07/2018 11:45,Weekend,Saturday,Maximum_Load,38.16,100.00,76.72,0.00,31.90
13/10/2018 10:00,Weekend,Saturday,Medium_Load,37.22,100.00,96.45,0.00,10.19
18/04/2018 22:00,Weekday,Wednesday,Medium_Load,3.89,14.58,100.00,26.39,0.00
20/04/2018 11:00,Weekday,Friday,Maximum_Load,68.69,100.00,88.36,0.00,36.40
19/09/2018 11:00,Weekday,Wednesday,Maximum_Load,43.34,100.00,94.63,0.00,14.80
17/11/2018 11:45,Weekend,Saturday,Maximum_Load,127.98,100.00,90.97,0.00,58.43
04/05/2018 23:00,Weekday,Friday,Medium_Load,3.60,100.00,67.27,0.00,3.96
14/02/2018 20:15,Weekday,Wednesday,Light_Load,3.53,20.50,100.00,16.85,0.00
13/03/2018 08:15,Weekday,Tuesday,Light_Load,21.06,100.00,71.74,0.00,20.45
15/02/2018 07:00,Weekday,Thursday,Light_Load,3.24,100.00,54.38,0.00,5.00
12/12/2018 17:45,Weekday,Wednesday,Maximum_Load,32.90,98.91,100.00,4.90,0.04
14/12/2018 23:45,Weekday,Friday,Light_Load,4.03,99.90,78.98,0.18,3.13
14/06/2018 00:45,Weekday,Thursday,Light_Load,2.84,100.00,54.93,0.00,4.32
01/06/2018 22:00,Weekday,Friday,Medium_Load,3.71,14.64,100.00,25.06,0.00
26/09/2018 04:30,Weekday,Wednesday,Light_Load,2.56,100.00,42.84,0.00,5.40
02/10/2018 17:45,Weekday,Tuesday,Medium_Load,31.03,99.93,99.89,1.15,1.44
31/05/2018 15:45,Weekday,Thursday,Maximum_Load,82.76,100.00,91.26,0.00,37.08
16/10/2018 10:00,Weekday,Tuesday,Medium_Load,114.62,100.00,90.67,0.00,53.32
01/02/2018 09:45,Weekday,Thursday,Medium_Load,79.74,100.00,93.13,0.00,31.18
04/02/2018 20:15,Weekend,Sunday,Light_Load,4.10,22.77,100.00,17.53,0.00
29/05/2018 23:00,Weekday,Tuesday,Medium_Load,3.53,100.00,61.72,0.00,4.50
18/07/2018 17:00,Weekday,Wednesday,Maximum_Load,53.17,100.00,92.69,0.00,21.53
01/01/2018 08:45,Weekday,Monday,Light_Load,3.49,99.87,61.63,0.18,4.46
15/11/2018 11:45,Weekday,Thursday,Maximum_Load,121.64,100.00,88.25,0.00,64.84
12/12/2018 05:15,Weekday,Wednesday,Light_Load,3.46,100.00,80.83,0.00,2.52
28/12/2018 00:30,Weekday,Friday,Light_Load,3.78,99.14,85.03,0.50,2.34
24/11/2018 14:15,Weekend,Saturday,Light_Load,4.57,20.83,100.00,21.46,0.00
15/09/2018 13:30,Weekend,Saturday,Maximum_Load,40.97,100.00,93.98,0.00,14.90
14/08/2018 10:30,Weekday,Tuesday,Maximum_Load,91.80,100.00,88.66,0.00,47.88
17/11/2018 06:00,Weekend,Saturday,Light_Load,3.28,100.00,61.46,0.00,4.21
18/04/2018 07:15,Weekday,Wednesday,Light_Load,3.49,100.00,65.46,0.00,4.03
21/01/2018 21:15,Weekend,Sunday,Light_Load,4.28,21.09,100.00,19.84,0.00
14/07/2018 12:00,Weekend,Saturday,Maximum_Load,24.59,100.00,76.01,0.00,21.02
22/02/2018 14:00,Weekday,Thursday,Medium_Load,110.48,100.00,94.36,0.00,38.77
25/10/2018 08:00,Weekday,Thursday,Light_Load,5.90,100.00,66.93,0.00,6.55
06/11/2018 16:15,Weekday,Tuesday,Medium_Load,58.64,100.00,85.31,0.00,35.86
18/12/2018 23:15,Weekday,Tuesday,Light_Load,4.14,99.96,77.46,0.11,3.38
05/02/2018 05:00,Weekday,Monday,Light_Load,4.43,100.00,68.74,0.00,4.68
11/02/2018 07:15,Weekend,Sunday,Light_Load,3.60,100.00,73.21,0.00,3.35
18/12/2018 09:45,Weekday,Tuesday,Medium_Load,77.72,100.00,88.85,0.00,40.14
01/06/2018 09:30,Weekday,Friday,Medium_Load,58.90,100.00,90.67,0.00,27.40
19/04/2018 05:30,Weekday,Thursday,Light_Load,3.53,100.00,67.20,0.00,3.89
10/02/2018 21:00,Weekend,Saturday,Light_Load,4.57,18.40,100.00,24.41,0.00
18/10/2018 18:30,Weekday,Thursday,Medium_Load,38.84,100.00,88.72,0.00,20.20
02/04/2018 22:15,Weekday,Monday,Medium_Load,3.96,25.62,90.42,14.94,1.87
12/05/2018 13:00,Weekend,Saturday,Medium_Load,4.07,15.73,100.00,25.56,0.00
17/03/2018 05:15,Weekend,Saturday,Light_Load,3.13,100.00,68.27,0.00,3.35
04/05/2018 05:30,Weekday,Friday,Light_Load,2.95,100.00,61.52,0.00,3.78
05/11/2018 14:45,Weekday,Monday,Medium_Load,45.68,100.00,87.56,0.00,25.20
26/08/2018 04:15,Weekend,Sunday,Light_Load,2.84,100.00,55.29,0.00,4.28
05/03/2018 02:15,Weekday,Monday,Light_Load,3.06,100.00,61.83,0.00,3.89
15/06/2018 15:15,Weekday,Friday,Maximum_Load,62.64,100.00,86.16,0.00,36.90
02/04/2018 17:30,Weekday,Monday,Medium_Load,59.83,100.00,94.22,0.36,21.28
20/03/2018 12:30,Weekday,Tuesday,Medium_Load,5.36,19.80,100.00,26.53,0.00
03/12/2018 10:00,Weekday,Monday,Medium_Load,56.88,100.00,90.91,0.00,26.06
01/07/2018 14:30,Weekend,Sunday,Light_Load,2.99,16.95,100.00,17.39,0.00
19/01/2018 22:45,Weekday,Friday,Maximum_Load,91.80,100.00,90.11,0.00,44.17
31/12/2018 04:15,Weekday,Monday,Light_Load,3.74,99.96,76.99,0.11,3.10
11/12/2018 18:00,Weekday,Tuesday,Maximum_Load,31.25,99.80,99.30,1.98,3.71
30/03/2018 10:00,Weekday,Friday,Medium_Load,68.36,100.00,86.53,0.00,39.60
22/03/2018 00:45,Weekday,Thursday,Light_Load,3.92,100.00,63.33,0.00,4.79
11/05/2018 01:15,Weekday,Friday,Light_Load,3.64,100.00,68.70,0.00,3.85
12/11/2018 19:15,Weekday,Monday,Maximum_Load,108.50,100.00,94.35,0.00,38.09
08/01/2018 19:00,Weekday,Monday,Maximum_Load,117.14,100.00,93.00,0.00,46.30
09/06/2018 18:00,Weekend,Saturday,Light_Load,3.06,18.44,100.00,16.31,0.00
09/12/2018 01:15,Weekend,Sunday,Light_Load,3.78,99.99,74.15,0.04,3.42
28/09/2018 00:45,Weekday,Friday,Light_Load,2.84,100.00,46.55,0.00,5.40
30/03/2018 07:30,Weekday,Friday,Light_Load,3.28,100.00,65.54,0.00,3.78
09/07/2018 22:45,Weekday,Monday,Medium_Load,3.46,100.00,62.87,0.00,4.28
01/12/2018 18:30,Weekend,Saturday,Maximum_Load,5.40,37.67,100.00,13.28,0.00
30/03/2018 05:15,Weekday,Friday,Light_Load,2.92,100.00,62.26,0.00,3.67
22/09/2018 16:30,Weekend,Saturday,Light_Load,2.84,25.34,100.00,10.84,0.00
21/01/2018 00:30,Weekend,Sunday,Light_Load,38.09,100.00,79.33,0.00,29.23
26/07/2018 19:00,Weekday,Thursday,Medium_Load,60.91,100.00,92.84,0.00,24.37
15/07/2018 08:00,Weekend,Sunday,Light_Load,8.86,100.00,68.74,0.00,9.36
07/03/2018 02:15,Weekday,Wednesday,Light_Load,3.13,100.00,73.12,0.00,2.92
04/12/2018 19:00,Weekday,Tuesday,Maximum_Load,41.65,100.00,96.82,0.00,10.76
02/05/2018 12:45,Weekday,Wednesday,Medium_Load,5.98,22.54,100.00,25.85,0.00
06/03/2018 10:45,Weekday,Tuesday,Maximum_Load,71.21,100.00,93.17,0.00,27.76
03/05/2018 00:00,Weekday,Thursday,Light_Load,3.53,100.00,71.82,0.00,3.42
23/09/2018 02:45,Weekend,Sunday,Light_Load,2.84,100.00,41.87,0.00,6.16
05/10/2018 07:30,Weekday,Friday,Light_Load,2.99,100.00,49.21,0.00,5.29
04/10/2018 17:00,Weekday,Thursday,Maximum_Load,51.95,100.00,84.62,0.00,32.72
16/04/2018 00:00,Weekday,Monday,Light_Load,3.71,100.00,70.71,0.00,3.71
21/04/2018 05:00,Weekend,Saturday,Light_Load,3.02,100.00,63.13,0.00,3.71
13/12/2018 01:30,Weekday,Thursday,Light_Load,4.18,99.82,81.06,0.25,3.02
20/08/2018 09:45,Weekday,Monday,Medium_Load,111.31,100.00,87.32,0.00,62.14
06/04/2018 08:45,Weekday,Friday,Light_Load,57.64,100.00,78.25,0.00,45.86
07/06/2018 09:15,Weekday,Thursday,Medium_Load,105.48,100.00,92.19,0.00,44.32
04/02/2018 08:45,Weekend,Sunday,Light_Load,4.61,99.70,67.79,0.36,5.00
09/11/2018 01:00,Weekday,Friday,Light_Load,3.38,100.00,53.06,0.00,5.40
26/07/2018 11:30,Weekday,Thursday,Maximum_Load,45.58,100.00,81.90,0.00,31.93
24/09/2018 20:00,Weekday,Monday,Light_Load,2.92,23.79,100.00,11.92,0.00
05/08/2018 06:00,Weekend,Sunday,Light_Load,2.81,100.00,42.53,0.00,5.98
23/11/2018 06:45,Weekday,Friday,Light_Load,2.92,98.57,86.55,0.50,1.69
09/12/2018 08:45,Weekend,Sunday,Light_Load,3.82,57.26,93.25,5.47,1.48
28/10/2018 07:15,Weekend,Sunday,Light_Load,2.81,100.00,47.90,0.00,5.15
13/09/2018 13:45,Weekday,Thursday,Maximum_Load,58.18,100.00,85.34,0.00,35.53
17/10/2018 14:45,Weekday,Wednesday,Maximum_Load,74.16,100.00,82.95,0.00,49.93
06/03/2018 06:30,Weekday,Tuesday,Light_Load,4.61,100.00,66.98,0.00,5.11
30/10/2018 01:45,Weekday,Tuesday,Light_Load,3.71,100.00,46.16,0.00,7.13
06/08/2018 09:00,Weekday,Monday,Light_Load,83.81,100.00,89.75,0.00,41.18
31/03/2018 18:30,Weekend,Saturday,Light_Load,3.38,38.23,100.00,8.17,0.00
16/04/2018 23:30,Weekday,Monday,Light_Load,3.78,100.00,71.75,0.00,3.67
16/02/2018 20:15,Weekday,Friday,Light_Load,3.31,18.12,100.00,17.96,0.00
01/04/2018 21:00,Weekend,Sunday,Light_Load,3.42,15.42,100.00,21.92,0.00
30/07/2018 05:00,Weekday,Monday,Light_Load,2.74,100.00,47.47,0.00,5.08
24/02/2018 10:15,Weekend,Saturday,Maximum_Load,76.21,100.00,99.19,0.68,9.76
15/05/2018 09:15,Weekday,Tuesday,Medium_Load,67.50,100.00,89.83,0.00,33.01
19/11/2018 10:45,Weekday,Monday,Maximum_Load,61.31,100.00,89.31,0.00,30.89
27/02/2018 03:30,Weekday,Tuesday,Light_Load,3.85,100.00,74.38,0.00,3.46
13/10/2018 08:30,Weekend,Saturday,Light_Load,51.98,100.00,69.42,0.00,53.89
15/02/2018 18:00,Weekday,Thursday,Light_Load,3.35,19.03,100.00,17.28,0.00
16/03/2018 00:00,Weekday,Friday,Light_Load,3.60,100.00,67.92,0.00,3.89
14/03/2018 07:00,Weekday,Wednesday,Light_Load,3.71,100.00,62.70,0.00,4.61
23/02/2018 12:45,Weekday,Friday,Medium_Load,7.88,29.58,100.00,25.45,0.00
14/05/2018 06:15,Weekday,Monday,Light_Load,3.24,100.00,59.65,0.00,4.36
24/06/2018 13:45,Weekend,Sunday,Maximum_Load,29.34,99.94,99.87,1.04,1.48
29/08/2018 13:45,Weekday,Wednesday,Maximum_Load,50.40,100.00,91.07,0.00,22.86
23/07/2018 02:45,Weekday,Monday,Light_Load,2.92,54.43,100.00,4.50,0.00
01/11/2018 13:15,Weekday,Thursday,Medium_Load,49.64,99.34,91.42,5.72,22.00
26/08/2018 15:15,Weekend,Sunday,Maximum_Load,6.12,37.14,100.00,15.30,0.00
13/02/2018 15:30,Weekday,Tuesday,Medium_Load,54.72,100.00,97.38,0.00,12.78
16/12/2018 18:45,Weekend,Sunday,Maximum_Load,5.72,25.80,100.00,21.42,0.00
15/10/2018 17:30,Weekday,Monday,Medium_Load,99.90,100.00,94.01,0.00,36.22
06/06/2018 10:30,Weekday,Wednesday,Maximum_Load,43.16,100.00,91.66,0.00,18.83
25/03/2018 11:00,Weekend,Sunday,Maximum_Load,31.50,97.63,100.00,6.98,0.04
02/03/2018 21:00,Weekday,Friday,Medium_Load,35.24,99.30,99.84,4.18,2.02
05/12/2018 15:30,Weekday,Wednesday,Medium_Load,87.16,100.00,93.34,0.00,33.52
20/10/2018 18:30,Weekend,Saturday,Medium_Load,10.51,77.25,97.88,8.64,2.20
15/07/2018 07:45,Weekend,Sunday,Light_Load,3.67,100.00,60.82,0.00,4.79
01/12/2018 13:15,Weekend,Saturday,Medium_Load,11.30,63.30,100.00,13.82,0.07
24/02/2018 07:00,Weekend,Saturday,Light_Load,3.96,100.00,74.37,0.00,3.56
20/05/2018 21:45,Weekend,Sunday,Medium_Load,3.46,21.34,100.00,15.84,0.00
09/01/2018 08:15,Weekday,Tuesday,Light_Load,99.43,100.00,85.74,0.00,59.69
08/03/2018 05:00,Weekday,Thursday,Light_Load,3.10,100.00,78.09,0.00,2.48
16/08/2018 00:45,Weekday,Thursday,Light_Load,2.70,100.00,45.46,0.00,5.29
22/02/2018 12:15,Weekday,Thursday,Medium_Load,18.86,71.86,91.49,18.25,8.32
09/03/2018 01:15,Weekday,Friday,Light_Load,4.90,100.00,81.14,0.00,3.53
20/03/2018 14:30,Weekday,Tuesday,Maximum_Load,60.16,100.00,91.58,0.00,26.39
01/07/2018 05:45,Weekend,Sunday,Light_Load,2.81,100.00,60.07,0.00,3.74
18/01/2018 21:00,Weekday,Thursday,Medium_Load,72.43,100.00,97.72,0.32,15.73
27/07/2018 21:30,Weekday,Friday,Medium_Load,4.36,23.82,100.00,17.78,0.00
29/09/2018 12:45,Weekend,Saturday,Medium_Load,3.38,27.60,100.00,11.77,0.00
13/06/2018 14:00,Weekday,Wednesday,Maximum_Load,7.49,30.78,100.00,23.15,0.00
19/01/2018 03:30,Weekday,Friday,Light_Load,63.11,100.00,86.93,0.00,35.89
16/04/2018 03:00,Weekday,Monday,Light_Load,3.13,100.00,61.63,0.00,4.00
01/09/2018 22:00,Weekend,Saturday,Medium_Load,2.81,24.13,100.00,11.30,0.00
21/02/2018 19:45,Weekday,Wednesday,Maximum_Load,65.41,99.96,99.38,1.80,7.34
29/04/2018 23:15,Weekend,Sunday,Light_Load,2.81,100.00,56.16,0.00,4.14
02/12/2018 07:45,Weekend,Sunday,Light_Load,3.46,100.00,69.29,0.00,3.60
21/07/2018 17:30,Weekend,Saturday,Medium_Load,3.78,15.74,100.00,23.72,0.00
08/04/2018 18:15,Weekend,Sunday,Medium_Load,3.82,37.65,100.00,9.40,0.00
24/02/2018 09:15,Weekend,Saturday,Medium_Load,88.38,100.00,98.99,0.04,12.67
21/07/2018 13:45,Weekend,Saturday,Maximum_Load,37.73,100.00,89.88,0.00,18.40
04/02/2018 01:15,Weekend,Sunday,Light_Load,15.62,100.00,76.19,0.00,13.28
08/03/2018 14:15,Weekday,Thursday,Maximum_Load,73.04,100.00,91.06,0.00,33.16
07/03/2018 20:00,Weekday,Wednesday,Medium_Load,5.26,19.15,100.00,26.96,0.00
14/09/2018 10:00,Weekday,Friday,Medium_Load,39.60,100.00,90.12,0.00,19.04
27/12/2018 01:15,Weekday,Thursday,Light_Load,3.67,99.98,76.09,0.07,3.13
02/04/2018 07:30,Weekday,Monday,Light_Load,3.85,100.00,66.53,0.00,4.32
03/02/2018 07:30,Weekend,Saturday,Light_Load,4.03,100.00,74.21,0.00,3.64
09/01/2018 07:00,Weekday,Tuesday,Light_Load,4.57,100.00,76.15,0.00,3.89
21/09/2018 03:45,Weekday,Friday,Light_Load,2.84,100.00,48.58,0.00,5.11
23/01/2018 11:30,Weekday,Tuesday,Maximum_Load,65.12,100.00,86.72,0.00,37.40
28/12/2018 10:15,Weekday,Friday,Maximum_Load,55.91,100.00,93.26,0.00,21.64
14/02/2018 01:00,Weekday,Wednesday,Light_Load,86.51,100.00,90.15,0.00,41.54
22/07/2018 00:00,Weekend,Sunday,Light_Load,2.88,52.74,100.00,4.64,0.00
03/12/2018 12:00,Weekday,Monday,Maximum_Load,35.35,99.30,98.96,4.21,5.15
01/10/2018 01:45,Weekday,Monday,Light_Load,2.66,100.00,46.68,0.00,5.04
05/11/2018 23:00,Weekday,Monday,Maximum_Load,4.86,100.00,51.97,0.00,7.99
10/04/2018 18:30,Weekday,Tuesday,Medium_Load,44.60,100.00,81.49,0.00,31.72
22/03/2018 00:15,Weekday,Thursday,Light_Load,3.89,100.00,61.10,0.00,5.04
23/02/2018 21:45,Weekday,Friday,Medium_Load,35.32,99.01,100.00,5.00,0.11
21/10/2018 14:45,Weekend,Sunday,Light_Load,3.06,26.44,100.00,11.16,0.00
06/08/2018 15:30,Weekday,Monday,Maximum_Load,46.51,100.00,96.85,0.00,11.95
12/07/2018 18:45,Weekday,Thursday,Medium_Load,56.92,100.00,89.00,0.00,29.16
16/07/2018 02:00,Weekday,Monday,Light_Load,2.95,53.00,100.00,4.72,0.00
23/02/2018 14:30,Weekday,Friday,Medium_Load,74.20,100.00,94.31,0.00,26.17
12/01/2018 13:00,Weekday,Friday,Medium_Load,12.20,44.24,100.00,24.73,0.00
06/05/2018 09:45,Weekend,Sunday,Light_Load,3.17,18.19,100.00,17.14,0.00
11/01/2018 03:00,Weekday,Thursday,Light_Load,4.61,100.00,73.84,0.00,4.21
30/07/2018 10:30,Weekday,Monday,Maximum_Load,50.76,100.00,95.19,0.00,16.34
01/07/2018 17:15,Weekend,Sunday,Light_Load,2.99,16.88,100.00,17.46,0.00
25/03/2018 22:30,Weekend,Sunday,Medium_Load,3.13,100.00,63.38,0.00,3.82
01/09/2018 21:45,Weekend,Saturday,Medium_Load,2.81,22.82,100.00,11.99,0.00
08/05/2018 14:15,Weekday,Tuesday,Maximum_Load,58.36,100.00,90.54,0.00,27.36
09/11/2018 06:30,Weekday,Friday,Light_Load,2.84,100.00,55.92,0.00,4.21
10/05/2018 12:00,Weekday,Thursday,Maximum_Load,56.41,100.00,83.32,0.00,37.44
30/11/2018 00:45,Weekday,Friday,Light_Load,4.00,100.00,64.10,0.00,4.79
23/07/2018 20:45,Weekday,Monday,Medium_Load,61.38,100.00,95.85,0.00,18.25
22/01/2018 19:00,Weekday,Monday,Maximum_Load,65.63,100.00,91.27,0.00,29.38
17/05/2018 01:45,Weekday,Thursday,Light_Load,3.74,100.00,57.22,0.00,5.36
17/11/2018 11:00,Weekend,Saturday,Maximum_Load,106.49,100.00,94.72,0.00,36.04
21/05/2018 16:45,Weekday,Monday,Maximum_Load,69.73,100.00,86.18,0.00,41.04
24/09/2018 08:45,Weekday,Monday,Light_Load,2.74,82.04,68.93,1.91,2.88
06/05/2018 08:45,Weekend,Sunday,Light_Load,2.95,100.00,60.13,0.00,3.92
12/11/2018 06:15,Weekday,Monday,Light_Load,2.74,100.00,66.23,0.00,3.10
18/02/2018 01:15,Weekend,Sunday,Light_Load,3.10,100.00,64.12,0.00,3.71
14/06/2018 03:45,Weekday,Thursday,Light_Load,2.81,100.00,55.15,0.00,4.25
29/05/2018 02:30,Weekday,Tuesday,Light_Load,3.02,100.00,50.88,0.00,5.11
23/05/2018 09:45,Weekday,Wednesday,Medium_Load,95.65,100.00,94.24,0.00,33.95
02/06/2018 18:15,Weekend,Saturday,Light_Load,3.60,57.82,100.00,5.08,0.00
10/08/2018 04:45,Weekday,Friday,Light_Load,2.63,100.00,53.25,0.00,4.18
28/12/2018 23:45,Weekday,Friday,Light_Load,4.86,100.00,86.03,0.00,2.88
31/03/2018 11:30,Weekend,Saturday,Light_Load,2.84,47.79,100.00,5.22,0.00
06/06/2018 03:30,Weekday,Wednesday,Light_Load,3.02,100.00,49.79,0.00,5.26
12/09/2018 06:15,Weekday,Wednesday,Light_Load,2.92,100.00,49.32,0.00,5.15
12/09/2018 03:30,Weekday,Wednesday,Light_Load,3.20,100.00,47.86,0.00,5.87
11/10/2018 03:45,Weekday,Thursday,Light_Load,3.06,100.00,44.49,0.00,6.16
17/11/2018 23:45,Weekend,Saturday,Light_Load,3.13,100.00,55.27,0.00,4.72
23/07/2018 00:30,Weekday,Monday,Light_Load,2.95,53.32,100.00,4.68,0.00
05/03/2018 21:45,Weekday,Monday,Medium_Load,7.45,28.77,100.00,24.80,0.00
22/10/2018 04:45,Weekday,Monday,Light_Load,2.92,100.00,46.37,0.00,5.58
21/01/2018 12:15,Weekend,Sunday,Light_Load,5.08,24.72,100.00,19.91,0.00
01/05/2018 01:15,Weekday,Tuesday,Light_Load,3.20,100.00,58.30,0.00,4.46
25/07/2018 23:15,Weekday,Wednesday,Light_Load,2.66,100.00,57.55,0.00,3.78
02/02/2018 13:30,Weekday,Friday,Medium_Load,48.42,100.00,98.34,0.00,8.93
02/06/2018 20:30,Weekend,Saturday,Light_Load,3.71,20.26,100.00,17.93,0.00
06/12/2018 23:30,Weekday,Thursday,Light_Load,4.00,100.00,73.04,0.04,3.74
12/02/2018 03:30,Weekday,Monday,Light_Load,4.28,100.00,69.48,0.00,4.43
16/07/2018 05:30,Weekday,Monday,Light_Load,2.77,100.00,48.46,0.00,5.00
04/05/2018 15:15,Weekday,Friday,Maximum_Load,43.20,100.00,95.60,0.00,13.25
20/06/2018 09:30,Weekday,Wednesday,Medium_Load,109.08,100.00,91.48,0.00,48.17
29/11/2018 04:15,Weekday,Thursday,Light_Load,4.07,100.00,64.52,0.00,4.82
20/02/2018 08:00,Weekday,Tuesday,Light_Load,6.84,100.00,82.76,0.00,4.64
04/02/2018 13:00,Weekend,Sunday,Light_Load,5.11,24.04,100.00,20.63,0.00
06/09/2018 18:00,Weekday,Thursday,Medium_Load,29.20,99.98,97.39,0.61,6.80
30/09/2018 02:30,Weekend,Sunday,Light_Load,2.56,100.00,49.78,0.00,4.46
03/08/2018 08:30,Weekday,Friday,Light_Load,2.74,100.00,42.53,0.00,5.83
15/04/2018 03:30,Weekend,Sunday,Light_Load,3.13,100.00,62.01,0.00,3.96
22/02/2018 10:45,Weekday,Thursday,Maximum_Load,89.10,100.00,94.93,0.00,29.52
10/02/2018 01:00,Weekend,Saturday,Light_Load,63.58,100.00,85.87,0.00,37.94
03/02/2018 03:00,Weekend,Saturday,Light_Load,6.05,100.00,75.96,0.00,5.18
20/11/2018 13:30,Weekday,Tuesday,Medium_Load,53.24,100.00,91.11,0.00,24.08
12/02/2018 17:30,Weekday,Monday,Maximum_Load,66.71,100.00,95.17,0.00,21.53
27/09/2018 03:30,Weekday,Thursday,Light_Load,2.81,100.00,42.35,0.00,6.01
14/08/2018 18:45,Weekday,Tuesday,Medium_Load,85.03,100.00,91.11,0.00,38.48
19/04/2018 20:15,Weekday,Thursday,Medium_Load,39.82,99.99,99.52,0.58,3.92
06/10/2018 21:30,Weekend,Saturday,Medium_Load,3.49,19.22,100.00,17.82,0.00
22/02/2018 19:15,Weekday,Thursday,Maximum_Load,130.86,100.00,91.80,0.00,56.52
11/07/2018 18:45,Weekday,Wednesday,Medium_Load,43.92,100.00,94.14,0.04,15.73
28/11/2018 01:45,Weekday,Wednesday,Light_Load,23.62,100.00,84.04,0.00,15.23
13/05/2018 02:00,Weekend,Sunday,Light_Load,3.46,100.00,64.13,0.00,4.14
29/08/2018 22:00,Weekday,Wednesday,Medium_Load,3.74,28.09,100.00,12.78,0.00
26/10/2018 13:30,Weekday,Friday,Maximum_Load,66.02,100.00,85.47,0.00,40.10
24/01/2018 17:15,Weekday,Wednesday,Maximum_Load,74.59,100.00,94.07,0.00,26.89
17/05/2018 05:45,Weekday,Thursday,Light_Load,3.13,100.00,49.19,0.00,5.54
24/06/2018 04:45,Weekend,Sunday,Light_Load,2.56,100.00,60.38,0.00,3.38
18/11/2018 05:15,Weekend,Sunday,Light_Load,3.31,100.00,48.93,0.00,5.90
16/12/2018 12:00,Weekend,Sunday,Maximum_Load,11.81,59.34,99.85,16.02,0.65
05/12/2018 07:00,Weekday,Wednesday,Light_Load,3.85,99.89,78.28,0.18,3.06
10/02/2018 15:30,Weekend,Saturday,Light_Load,4.57,16.99,100.00,26.50,0.00
17/05/2018 01:30,Weekday,Thursday,Light_Load,3.20,100.00,53.07,0.00,5.11
18/07/2018 00:00,Weekday,Wednesday,Light_Load,3.38,54.35,100.00,5.22,0.00
04/02/2018 13:45,Weekend,Sunday,Light_Load,4.97,18.66,100.00,26.17,0.00
30/12/2018 16:30,Weekend,Sunday,Light_Load,3.35,23.15,100.00,14.08,0.00
16/08/2018 07:45,Weekday,Thursday,Light_Load,4.10,100.00,65.34,0.00,4.75
27/07/2018 08:00,Weekday,Friday,Light_Load,3.96,100.00,64.03,0.00,4.75
12/01/2018 19:30,Weekday,Friday,Maximum_Load,120.53,100.00,92.20,0.00,50.62
09/12/2018 00:15,Weekend,Sunday,Light_Load,3.74,99.96,76.28,0.11,3.17
28/12/2018 18:15,Weekday,Friday,Maximum_Load,5.08,40.67,100.00,11.41,0.00
15/01/2018 22:30,Weekday,Monday,Maximum_Load,4.79,100.00,60.77,0.00,6.26
23/06/2018 20:45,Weekend,Saturday,Medium_Load,2.92,16.49,100.00,17.46,0.00
06/11/2018 13:45,Weekday,Tuesday,Medium_Load,60.34,100.00,86.73,0.00,34.63
08/12/2018 04:45,Weekend,Saturday,Light_Load,3.42,100.00,78.04,0.00,2.74
17/12/2018 17:30,Weekday,Monday,Maximum_Load,52.99,100.00,94.55,0.11,18.25
20/10/2018 09:00,Weekend,Saturday,Light_Load,39.92,100.00,95.39,0.00,12.56
06/03/2018 03:15,Weekday,Tuesday,Light_Load,4.68,100.00,63.32,0.00,5.72
05/03/2018 05:00,Weekday,Monday,Light_Load,3.06,100.00,60.76,0.00,4.00
23/01/2018 07:30,Weekday,Tuesday,Light_Load,41.83,100.00,81.77,0.00,29.45
02/09/2018 00:45,Weekend,Sunday,Light_Load,2.66,100.00,49.10,0.00,4.72
06/07/2018 17:00,Weekday,Friday,Maximum_Load,102.89,100.00,94.07,0.00,37.12
20/03/2018 21:00,Weekday,Tuesday,Medium_Load,33.84,99.15,99.98,4.43,0.72
22/08/2018 03:00,Weekday,Wednesday,Light_Load,2.95,100.00,57.02,0.00,4.25
09/12/2018 03:45,Weekend,Sunday,Light_Load,3.06,99.90,82.58,0.14,2.09
29/05/2018 01:30,Weekday,Tuesday,Light_Load,3.02,100.00,50.37,0.00,5.18
18/02/2018 14:30,Weekend,Sunday,Light_Load,3.49,19.53,100.00,17.53,0.00
28/03/2018 06:00,Weekday,Wednesday,Light_Load,3.02,100.00,69.43,0.00,3.13
13/09/2018 11:45,Weekday,Thursday,Maximum_Load,56.45,100.00,86.54,0.00,32.69
14/07/2018 15:45,Weekend,Saturday,Maximum_Load,84.28,100.00,98.88,0.00,12.74
20/10/2018 07:00,Weekend,Saturday,Light_Load,2.84,100.00,50.15,0.00,4.90
28/03/2018 08:45,Weekday,Wednesday,Light_Load,51.05,100.00,76.84,0.00,42.52
05/02/2018 06:00,Weekday,Monday,Light_Load,4.36,100.00,70.71,0.00,4.36
16/05/2018 17:15,Weekday,Wednesday,Medium_Load,103.57,100.00,92.82,0.00,41.51
16/07/2018 06:15,Weekday,Monday,Light_Load,2.92,100.00,51.19,0.00,4.90
03/11/2018 15:45,Weekend,Saturday,Medium_Load,30.96,99.92,99.99,1.26,0.40
14/08/2018 14:15,Weekday,Tuesday,Maximum_Load,74.48,100.00,89.73,0.00,36.65
26/01/2018 09:00,Weekday,Friday,Light_Load,80.71,100.00,90.14,0.00,38.77
14/06/2018 10:45,Weekday,Thursday,Maximum_Load,92.74,100.00,95.72,0.00,28.04
22/02/2018 04:45,Weekday,Thursday,Light_Load,3.96,100.00,73.35,0.00,3.67
24/06/2018 15:30,Weekend,Sunday,Maximum_Load,28.19,99.84,99.98,1.62,0.50
05/01/2018 01:00,Weekday,Friday,Light_Load,4.72,100.00,64.58,0.00,5.58
06/05/2018 08:15,Weekend,Sunday,Light_Load,2.88,100.00,60.20,0.00,3.82
13/03/2018 18:15,Weekday,Tuesday,Medium_Load,37.26,99.99,87.91,0.61,20.20
19/12/2018 14:45,Weekday,Wednesday,Medium_Load,105.48,100.00,91.80,0.00,45.58
26/03/2018 09:30,Weekday,Monday,Medium_Load,99.25,100.00,97.39,0.00,23.11
21/08/2018 23:30,Weekday,Tuesday,Light_Load,2.59,100.00,54.35,0.00,4.00
06/01/2018 14:45,Weekend,Saturday,Light_Load,3.46,19.40,100.00,17.50,0.00
20/06/2018 12:00,Weekday,Wednesday,Maximum_Load,103.18,100.00,85.16,0.00,63.50
08/10/2018 11:45,Weekday,Monday,Maximum_Load,111.20,100.00,90.05,0.00,53.71
11/04/2018 02:00,Weekday,Wednesday,Light_Load,3.78,100.00,58.36,0.00,5.26
11/06/2018 08:45,Weekday,Monday,Light_Load,55.44,100.00,68.81,0.00,58.46
20/11/2018 19:30,Weekday,Tuesday,Maximum_Load,7.38,34.17,100.00,20.30,0.00
13/05/2018 15:30,Weekend,Sunday,Light_Load,3.13,18.23,100.00,16.88,0.00
20/08/2018 07:15,Weekday,Monday,Light_Load,2.74,100.00,45.52,0.00,5.36
18/09/2018 01:00,Weekday,Tuesday,Light_Load,2.95,100.00,47.67,0.00,5.44
01/03/2018 22:45,Weekday,Thursday,Medium_Load,3.60,100.00,75.47,0.00,3.13
01/05/2018 13:45,Weekday,Tuesday,Light_Load,3.17,17.41,100.00,17.93,0.00
13/10/2018 17:15,Weekend,Saturday,Medium_Load,4.54,24.60,100.00,17.89,0.00
29/04/2018 16:30,Weekend,Sunday,Light_Load,3.17,19.16,100.00,16.24,0.00
28/01/2018 03:15,Weekend,Sunday,Light_Load,4.21,100.00,65.78,0.00,4.82
17/05/2018 02:45,Weekday,Thursday,Light_Load,3.17,100.00,52.20,0.00,5.18
19/04/2018 17:15,Weekday,Thursday,Medium_Load,66.74,100.00,89.52,0.00,33.23
10/03/2018 11:30,Weekend,Saturday,Maximum_Load,9.43,84.77,100.00,5.90,0.00
18/02/2018 13:00,Weekend,Sunday,Light_Load,3.49,20.54,100.00,16.63,0.00
28/02/2018 00:15,Weekday,Wednesday,Light_Load,5.94,100.00,72.46,0.00,5.65
07/06/2018 09:00,Weekday,Thursday,Light_Load,95.22,100.00,90.24,0.00,45.47
14/03/2018 22:15,Weekday,Wednesday,Medium_Load,4.28,31.76,88.34,12.78,2.27
13/10/2018 12:00,Weekend,Saturday,Maximum_Load,41.22,99.99,88.67,0.47,21.49
17/04/2018 16:30,Weekday,Tuesday,Maximum_Load,109.66,100.00,94.07,0.00,39.56
13/04/2018 08:45,Weekday,Friday,Light_Load,47.63,100.00,75.67,0.00,41.15
07/06/2018 12:00,Weekday,Thursday,Maximum_Load,46.73,100.00,77.75,0.00,37.80
14/07/2018 06:30,Weekend,Saturday,Light_Load,2.70,100.00,47.22,0.00,5.04
17/01/2018 15:45,Weekday,Wednesday,Medium_Load,76.07,100.00,92.00,0.00,32.40
03/05/2018 21:45,Weekday,Thursday,Medium_Load,4.07,15.51,100.00,25.92,0.00
11/04/2018 17:00,Weekday,Wednesday,Maximum_Load,56.48,100.00,90.04,0.00,27.29
12/07/2018 21:15,Weekday,Thursday,Medium_Load,7.99,33.41,100.00,22.54,0.00
07/09/2018 10:45,Weekday,Friday,Maximum_Load,100.15,100.00,93.49,0.00,38.02
06/05/2018 09:30,Weekend,Sunday,Light_Load,3.17,18.23,100.00,17.10,0.00
08/07/2018 19:00,Weekend,Sunday,Medium_Load,3.89,14.58,100.00,26.39,0.00
05/05/2018 04:00,Weekend,Saturday,Light_Load,2.95,100.00,59.35,0.00,4.00
23/01/2018 05:15,Weekday,Tuesday,Light_Load,39.56,100.00,80.46,0.00,29.20
05/05/2018 22:45,Weekend,Saturday,Light_Load,2.92,100.00,58.67,0.00,4.03
14/09/2018 04:00,Weekday,Friday,Light_Load,3.31,100.00,57.74,0.00,4.68
08/10/2018 21:00,Weekday,Monday,Medium_Load,27.32,98.05,94.91,5.47,9.07
02/10/2018 19:15,Weekday,Tuesday,Medium_Load,117.47,100.00,86.11,0.00,69.37
10/02/2018 22:45,Weekend,Saturday,Light_Load,3.60,100.00,75.78,0.00,3.10
20/01/2018 18:00,Weekend,Saturday,Maximum_Load,32.40,95.69,100.00,9.83,0.04
14/12/2018 23:15,Weekday,Friday,Light_Load,4.86,99.99,82.89,0.07,3.28
19/01/2018 20:15,Weekday,Friday,Medium_Load,103.21,100.00,93.69,0.00,38.52
04/05/2018 06:15,Weekday,Friday,Light_Load,3.49,100.00,62.23,0.00,4.39
18/12/2018 04:45,Weekday,Tuesday,Light_Load,4.18,100.00,80.05,0.00,3.13
31/07/2018 09:15,Weekday,Tuesday,Medium_Load,78.41,100.00,92.62,0.00,31.93
08/09/2018 09:45,Weekend,Saturday,Medium_Load,47.81,100.00,92.97,0.00,18.94
21/12/2018 05:15,Weekday,Friday,Light_Load,3.28,99.98,81.41,0.07,2.34
25/11/2018 02:00,Weekend,Sunday,Light_Load,3.46,99.99,76.42,0.04,2.92
31/05/2018 10:45,Weekday,Thursday,Maximum_Load,49.75,100.00,89.68,0.00,24.55
27/11/2018 13:30,Weekday,Tuesday,Medium_Load,121.25,100.00,90.90,0.00,55.58
16/10/2018 11:15,Weekday,Tuesday,Maximum_Load,54.61,100.00,83.32,0.00,36.25
09/11/2018 09:45,Weekday,Friday,Medium_Load,83.63,100.00,88.28,0.00,44.50
24/01/2018 14:45,Weekday,Wednesday,Medium_Load,95.65,100.00,89.44,0.00,47.84
12/04/2018 16:30,Weekday,Thursday,Maximum_Load,68.29,100.00,84.61,0.00,43.02
20/03/2018 22:15,Weekday,Tuesday,Medium_Load,4.28,27.61,90.76,14.90,1.98
01/05/2018 22:00,Weekday,Tuesday,Light_Load,3.20,18.82,100.00,16.70,0.00
01/04/2018 22:30,Weekend,Sunday,Light_Load,2.81,100.00,53.91,0.00,4.39
22/05/2018 19:45,Weekday,Tuesday,Medium_Load,3.82,14.36,100.00,26.32,0.00
20/01/2018 16:45,Weekend,Saturday,Medium_Load,41.29,99.89,99.98,1.94,0.72
11/03/2018 02:00,Weekend,Sunday,Light_Load,3.10,100.00,72.44,0.00,2.95
23/08/2018 21:45,Weekday,Thursday,Medium_Load,3.78,22.87,100.00,16.09,0.00
03/04/2018 12:15,Weekday,Tuesday,Medium_Load,19.08,71.51,92.17,18.65,8.03
19/04/2018 19:00,Weekday,Thursday,Medium_Load,40.39,99.99,99.76,0.58,2.81
21/09/2018 03:30,Weekday,Friday,Light_Load,2.84,100.00,49.39,0.00,5.00
08/05/2018 04:15,Weekday,Tuesday,Light_Load,2.99,100.00,63.16,0.00,3.67
03/09/2018 19:45,Weekday,Monday,Medium_Load,25.67,99.30,100.00,3.06,0.25
19/06/2018 02:30,Weekday,Tuesday,Light_Load,2.74,100.00,52.01,0.00,4.50
14/08/2018 05:15,Weekday,Tuesday,Light_Load,2.92,100.00,43.70,0.00,6.01
09/05/2018 22:15,Weekday,Wednesday,Medium_Load,3.92,25.56,95.20,14.83,1.26
07/01/2018 01:00,Weekend,Sunday,Light_Load,3.20,100.00,72.73,0.00,3.02
13/10/2018 19:00,Weekend,Saturday,Medium_Load,3.56,19.18,100.00,18.22,0.00
01/05/2018 18:15,Weekday,Tuesday,Light_Load,3.10,49.51,100.00,5.44,0.00
27/03/2018 13:00,Weekday,Tuesday,Medium_Load,6.41,24.78,100.00,25.06,0.00
05/12/2018 19:45,Weekday,Wednesday,Maximum_Load,5.44,25.42,100.00,20.70,0.00
10/08/2018 13:15,Weekday,Friday,Maximum_Load,30.06,97.22,93.93,7.24,10.98
16/12/2018 21:15,Weekend,Sunday,Medium_Load,4.50,20.66,100.00,21.31,0.00
15/08/2018 22:00,Weekday,Wednesday,Medium_Load,3.28,23.73,100.00,13.43,0.00
04/09/2018 16:15,Weekday,Tuesday,Maximum_Load,118.69,100.00,89.52,0.00,59.08
06/05/2018 13:45,Weekend,Sunday,Light_Load,3.20,18.58,100.00,16.92,0.00
15/02/2018 04:00,Weekday,Thursday,Light_Load,3.28,100.00,57.39,0.00,4.68
06/12/2018 07:45,Weekday,Thursday,Light_Load,4.21,99.99,80.25,0.07,3.13
03/07/2018 19:30,Weekday,Tuesday,Medium_Load,103.36,100.00,94.80,0.00,34.70
18/07/2018 09:15,Weekday,Wednesday,Medium_Load,55.94,100.00,81.96,0.00,39.10
01/12/2018 14:30,Weekend,Saturday,Medium_Load,26.28,96.00,100.00,7.67,0.04
19/02/2018 22:45,Weekday,Monday,Maximum_Load,87.52,100.00,89.27,0.00,44.17
06/02/2018 17:30,Weekday,Tuesday,Maximum_Load,65.48,100.00,97.48,0.00,14.98
28/10/2018 06:30,Weekend,Sunday,Light_Load,2.92,100.00,46.11,0.00,5.62
25/01/2018 21:45,Weekday,Thursday,Medium_Load,39.28,99.83,99.98,2.27,0.86
08/08/2018 09:15,Weekday,Wednesday,Medium_Load,84.56,100.00,89.91,0.00,41.18
07/05/2018 21:00,Weekday,Monday,Medium_Load,79.38,99.97,96.85,1.84,20.41
18/07/2018 02:00,Weekday,Wednesday,Light_Load,3.24,54.38,100.00,5.00,0.00
14/02/2018 07:45,Weekday,Wednesday,Light_Load,5.80,100.00,74.58,0.00,5.18
09/05/2018 14:45,Weekday,Wednesday,Maximum_Load,65.99,100.00,88.98,0.00,33.84
22/05/2018 13:45,Weekday,Tuesday,Maximum_Load,90.68,100.00,98.69,0.00,14.80
22/05/2018 01:45,Weekday,Tuesday,Light_Load,3.60,100.00,63.07,0.00,4.43
26/11/2018 16:30,Weekday,Monday,Medium_Load,61.45,100.00,92.88,0.00,24.52
24/02/2018 09:30,Weekend,Saturday,Medium_Load,76.03,100.00,99.26,0.76,9.29
23/10/2018 11:45,Weekday,Tuesday,Maximum_Load,69.05,100.00,87.98,0.00,37.30
03/11/2018 09:45,Weekend,Saturday,Medium_Load,57.24,100.00,96.76,0.00,14.94
13/08/2018 07:30,Weekday,Monday,Light_Load,3.53,100.00,53.19,0.00,5.62
04/12/2018 06:45,Weekday,Tuesday,Light_Load,3.64,100.00,69.75,0.00,3.74
30/09/2018 15:45,Weekend,Sunday,Light_Load,2.70,22.29,100.00,11.81,0.00
14/06/2018 23:15,Weekday,Thursday,Light_Load,4.46,100.00,54.40,0.00,6.88
25/08/2018 17:45,Weekend,Saturday,Light_Load,3.42,23.67,100.00,14.04,0.00
04/08/2018 00:00,Weekend,Saturday,Light_Load,2.70,100.00,48.03,0.00,4.93
16/10/2018 19:30,Weekday,Tuesday,Medium_Load,61.78,100.00,81.35,0.00,44.17
09/07/2018 23:45,Weekday,Monday,Light_Load,3.31,100.00,66.57,0.00,3.71
05/07/2018 05:30,Weekday,Thursday,Light_Load,3.56,100.00,57.39,0.00,5.08
08/01/2018 08:30,Weekday,Monday,Light_Load,130.54,100.00,85.90,0.00,77.80
31/05/2018 13:45,Weekday,Thursday,Maximum_Load,68.54,100.00,85.00,0.00,42.48
13/07/2018 22:45,Weekday,Friday,Medium_Load,3.67,100.00,53.27,0.00,5.83
21/06/2018 17:00,Weekday,Thursday,Maximum_Load,49.39,100.00,89.81,0.00,24.19
13/02/2018 22:15,Weekday,Tuesday,Maximum_Load,35.32,99.57,95.95,3.28,10.37
02/09/2018 22:00,Weekend,Sunday,Medium_Load,2.88,24.17,100.00,11.56,0.00
25/10/2018 05:00,Weekday,Thursday,Light_Load,3.10,100.00,45.84,0.00,6.01
22/09/2018 03:15,Weekend,Saturday,Light_Load,2.56,100.00,49.45,0.00,4.50
02/12/2018 15:00,Weekend,Sunday,Light_Load,3.64,23.73,100.00,14.90,0.00
14/02/2018 04:30,Weekday,Wednesday,Light_Load,5.15,100.00,71.19,0.00,5.08
19/09/2018 13:00,Weekday,Wednesday,Medium_Load,4.90,27.88,100.00,16.88,0.00
08/10/2018 02:00,Weekday,Monday,Light_Load,2.63,100.00,46.26,0.00,5.04
28/09/2018 20:00,Weekday,Friday,Medium_Load,35.32,100.00,91.80,0.00,15.26
07/09/2018 09:15,Weekday,Friday,Medium_Load,107.93,100.00,93.55,0.00,40.75
14/03/2018 21:15,Weekday,Wednesday,Medium_Load,4.50,18.16,100.00,24.37,0.00
02/12/2018 10:00,Weekend,Sunday,Light_Load,3.56,24.46,100.00,14.11,0.00
18/11/2018 17:00,Weekend,Sunday,Medium_Load,7.16,40.89,100.00,15.98,0.00
09/03/2018 13:15,Weekday,Friday,Maximum_Load,31.03,95.95,99.99,9.11,0.50
26/02/2018 01:45,Weekday,Monday,Light_Load,3.89,100.00,74.05,0.00,3.53
26/02/2018 23:00,Weekday,Monday,Maximum_Load,5.76,100.00,76.43,0.00,4.86
17/02/2018 04:15,Weekend,Saturday,Light_Load,3.71,100.00,57.42,0.00,5.29
25/03/2018 03:30,Weekend,Sunday,Light_Load,3.10,100.00,66.73,0.00,3.46
21/01/2018 13:15,Weekend,Sunday,Light_Load,5.11,19.52,100.00,25.67,0.00
21/12/2018 21:45,Weekday,Friday,Medium_Load,5.44,24.42,100.00,21.60,0.00
27/10/2018 20:15,Weekend,Saturday,Medium_Load,3.67,20.45,100.00,17.57,0.00
30/12/2018 14:00,Weekend,Sunday,Light_Load,4.03,18.70,100.00,21.17,0.00
06/04/2018 06:45,Weekday,Friday,Light_Load,3.20,100.00,53.07,0.00,5.11
22/09/2018 23:15,Weekend,Saturday,Light_Load,2.95,100.00,40.15,0.00,6.73
21/10/2018 08:00,Weekend,Sunday,Light_Load,3.42,100.00,44.15,0.00,6.95
09/06/2018 07:45,Weekend,Saturday,Light_Load,2.92,100.00,45.91,0.00,5.65
05/10/2018 17:00,Weekday,Friday,Maximum_Load,46.98,100.00,89.51,0.00,23.40
22/08/2018 09:45,Weekday,Wednesday,Medium_Load,60.01,100.00,87.24,0.00,33.62
18/01/2018 22:00,Weekday,Thursday,Medium_Load,85.82,100.00,98.99,0.00,12.28
27/08/2018 02:00,Weekday,Monday,Light_Load,2.95,100.00,51.35,0.00,4.93
21/10/2018 01:45,Weekend,Sunday,Light_Load,2.74,100.00,51.09,0.00,4.61
22/11/2018 15:30,Weekday,Thursday,Medium_Load,80.24,100.00,90.45,0.00,37.84
03/02/2018 19:45,Weekend,Saturday,Maximum_Load,38.84,99.60,99.99,3.49,0.47
26/04/2018 21:15,Weekday,Thursday,Medium_Load,11.23,46.50,100.00,21.38,0.00
31/03/2018 15:15,Weekend,Saturday,Light_Load,3.53,13.87,100.00,25.20,0.00
03/05/2018 00:30,Weekday,Thursday,Light_Load,3.71,100.00,70.71,0.00,3.71
02/07/2018 17:00,Weekday,Monday,Maximum_Load,58.03,100.00,89.17,0.00,29.45
09/09/2018 12:45,Weekend,Sunday,Medium_Load,4.10,38.03,100.00,9.97,0.00
02/09/2018 20:30,Weekend,Sunday,Medium_Load,3.64,19.31,100.00,18.50,0.00
23/02/2018 10:15,Weekday,Friday,Maximum_Load,85.36,100.00,85.01,0.00,52.88
22/07/2018 14:30,Weekend,Sunday,Light_Load,3.02,17.53,100.00,16.96,0.00
09/03/2018 00:00,Weekday,Friday,Light_Load,3.74,100.00,72.72,0.00,3.53
30/01/2018 03:45,Weekday,Tuesday,Light_Load,5.76,100.00,73.40,0.00,5.33
23/07/2018 01:00,Weekday,Monday,Light_Load,3.10,57.95,100.00,4.36,0.00
28/01/2018 07:45,Weekend,Sunday,Light_Load,4.25,100.00,62.63,0.00,5.29
01/03/2018 05:30,Weekday,Thursday,Light_Load,3.67,100.00,61.14,0.00,4.75
10/06/2018 08:30,Weekend,Sunday,Light_Load,2.81,100.00,48.99,0.00,5.00
28/03/2018 13:45,Weekday,Wednesday,Maximum_Load,50.54,100.00,96.75,0.00,13.21
22/02/2018 10:00,Weekday,Thursday,Medium_Load,86.15,100.00,94.00,0.00,31.28
07/10/2018 09:30,Weekend,Sunday,Light_Load,3.17,18.80,100.00,16.56,0.00
23/05/2018 02:30,Weekday,Wednesday,Light_Load,3.06,100.00,54.16,0.00,4.75
22/06/2018 01:00,Weekday,Friday,Light_Load,3.02,100.00,47.34,0.00,5.62
06/05/2018 06:15,Weekend,Sunday,Light_Load,3.35,100.00,60.32,0.00,4.43
10/01/2018 04:15,Weekday,Wednesday,Light_Load,4.57,100.00,70.94,0.00,4.54
18/11/2018 03:30,Weekend,Sunday,Light_Load,3.28,100.00,49.03,0.00,5.83
08/08/2018 14:15,Weekday,Wednesday,Maximum_Load,104.00,100.00,91.18,0.00,46.84
13/02/2018 10:15,Weekday,Tuesday,Maximum_Load,63.58,100.00,96.57,0.00,17.10
15/02/2018 10:30,Weekday,Thursday,Light_Load,3.35,18.92,100.00,17.39,0.00
29/01/2018 05:45,Weekday,Monday,Light_Load,4.79,100.00,67.61,0.00,5.22
14/06/2018 16:15,Weekday,Thursday,Maximum_Load,57.28,100.00,93.74,0.00,21.28
13/01/2018 23:45,Weekend,Saturday,Light_Load,4.61,100.00,74.96,0.00,4.07
07/01/2018 22:15,Weekend,Sunday,Light_Load,3.82,27.49,93.25,13.36,1.48
26/07/2018 13:15,Weekday,Thursday,Maximum_Load,28.62,97.03,99.48,7.13,2.92
20/06/2018 07:30,Weekday,Wednesday,Light_Load,3.92,100.00,56.26,0.00,5.76
28/10/2018 03:45,Weekend,Sunday,Light_Load,2.84,100.00,47.51,0.00,5.26
15/10/2018 02:30,Weekday,Monday,Light_Load,2.81,100.00,47.12,0.00,5.26
19/12/2018 07:30,Weekday,Wednesday,Light_Load,4.07,99.75,82.01,0.29,2.84
06/11/2018 14:15,Weekday,Tuesday,Medium_Load,51.19,100.00,87.73,0.00,28.01
30/01/2018 05:30,Weekday,Tuesday,Light_Load,3.92,100.00,73.28,0.00,3.64
09/07/2018 11:30,Weekday,Monday,Maximum_Load,69.62,100.00,79.35,0.00,53.39
10/05/2018 08:45,Weekday,Thursday,Light_Load,66.02,100.00,70.90,0.00,65.66
29/07/2018 14:45,Weekend,Sunday,Maximum_Load,32.72,99.88,99.82,1.58,1.94
26/02/2018 12:30,Weekday,Monday,Medium_Load,6.16,22.16,100.00,27.11,0.00
21/06/2018 12:00,Weekday,Thursday,Maximum_Load,45.32,100.00,85.79,0.00,27.14
13/03/2018 14:15,Weekday,Tuesday,Maximum_Load,107.50,100.00,92.08,0.00,45.54
03/01/2018 17:30,Weekday,Wednesday,Maximum_Load,114.01,100.00,94.06,0.00,41.15
22/07/2018 12:45,Weekend,Sunday,Light_Load,3.38,42.30,100.00,7.24,0.00
29/08/2018 21:45,Weekday,Wednesday,Medium_Load,3.82,27.36,100.00,13.43,0.00
11/09/2018 04:30,Weekday,Tuesday,Light_Load,2.56,100.00,46.31,0.00,4.90
20/08/2018 03:00,Weekday,Monday,Light_Load,2.66,100.00,47.19,0.00,4.97
16/01/2018 09:00,Weekday,Tuesday,Light_Load,91.58,100.00,88.23,0.00,48.85
29/07/2018 21:00,Weekend,Sunday,Medium_Load,3.02,18.09,100.00,16.42,0.00
27/08/2018 02:30,Weekday,Monday,Light_Load,2.92,100.00,51.50,0.00,4.86
28/06/2018 15:00,Weekday,Thursday,Maximum_Load,53.60,100.00,90.82,0.00,24.70
04/01/2018 21:45,Weekday,Thursday,Medium_Load,5.26,19.99,100.00,25.78,0.00
07/02/2018 23:00,Weekday,Wednesday,Maximum_Load,32.72,100.00,80.70,0.00,23.94
19/10/2018 06:00,Weekday,Friday,Light_Load,2.99,100.00,45.39,0.00,5.87
25/07/2018 18:15,Weekday,Wednesday,Medium_Load,48.78,99.95,91.61,1.58,21.35
22/12/2018 13:30,Weekend,Saturday,Light_Load,4.25,19.78,100.00,21.06,0.00
12/06/2018 09:45,Weekday,Tuesday,Medium_Load,51.91,100.00,93.61,0.00,19.51
05/08/2018 13:15,Weekend,Sunday,Light_Load,2.99,18.03,100.00,16.31,0.00
24/12/2018 16:15,Weekday,Monday,Medium_Load,47.20,100.00,98.18,0.04,9.14
31/10/2018 04:15,Weekday,Wednesday,Light_Load,2.95,100.00,57.39,0.00,4.21
07/01/2018 17:15,Weekend,Sunday,Light_Load,3.56,20.67,100.00,16.85,0.00
22/10/2018 18:45,Weekday,Monday,Medium_Load,82.26,100.00,88.85,0.00,42.48
02/08/2018 08:30,Weekday,Thursday,Light_Load,2.63,100.00,52.35,0.00,4.28
16/10/2018 13:45,Weekday,Tuesday,Maximum_Load,54.83,100.00,85.64,0.00,33.05
02/06/2018 02:45,Weekend,Saturday,Light_Load,2.88,100.00,49.61,0.00,5.04
05/04/2018 12:15,Weekday,Thursday,Medium_Load,17.71,82.11,91.63,12.31,7.74
23/02/2018 23:30,Weekday,Friday,Light_Load,89.21,100.00,90.68,0.00,41.47
23/08/2018 01:00,Weekday,Thursday,Light_Load,2.92,100.00,49.11,0.00,5.18
17/03/2018 23:45,Weekend,Saturday,Light_Load,2.99,100.00,71.54,0.00,2.92
02/04/2018 05:30,Weekday,Monday,Light_Load,2.81,100.00,56.16,0.00,4.14
27/09/2018 01:00,Weekday,Thursday,Light_Load,3.10,100.00,40.93,0.00,6.91
20/09/2018 20:00,Weekday,Thursday,Medium_Load,41.11,100.00,90.19,0.00,19.69
28/12/2018 05:00,Weekday,Friday,Light_Load,3.82,99.65,82.06,0.32,2.66
27/12/2018 17:15,Weekday,Thursday,Maximum_Load,54.58,100.00,97.64,0.29,12.06
17/09/2018 14:30,Weekday,Monday,Maximum_Load,111.64,100.00,90.83,0.00,51.41
17/11/2018 05:45,Weekend,Saturday,Light_Load,3.13,100.00,59.94,0.00,4.18
06/12/2018 06:30,Weekday,Thursday,Light_Load,3.28,99.94,80.94,0.11,2.38
21/08/2018 19:00,Weekday,Tuesday,Medium_Load,48.71,100.00,86.58,0.00,28.15
26/06/2018 19:30,Weekday,Tuesday,Medium_Load,34.60,99.98,99.89,0.61,1.62
15/12/2018 05:45,Weekend,Saturday,Light_Load,3.42,100.00,76.93,0.00,2.84
09/02/2018 17:30,Weekday,Friday,Maximum_Load,61.96,100.00,95.03,0.00,20.30
11/04/2018 12:15,Weekday,Wednesday,Medium_Load,8.82,42.62,96.95,18.72,2.23
12/11/2018 10:15,Weekday,Monday,Maximum_Load,51.98,100.00,93.56,0.00,19.62
27/10/2018 09:30,Weekend,Saturday,Medium_Load,44.71,100.00,91.44,0.00,19.80
22/12/2018 02:30,Weekend,Saturday,Light_Load,4.07,99.90,78.24,0.18,3.24
20/08/2018 10:30,Weekday,Monday,Maximum_Load,55.98,100.00,83.49,0.00,36.90
14/04/2018 21:00,Weekend,Saturday,Medium_Load,3.85,15.23,100.00,24.98,0.00
02/01/2018 19:30,Weekday,Tuesday,Maximum_Load,35.96,99.93,99.76,1.37,2.52
08/10/2018 10:45,Weekday,Monday,Maximum_Load,103.25,100.00,90.13,0.00,49.64
13/03/2018 19:15,Weekday,Tuesday,Medium_Load,57.31,100.00,91.20,0.00,25.78
20/01/2018 22:00,Weekend,Saturday,Medium_Load,37.80,99.43,100.00,4.07,0.22
04/07/2018 23:15,Weekday,Wednesday,Light_Load,3.60,100.00,68.97,0.00,3.78
13/10/2018 15:30,Weekend,Saturday,Maximum_Load,106.67,100.00,92.08,0.00,45.18
20/11/2018 17:45,Weekday,Tuesday,Maximum_Load,27.83,97.25,100.00,6.66,0.00
25/11/2018 03:30,Weekend,Sunday,Light_Load,2.84,100.00,73.37,0.00,2.63
02/03/2018 06:15,Weekday,Friday,Light_Load,3.28,100.00,76.40,0.00,2.77
14/04/2018 04:15,Weekend,Saturday,Light_Load,3.10,100.00,60.31,0.00,4.10
15/06/2018 07:15,Weekday,Friday,Light_Load,3.02,100.00,48.33,0.00,5.47
19/03/2018 23:15,Weekday,Monday,Light_Load,3.67,100.00,62.04,0.00,4.64
26/12/2018 22:00,Weekday,Wednesday,Medium_Load,4.07,18.97,100.00,21.06,0.00
04/05/2018 11:15,Weekday,Friday,Maximum_Load,65.84,100.00,79.99,0.00,49.39
26/01/2018 01:30,Weekday,Friday,Light_Load,41.51,100.00,79.70,0.00,31.46
09/09/2018 18:00,Weekend,Sunday,Medium_Load,3.64,33.23,100.00,10.33,0.00
18/09/2018 19:00,Weekday,Tuesday,Medium_Load,42.01,100.00,87.30,0.00,23.47
24/06/2018 22:30,Weekend,Sunday,Medium_Load,2.81,100.00,53.91,0.00,4.39
08/08/2018 22:45,Weekday,Wednesday,Medium_Load,2.70,100.00,52.39,0.00,4.39
28/06/2018 08:00,Weekday,Thursday,Light_Load,3.92,100.00,59.76,0.00,5.26
06/08/2018 06:15,Weekday,Monday,Light_Load,2.59,100.00,48.42,0.00,4.68
31/01/2018 11:15,Weekday,Wednesday,Maximum_Load,114.23,100.00,89.78,0.00,56.05
30/09/2018 16:15,Weekend,Sunday,Light_Load,2.95,21.18,100.00,13.61,0.00
02/01/2018 05:15,Weekday,Tuesday,Light_Load,3.46,100.00,67.52,0.00,3.78
11/11/2018 20:30,Weekend,Sunday,Light_Load,3.20,20.80,100.00,15.05,0.00
31/12/2018 06:45,Weekday,Monday,Light_Load,3.02,99.93,81.85,0.11,2.12
27/03/2018 22:15,Weekday,Tuesday,Medium_Load,4.03,26.16,91.64,14.87,1.76
11/05/2018 00:30,Weekday,Friday,Light_Load,4.14,100.00,65.39,0.00,4.79
26/11/2018 21:45,Weekday,Monday,Medium_Load,5.26,24.55,100.00,20.77,0.00
31/01/2018 17:00,Weekday,Wednesday,Medium_Load,109.12,100.00,94.14,0.00,39.10
04/12/2018 14:15,Weekday,Tuesday,Medium_Load,58.82,100.00,88.18,0.00,31.46
31/08/2018 15:15,Weekday,Friday,Maximum_Load,48.17,100.00,89.20,0.00,24.41
02/02/2018 06:15,Weekday,Friday,Light_Load,4.28,100.00,69.24,0.00,4.46
24/06/2018 02:00,Weekend,Sunday,Light_Load,2.59,100.00,59.93,0.00,3.46
22/06/2018 13:15,Weekday,Friday,Maximum_Load,40.07,98.80,93.65,6.26,15.01
20/03/2018 22:45,Weekday,Tuesday,Medium_Load,3.92,100.00,60.57,0.00,5.15
02/05/2018 16:45,Weekday,Wednesday,Maximum_Load,111.53,100.00,92.94,0.00,44.28
30/01/2018 16:15,Weekday,Tuesday,Medium_Load,72.04,100.00,93.93,0.00,26.32
09/10/2018 11:00,Weekday,Tuesday,Maximum_Load,67.10,100.00,83.50,0.00,44.21
24/09/2018 23:00,Weekday,Monday,Light_Load,3.20,100.00,45.06,0.00,6.34
11/07/2018 11:45,Weekday,Wednesday,Maximum_Load,60.98,100.00,80.42,0.00,45.07
10/10/2018 18:45,Weekday,Wednesday,Medium_Load,82.62,100.00,94.87,0.00,27.54
26/11/2018 16:45,Weekday,Monday,Medium_Load,51.52,100.00,95.17,0.00,16.63
23/08/2018 02:45,Weekday,Thursday,Light_Load,3.20,100.00,50.49,0.00,5.47
28/08/2018 02:45,Weekday,Tuesday,Light_Load,2.59,100.00,52.67,0.00,4.18
27/03/2018 17:45,Weekday,Tuesday,Medium_Load,30.46,95.94,100.00,8.96,0.00
30/04/2018 06:45,Weekday,Monday,Light_Load,3.20,100.00,61.16,0.00,4.14
03/08/2018 03:15,Weekday,Friday,Light_Load,2.84,100.00,43.55,0.00,5.87
15/11/2018 22:15,Weekday,Thursday,Maximum_Load,3.89,99.94,47.33,0.14,7.24
07/04/2018 09:30,Weekend,Saturday,Medium_Load,89.21,100.00,98.45,0.07,15.88
17/11/2018 22:00,Weekend,Saturday,Medium_Load,4.03,23.22,100.00,16.88,0.00
14/02/2018 05:45,Weekday,Wednesday,Light_Load,5.15,100.00,70.51,0.00,5.18
18/04/2018 17:45,Weekday,Wednesday,Medium_Load,40.68,100.00,98.44,0.40,7.27
19/11/2018 13:00,Weekday,Monday,Medium_Load,5.11,23.43,100.00,21.20,0.00
02/10/2018 04:30,Weekday,Tuesday,Light_Load,2.59,100.00,49.31,0.00,4.57
01/10/2018 13:45,Weekday,Monday,Maximum_Load,38.20,100.00,90.13,0.00,18.36
05/09/2018 20:45,Weekday,Wednesday,Medium_Load,46.26,100.00,90.20,0.00,22.14
16/08/2018 17:15,Weekday,Thursday,Medium_Load,55.22,100.00,79.79,0.00,41.72
06/12/2018 10:45,Weekday,Thursday,Maximum_Load,71.06,100.00,88.03,0.00,38.30
13/02/2018 18:15,Weekday,Tuesday,Maximum_Load,65.34,100.00,96.27,0.00,18.36
25/04/2018 11:30,Weekday,Wednesday,Maximum_Load,80.96,100.00,85.49,0.00,49.14
25/11/2018 13:30,Weekend,Sunday,Light_Load,3.64,18.28,100.00,19.58,0.00
25/10/2018 05:30,Weekday,Thursday,Light_Load,3.06,100.00,47.17,0.00,5.72
30/01/2018 23:15,Weekday,Tuesday,Light_Load,95.22,100.00,89.93,0.00,46.30
06/09/2018 10:15,Weekday,Thursday,Maximum_Load,50.94,100.00,87.21,0.00,28.58
31/05/2018 20:15,Weekday,Thursday,Medium_Load,3.89,14.80,100.00,25.99,0.00
01/02/2018 09:30,Weekday,Thursday,Medium_Load,93.85,100.00,93.88,0.00,34.45
28/03/2018 15:45,Weekday,Wednesday,Maximum_Load,62.78,100.00,90.82,0.00,28.94
21/01/2018 18:15,Weekend,Sunday,Light_Load,4.75,39.92,100.00,10.91,0.00
16/04/2018 09:00,Weekday,Monday,Light_Load,62.06,100.00,89.00,0.00,31.79
19/08/2018 05:00,Weekend,Sunday,Light_Load,2.70,100.00,48.26,0.00,4.90
11/12/2018 14:30,Weekday,Tuesday,Medium_Load,72.00,100.00,90.00,0.00,34.88
13/12/2018 12:30,Weekday,Thursday,Medium_Load,10.91,51.98,100.00,17.93,0.00
04/08/2018 18:15,Weekend,Saturday,Light_Load,2.66,32.09,100.00,7.85,0.00
09/02/2018 03:30,Weekday,Friday,Light_Load,5.90,100.00,70.23,0.00,5.98
07/01/2018 12:00,Weekend,Sunday,Light_Load,3.64,53.89,100.00,5.69,0.00
09/10/2018 01:15,Weekday,Tuesday,Light_Load,3.24,100.00,47.64,0.00,5.98
31/05/2018 21:45,Weekday,Thursday,Medium_Load,3.71,15.57,100.00,23.54,0.00
24/01/2018 20:45,Weekday,Wednesday,Medium_Load,37.01,99.26,99.98,4.54,0.68
27/09/2018 06:15,Weekday,Thursday,Light_Load,2.45,100.00,44.50,0.00,4.93
28/08/2018 14:45,Weekday,Tuesday,Maximum_Load,41.69,100.00,92.18,0.00,17.53
30/10/2018 03:00,Weekday,Tuesday,Light_Load,3.20,100.00,55.55,0.00,4.79
06/01/2018 17:45,Weekend,Saturday,Light_Load,3.38,18.64,100.00,17.82,0.00
26/08/2018 05:45,Weekend,Sunday,Light_Load,2.77,100.00,44.72,0.00,5.54
08/07/2018 08:45,Weekend,Sunday,Light_Load,112.36,100.00,85.98,0.00,66.74
25/03/2018 11:30,Weekend,Sunday,Maximum_Load,29.92,100.00,93.88,0.00,10.98
27/04/2018 17:45,Weekday,Friday,Medium_Load,30.74,95.44,100.00,9.61,0.00
24/07/2018 06:15,Weekday,Tuesday,Light_Load,2.95,100.00,48.70,0.00,5.29
07/04/2018 18:00,Weekend,Saturday,Medium_Load,4.14,15.88,100.00,25.74,0.00
20/02/2018 23:15,Weekday,Tuesday,Light_Load,98.35,100.00,89.85,0.00,48.06
06/12/2018 04:00,Weekday,Thursday,Light_Load,3.42,100.00,76.05,0.00,2.92
28/09/2018 19:00,Weekday,Friday,Medium_Load,38.63,100.00,91.76,0.00,16.74
02/08/2018 17:30,Weekday,Thursday,Light_Load,2.92,17.32,100.00,16.60,0.00
19/02/2018 14:45,Weekday,Monday,Medium_Load,78.77,100.00,87.41,0.00,43.78
12/12/2018 19:30,Weekday,Wednesday,Maximum_Load,60.19,100.00,92.38,0.00,24.95
29/08/2018 03:15,Weekday,Wednesday,Light_Load,2.70,100.00,51.79,0.00,4.46
22/05/2018 22:30,Weekday,Tuesday,Medium_Load,3.10,100.00,51.06,0.00,5.22
24/11/2018 21:00,Weekend,Saturday,Light_Load,3.20,22.39,100.00,13.93,0.00
07/10/2018 14:30,Weekend,Sunday,Light_Load,2.70,22.69,100.00,11.59,0.00
23/04/2018 19:30,Weekday,Monday,Medium_Load,43.85,99.99,99.75,0.47,3.10
18/11/2018 07:45,Weekend,Sunday,Light_Load,4.07,100.00,51.36,0.00,6.80
26/01/2018 11:15,Weekday,Friday,Maximum_Load,108.29,100.00,90.63,0.00,50.51
05/08/2018 22:45,Weekend,Sunday,Light_Load,3.31,100.00,51.98,0.00,5.44
21/09/2018 17:45,Weekday,Friday,Medium_Load,3.31,17.35,100.00,18.79,0.00
09/06/2018 04:30,Weekend,Saturday,Light_Load,2.92,100.00,45.47,0.00,5.72
04/11/2018 09:00,Weekend,Sunday,Light_Load,36.40,100.00,97.53,0.00,8.24
05/02/2018 10:45,Weekday,Monday,Maximum_Load,103.43,100.00,93.37,0.00,39.67
13/06/2018 17:45,Weekday,Wednesday,Medium_Load,3.10,18.36,100.00,16.60,0.00
22/08/2018 14:45,Weekday,Wednesday,Maximum_Load,60.70,100.00,86.54,0.00,35.14
16/01/2018 01:15,Weekday,Tuesday,Light_Load,4.61,100.00,63.96,0.00,5.54
13/04/2018 01:45,Weekday,Friday,Light_Load,3.71,100.00,60.68,0.00,4.86
29/09/2018 14:15,Weekend,Saturday,Maximum_Load,34.60,100.00,96.32,0.00,9.65
28/08/2018 15:45,Weekday,Tuesday,Maximum_Load,47.41,100.00,89.02,0.00,24.26
20/04/2018 14:15,Weekday,Friday,Maximum_Load,66.53,100.00,81.31,0.00,47.63
10/11/2018 03:15,Weekend,Saturday,Light_Load,3.74,100.00,44.01,0.00,7.63
04/01/2018 09:00,Weekday,Thursday,Light_Load,131.18,100.00,92.57,0.00,53.60
07/03/2018 01:45,Weekday,Wednesday,Light_Load,3.24,100.00,71.48,0.00,3.17
12/05/2018 23:30,Weekend,Saturday,Light_Load,2.88,100.00,61.01,0.00,3.74
09/07/2018 16:15,Weekday,Monday,Maximum_Load,58.54,100.00,87.63,0.00,32.18
14/06/2018 16:30,Weekday,Thursday,Maximum_Load,48.17,100.00,95.08,0.00,15.70
11/04/2018 05:30,Weekday,Wednesday,Light_Load,3.28,100.00,54.85,0.00,5.00
05/07/2018 13:00,Weekday,Thursday,Medium_Load,4.86,19.47,100.00,24.48,0.00
22/07/2018 02:15,Weekend,Sunday,Light_Load,3.28,58.31,100.00,4.57,0.00
05/09/2018 15:00,Weekday,Wednesday,Maximum_Load,48.49,100.00,91.19,0.00,21.82
18/01/2018 15:00,Weekday,Thursday,Medium_Load,108.83,100.00,94.07,0.00,39.24
24/12/2018 06:30,Weekday,Monday,Light_Load,3.60,99.68,82.35,0.29,2.48
24/10/2018 08:30,Weekday,Wednesday,Light_Load,58.75,100.00,72.48,0.00,55.84
28/07/2018 09:30,Weekend,Saturday,Medium_Load,36.83,100.00,97.92,0.00,7.63
07/09/2018 21:45,Weekday,Friday,Medium_Load,4.21,23.85,100.00,17.14,0.00
11/06/2018 01:00,Weekday,Monday,Light_Load,2.92,100.00,47.09,0.00,5.47
05/06/2018 04:30,Weekday,Tuesday,Light_Load,3.24,100.00,49.48,0.00,5.69
07/08/2018 21:45,Weekday,Tuesday,Medium_Load,4.14,24.82,100.00,16.16,0.00
20/09/2018 18:45,Weekday,Thursday,Medium_Load,39.42,100.00,89.16,0.00,20.02
05/08/2018 11:45,Weekend,Sunday,Light_Load,2.81,54.88,100.00,4.28,0.00
04/01/2018 13:30,Weekday,Thursday,Medium_Load,135.43,100.00,93.37,0.00,51.95
14/07/2018 18:45,Weekend,Saturday,Medium_Load,2.88,24.33,100.00,11.48,0.00
06/07/2018 12:45,Weekday,Friday,Medium_Load,5.15,28.13,100.00,17.57,0.00
10/08/2018 18:30,Weekday,Friday,Medium_Load,79.96,100.00,87.90,0.00,43.38
13/03/2018 10:30,Weekday,Tuesday,Maximum_Load,84.56,100.00,94.06,0.00,30.53
15/05/2018 05:30,Weekday,Tuesday,Light_Load,2.81,100.00,55.52,0.00,4.21
17/07/2018 14:15,Weekday,Tuesday,Maximum_Load,79.74,100.00,94.48,0.00,27.65
01/04/2018 04:45,Weekend,Sunday,Light_Load,3.42,100.00,56.15,0.00,5.04
06/03/2018 11:00,Weekday,Tuesday,Maximum_Load,57.53,100.00,94.41,0.00,20.09
14/09/2018 12:45,Weekday,Friday,Medium_Load,4.64,31.30,100.00,14.08,0.00
21/09/2018 21:15,Weekday,Friday,Medium_Load,2.66,21.30,100.00,12.20,0.00
09/01/2018 16:30,Weekday,Tuesday,Medium_Load,127.48,100.00,93.95,0.00,46.48
08/03/2018 21:00,Weekday,Thursday,Medium_Load,37.76,99.93,99.80,1.37,2.38
22/02/2018 22:30,Weekday,Thursday,Maximum_Load,51.16,100.00,82.14,0.00,35.53
31/05/2018 07:15,Weekday,Thursday,Light_Load,2.92,100.00,48.54,0.00,5.26
01/11/2018 13:30,Weekday,Thursday,Medium_Load,110.66,100.00,87.79,0.00,60.37
28/02/2018 04:15,Weekday,Wednesday,Light_Load,4.10,100.00,68.84,0.00,4.32
19/11/2018 01:15,Weekday,Monday,Light_Load,2.92,100.00,54.78,0.00,4.46
11/06/2018 07:15,Weekday,Monday,Light_Load,2.92,100.00,47.84,0.00,5.36
29/04/2018 15:15,Weekend,Sunday,Light_Load,3.17,19.05,100.00,16.34,0.00
01/10/2018 15:15,Weekday,Monday,Maximum_Load,48.13,100.00,85.24,0.00,29.52
26/08/2018 12:30,Weekend,Sunday,Medium_Load,3.06,21.89,100.00,13.64,0.00
12/02/2018 19:45,Weekday,Monday,Maximum_Load,34.81,97.03,100.00,8.68,0.00
16/01/2018 17:15,Weekday,Tuesday,Maximum_Load,91.98,100.00,87.67,0.00,50.47
31/12/2018 12:15,Weekday,Monday,Light_Load,4.03,19.40,100.00,20.38,0.00
11/08/2018 00:00,Weekend,Saturday,Light_Load,2.70,100.00,48.87,0.00,4.82
03/10/2018 02:15,Weekday,Wednesday,Light_Load,3.53,100.00,44.37,0.00,7.13
16/06/2018 04:30,Weekend,Saturday,Light_Load,2.92,100.00,47.84,0.00,5.36
06/03/2018 12:30,Weekday,Tuesday,Medium_Load,24.44,86.33,100.00,14.29,0.00
08/04/2018 21:30,Weekend,Sunday,Medium_Load,3.28,18.53,100.00,17.39,0.00
10/06/2018 19:00,Weekend,Sunday,Light_Load,3.06,18.44,100.00,16.31,0.00
09/12/2018 18:00,Weekend,Sunday,Light_Load,3.24,29.08,100.00,10.66,0.00
04/07/2018 08:45,Weekday,Wednesday,Light_Load,93.85,100.00,82.32,0.00,64.73
05/02/2018 09:45,Weekday,Monday,Medium_Load,76.64,100.00,94.84,0.00,25.63
09/07/2018 09:15,Weekday,Monday,Medium_Load,50.98,100.00,92.24,0.00,21.35
17/06/2018 01:15,Weekend,Sunday,Light_Load,3.46,100.00,63.13,0.00,4.25
02/02/2018 02:45,Weekday,Friday,Light_Load,6.37,100.00,78.18,0.00,5.08
02/06/2018 02:15,Weekend,Saturday,Light_Load,2.92,100.00,50.13,0.00,5.04
14/12/2018 20:30,Weekday,Friday,Medium_Load,30.06,99.19,99.99,3.85,0.43
12/02/2018 12:15,Weekday,Monday,Medium_Load,15.52,63.18,97.22,19.04,3.74
24/12/2018 23:30,Weekday,Monday,Light_Load,3.82,99.37,82.77,0.43,2.59
05/01/2018 22:45,Weekday,Friday,Maximum_Load,4.14,100.00,70.12,0.00,4.21
06/06/2018 15:00,Weekday,Wednesday,Maximum_Load,110.74,100.00,88.73,0.00,57.56
27/07/2018 14:45,Weekday,Friday,Maximum_Load,51.05,100.00,96.22,0.00,14.44
13/10/2018 20:00,Weekend,Saturday,Medium_Load,3.60,19.50,100.00,18.11,0.00
16/01/2018 04:30,Weekday,Tuesday,Light_Load,4.57,100.00,62.62,0.00,5.69
04/01/2018 00:45,Weekday,Thursday,Light_Load,4.64,100.00,70.41,0.00,4.68
13/10/2018 10:15,Weekend,Saturday,Maximum_Load,43.92,100.00,95.09,0.00,14.29
10/09/2018 15:15,Weekday,Monday,Maximum_Load,73.33,100.00,91.28,0.00,32.80
04/06/2018 17:45,Weekday,Monday,Medium_Load,37.58,99.10,99.86,5.08,1.98
19/12/2018 07:15,Weekday,Wednesday,Light_Load,4.10,99.75,82.49,0.29,2.81
15/08/2018 03:00,Weekday,Wednesday,Light_Load,2.81,100.00,54.17,0.00,4.36
19/09/2018 16:15,Weekday,Wednesday,Maximum_Load,50.58,100.00,85.70,0.00,30.42
17/10/2018 00:30,Weekday,Wednesday,Light_Load,3.67,100.00,49.69,0.00,6.41
14/10/2018 01:15,Weekend,Sunday,Light_Load,3.38,100.00,46.25,0.00,6.48
21/12/2018 09:15,Weekday,Friday,Medium_Load,43.78,100.00,99.58,0.18,4.03
12/06/2018 20:00,Weekday,Tuesday,Medium_Load,78.84,100.00,88.64,0.00,41.18
06/05/2018 21:45,Weekend,Sunday,Light_Load,3.28,18.88,100.00,17.06,0.00
23/01/2018 07:45,Weekday,Tuesday,Light_Load,41.26,100.00,82.61,0.00,28.15
10/04/2018 18:15,Weekday,Tuesday,Medium_Load,33.80,99.98,92.11,0.65,14.29
21/01/2018 13:45,Weekend,Sunday,Light_Load,5.11,19.44,100.00,25.78,0.00
21/09/2018 14:15,Weekday,Friday,Maximum_Load,27.07,99.70,99.96,2.09,0.76
12/10/2018 03:15,Weekday,Friday,Light_Load,4.54,100.00,49.08,0.00,8.06
24/11/2018 03:00,Weekend,Saturday,Light_Load,3.56,99.98,76.57,0.07,2.99
22/05/2018 14:30,Weekday,Tuesday,Maximum_Load,68.26,99.98,99.17,1.22,8.86
16/12/2018 03:00,Weekend,Sunday,Light_Load,4.14,100.00,73.85,0.00,3.78
22/03/2018 18:00,Weekday,Thursday,Medium_Load,28.33,90.80,100.00,13.07,0.00
09/09/2018 04:30,Weekend,Sunday,Light_Load,3.17,100.00,46.65,0.00,6.01
30/09/2018 16:00,Weekend,Sunday,Light_Load,2.74,22.73,100.00,11.74,0.00
06/06/2018 13:45,Weekday,Wednesday,Maximum_Load,56.99,100.00,89.81,0.00,27.90
07/05/2018 22:15,Weekday,Monday,Medium_Load,3.85,24.34,94.21,15.34,1.37
31/05/2018 15:00,Weekday,Thursday,Maximum_Load,64.91,100.00,94.79,0.00,21.82
23/08/2018 17:30,Weekday,Thursday,Medium_Load,41.04,100.00,96.63,0.14,10.94
03/01/2018 15:15,Weekday,Wednesday,Medium_Load,57.46,100.00,95.31,0.00,18.25
20/03/2018 21:30,Weekday,Tuesday,Medium_Load,4.57,17.18,100.00,26.21,0.00
18/12/2018 22:00,Weekday,Tuesday,Medium_Load,4.39,20.18,100.00,21.31,0.00
07/12/2018 05:00,Weekday,Friday,Light_Load,3.42,100.00,72.60,0.00,3.24
07/09/2018 14:30,Weekday,Friday,Maximum_Load,96.34,100.00,91.25,0.00,43.20
26/08/2018 09:45,Weekend,Sunday,Medium_Load,5.80,29.24,100.00,18.97,0.00
05/08/2018 03:15,Weekend,Sunday,Light_Load,2.84,100.00,43.79,0.00,5.83
06/08/2018 07:00,Weekday,Monday,Light_Load,2.77,100.00,50.38,0.00,4.75
26/01/2018 03:45,Weekday,Friday,Light_Load,36.47,100.00,79.80,0.00,27.54
29/03/2018 08:00,Weekday,Thursday,Light_Load,3.71,100.00,69.39,0.00,3.85
24/01/2018 18:15,Weekday,Wednesday,Maximum_Load,30.02,99.96,99.08,0.90,4.10
31/07/2018 19:15,Weekday,Tuesday,Medium_Load,2.88,16.96,100.00,16.74,0.00
30/05/2018 20:00,Weekday,Wednesday,Medium_Load,67.10,100.00,93.25,0.00,25.99
05/10/2018 19:30,Weekday,Friday,Medium_Load,45.79,100.00,83.41,0.00,30.28
28/06/2018 03:00,Weekday,Thursday,Light_Load,2.95,100.00,55.43,0.00,4.43
28/10/2018 19:30,Weekend,Sunday,Light_Load,2.99,25.50,100.00,11.34,0.00
22/09/2018 11:15,Weekend,Saturday,Light_Load,3.28,29.79,100.00,10.51,0.00
05/12/2018 22:15,Weekday,Wednesday,Maximum_Load,4.03,99.60,70.10,0.36,4.10
24/07/2018 14:00,Weekday,Tuesday,Maximum_Load,94.21,100.00,87.29,0.00,52.67
19/11/2018 17:15,Weekday,Monday,Maximum_Load,56.05,100.00,92.94,0.00,22.25
18/04/2018 01:00,Weekday,Wednesday,Light_Load,3.67,100.00,71.39,0.00,3.60
06/09/2018 22:15,Weekday,Thursday,Medium_Load,3.49,99.95,43.08,0.11,7.31
25/03/2018 09:45,Weekend,Sunday,Medium_Load,32.40,98.03,100.00,6.52,0.07
02/06/2018 15:30,Weekend,Saturday,Light_Load,4.68,24.52,100.00,18.50,0.00
30/09/2018 17:15,Weekend,Sunday,Light_Load,2.70,22.36,100.00,11.77,0.00
25/03/2018 21:45,Weekend,Sunday,Medium_Load,3.46,19.44,100.00,17.46,0.00
09/04/2018 23:45,Weekday,Monday,Light_Load,3.53,100.00,68.64,0.00,3.74
04/10/2018 15:00,Weekday,Thursday,Maximum_Load,55.58,100.00,84.55,0.00,35.10
03/04/2018 16:45,Weekday,Tuesday,Maximum_Load,89.42,100.00,90.58,0.00,41.83
11/03/2018 08:30,Weekend,Sunday,Light_Load,25.99,100.00,78.54,0.00,20.48
01/10/2018 03:30,Weekday,Monday,Light_Load,2.63,100.00,45.48,0.00,5.15
19/11/2018 10:00,Weekday,Monday,Medium_Load,67.50,100.00,87.37,0.00,37.58
06/08/2018 05:45,Weekday,Monday,Light_Load,2.63,100.00,48.44,0.00,4.75
17/10/2018 00:15,Weekday,Wednesday,Light_Load,3.71,100.00,45.45,0.00,7.27
07/09/2018 11:15,Weekday,Friday,Maximum_Load,101.12,100.00,93.64,0.00,37.91
16/04/2018 20:00,Weekday,Monday,Medium_Load,43.52,100.00,99.86,0.04,2.27
05/07/2018 10:00,Weekday,Thursday,Medium_Load,85.97,100.00,94.12,0.00,30.85
26/10/2018 13:00,Weekday,Friday,Medium_Load,4.28,24.04,100.00,17.28,0.00
27/10/2018 01:30,Weekend,Saturday,Light_Load,3.64,100.00,45.32,0.00,7.16
27/08/2018 21:30,Weekday,Monday,Medium_Load,2.81,20.06,100.00,13.72,0.00
11/06/2018 21:45,Weekday,Monday,Medium_Load,4.14,19.78,100.00,20.52,0.00
03/07/2018 17:15,Weekday,Tuesday,Medium_Load,72.47,100.00,93.11,0.00,28.40
04/07/2018 02:15,Weekday,Wednesday,Light_Load,2.81,100.00,60.79,0.00,3.67
06/10/2018 08:15,Weekend,Saturday,Light_Load,37.48,100.00,68.84,0.00,39.49
11/09/2018 02:00,Weekday,Tuesday,Light_Load,2.92,100.00,44.97,0.00,5.80
16/07/2018 14:30,Weekday,Monday,Maximum_Load,62.50,100.00,88.74,0.00,32.47
16/11/2018 14:15,Weekday,Friday,Medium_Load,51.37,100.00,90.32,0.00,24.41
05/01/2018 19:00,Weekday,Friday,Maximum_Load,65.05,100.00,92.03,0.00,27.65
09/03/2018 20:45,Weekday,Friday,Medium_Load,4.10,14.78,100.00,27.43,0.00
30/07/2018 01:30,Weekday,Monday,Light_Load,2.81,100.00,49.22,0.00,4.97
21/09/2018 11:30,Weekday,Friday,Maximum_Load,31.25,99.95,99.78,0.94,2.09
09/02/2018 00:30,Weekday,Friday,Light_Load,74.30,100.00,86.16,0.00,43.78
28/10/2018 04:45,Weekend,Sunday,Light_Load,2.81,100.00,46.91,0.00,5.29
25/06/2018 05:45,Weekday,Monday,Light_Load,3.38,100.00,56.78,0.00,4.90
09/07/2018 13:00,Weekday,Monday,Medium_Load,6.12,30.48,100.00,19.12,0.00
15/02/2018 08:00,Weekday,Thursday,Light_Load,4.54,100.00,52.04,0.00,7.45
28/08/2018 03:15,Weekday,Tuesday,Light_Load,2.59,100.00,53.69,0.00,4.07
13/12/2018 14:15,Weekday,Thursday,Medium_Load,58.25,100.00,92.62,0.00,23.72
03/03/2018 15:15,Weekend,Saturday,Maximum_Load,43.13,99.87,99.81,2.16,2.66
15/04/2018 13:00,Weekend,Sunday,Light_Load,3.28,18.42,100.00,17.50,0.00
10/06/2018 17:15,Weekend,Sunday,Light_Load,3.06,18.32,100.00,16.42,0.00
18/12/2018 03:30,Weekday,Tuesday,Light_Load,3.42,99.95,82.53,0.11,2.34
04/10/2018 16:15,Weekday,Thursday,Maximum_Load,62.50,100.00,85.43,0.00,38.02
25/11/2018 22:15,Weekend,Sunday,Light_Load,3.46,99.34,80.83,0.40,2.52
12/07/2018 20:00,Weekday,Thursday,Medium_Load,44.10,100.00,97.34,0.00,10.37
06/12/2018 02:15,Weekday,Thursday,Light_Load,3.46,100.00,76.42,0.00,2.92
25/04/2018 06:30,Weekday,Wednesday,Light_Load,3.10,100.00,60.31,0.00,4.10
23/10/2018 09:15,Weekday,Tuesday,Medium_Load,66.85,100.00,85.45,0.00,40.64
29/10/2018 09:45,Weekday,Monday,Medium_Load,112.00,100.00,94.61,0.00,38.34
02/11/2018 08:45,Weekday,Friday,Light_Load,51.37,100.00,80.49,0.00,37.87
20/08/2018 08:30,Weekday,Monday,Light_Load,59.04,100.00,70.26,0.00,59.80
09/12/2018 21:30,Weekend,Sunday,Light_Load,4.14,19.17,100.00,21.20,0.00
01/07/2018 07:00,Weekend,Sunday,Light_Load,2.74,100.00,60.56,0.00,3.60
06/03/2018 01:15,Weekday,Tuesday,Light_Load,6.73,100.00,77.77,0.00,5.44
13/04/2018 12:30,Weekday,Friday,Medium_Load,4.43,22.14,100.00,19.51,0.00
14/07/2018 14:45,Weekend,Saturday,Maximum_Load,70.20,100.00,95.28,0.00,22.36
12/01/2018 20:45,Weekday,Friday,Medium_Load,90.97,100.00,96.52,0.04,24.66
05/05/2018 09:45,Weekend,Saturday,Light_Load,3.28,18.65,100.00,17.28,0.00
05/04/2018 09:30,Weekday,Thursday,Medium_Load,62.06,100.00,91.60,0.00,27.18
08/04/2018 23:00,Weekend,Sunday,Medium_Load,3.20,100.00,61.16,0.00,4.14
17/04/2018 21:15,Weekday,Tuesday,Medium_Load,6.44,24.66,100.00,25.31,0.00
04/08/2018 02:30,Weekend,Saturday,Light_Load,2.84,100.00,43.37,0.00,5.90
06/08/2018 09:30,Weekday,Monday,Medium_Load,79.81,100.00,87.22,0.00,44.75
05/09/2018 10:45,Weekday,Wednesday,Maximum_Load,53.82,100.00,83.04,0.00,36.11
01/07/2018 23:45,Weekend,Sunday,Light_Load,2.81,100.00,60.07,0.00,3.74
19/02/2018 02:30,Weekday,Monday,Light_Load,3.56,100.00,51.86,0.00,5.87
31/05/2018 23:30,Weekday,Thursday,Light_Load,2.84,100.00,52.20,0.00,4.64
19/11/2018 13:30,Weekday,Monday,Medium_Load,69.52,100.00,88.25,0.00,37.04
25/05/2018 00:45,Weekday,Friday,Light_Load,3.60,100.00,65.98,0.00,4.10
10/09/2018 06:00,Weekday,Monday,Light_Load,2.95,100.00,45.84,0.00,5.72
12/06/2018 10:45,Weekday,Tuesday,Maximum_Load,46.01,100.00,92.01,0.00,19.58
14/11/2018 20:30,Weekday,Wednesday,Medium_Load,5.11,27.62,100.00,17.78,0.00
01/11/2018 00:45,Weekday,Thursday,Light_Load,5.11,100.00,67.08,0.00,5.65
04/05/2018 13:30,Weekday,Friday,Maximum_Load,56.70,100.00,91.12,0.00,25.63
08/09/2018 13:00,Weekend,Saturday,Medium_Load,3.28,28.29,100.00,11.12,0.00
31/07/2018 15:00,Weekday,Tuesday,Maximum_Load,49.79,100.00,96.55,0.00,13.43
22/03/2018 10:45,Weekday,Thursday,Maximum_Load,52.99,100.00,96.65,0.00,14.08
15/06/2018 01:00,Weekday,Friday,Light_Load,3.46,100.00,55.54,0.00,5.18
15/10/2018 09:15,Weekday,Monday,Medium_Load,112.39,100.00,91.47,0.00,49.64
20/03/2018 02:30,Weekday,Tuesday,Light_Load,3.10,100.00,62.32,0.00,3.89
20/10/2018 12:00,Weekend,Saturday,Maximum_Load,28.73,98.58,85.60,4.90,17.35
11/12/2018 11:15,Weekday,Tuesday,Maximum_Load,63.83,100.00,90.82,0.00,29.41
20/05/2018 07:30,Weekend,Sunday,Light_Load,3.06,100.00,46.92,0.00,5.76
17/05/2018 00:00,Weekday,Thursday,Light_Load,3.64,100.00,63.49,0.00,4.43
01/04/2018 18:30,Weekend,Sunday,Light_Load,2.99,47.96,100.00,5.47,0.00
31/08/2018 17:30,Weekday,Friday,Medium_Load,43.92,99.98,96.35,0.90,12.20
24/08/2018 04:45,Weekday,Friday,Light_Load,2.92,100.00,46.11,0.00,5.62
30/03/2018 11:15,Weekday,Friday,Maximum_Load,61.70,100.00,79.23,0.00,47.52
12/05/2018 12:15,Weekend,Saturday,Medium_Load,20.20,88.84,99.89,10.44,0.94
16/04/2018 05:00,Weekday,Monday,Light_Load,3.13,100.00,63.78,0.00,3.78
27/01/2018 10:45,Weekend,Saturday,Maximum_Load,33.41,95.42,100.00,10.48,0.00
17/07/2018 22:00,Weekday,Tuesday,Medium_Load,3.85,23.18,100.00,16.16,0.00
08/04/2018 17:45,Weekend,Sunday,Medium_Load,4.07,15.47,100.00,25.99,0.00
01/11/2018 15:45,Weekday,Thursday,Medium_Load,50.83,100.00,88.93,0.00,26.14
07/07/2018 13:30,Weekend,Saturday,Maximum_Load,79.78,100.00,96.70,0.00,21.02
12/09/2018 12:30,Weekday,Wednesday,Medium_Load,5.18,27.46,100.00,18.14,0.00
05/09/2018 20:15,Weekday,Wednesday,Medium_Load,47.99,100.00,89.05,0.00,24.52
25/09/2018 13:45,Weekday,Tuesday,Light_Load,2.63,22.06,100.00,11.63,0.00
28/01/2018 07:00,Weekend,Sunday,Light_Load,4.21,100.00,65.17,0.00,4.90
08/12/2018 21:00,Weekend,Saturday,Medium_Load,4.10,19.11,100.00,21.06,0.00
28/07/2018 23:45,Weekend,Saturday,Light_Load,2.59,100.00,56.93,0.00,3.74
05/02/2018 07:00,Weekday,Monday,Light_Load,5.36,100.00,74.56,0.00,4.79
30/10/2018 00:45,Weekday,Tuesday,Light_Load,3.71,100.00,47.46,0.00,6.88
25/04/2018 12:30,Weekday,Wednesday,Medium_Load,4.68,17.23,100.00,26.75,0.00
15/11/2018 00:45,Weekday,Thursday,Light_Load,3.64,100.00,50.27,0.00,6.26
27/11/2018 08:30,Weekday,Tuesday,Light_Load,72.36,100.00,78.88,0.00,56.38
30/05/2018 05:45,Weekday,Wednesday,Light_Load,2.95,100.00,47.00,0.00,5.54
21/06/2018 02:00,Weekday,Thursday,Light_Load,2.92,100.00,51.19,0.00,4.90
10/01/2018 03:45,Weekday,Wednesday,Light_Load,4.54,100.00,71.02,0.00,4.50
03/12/2018 11:30,Weekday,Monday,Maximum_Load,58.10,100.00,93.03,0.00,22.90
19/03/2018 17:45,Weekday,Monday,Medium_Load,29.84,93.78,100.00,11.05,0.04
02/01/2018 13:45,Weekday,Tuesday,Medium_Load,124.45,100.00,92.85,0.00,49.79
27/03/2018 07:15,Weekday,Tuesday,Light_Load,3.06,100.00,61.83,0.00,3.89
23/07/2018 19:45,Weekday,Monday,Medium_Load,88.34,100.00,95.76,0.00,26.57
14/09/2018 17:15,Weekday,Friday,Medium_Load,43.02,100.00,93.71,0.00,16.02
22/09/2018 17:00,Weekend,Saturday,Light_Load,2.77,24.76,100.00,10.84,0.00
17/04/2018 07:30,Weekday,Tuesday,Light_Load,3.71,100.00,63.95,0.00,4.46
15/09/2018 15:30,Weekend,Saturday,Maximum_Load,42.37,100.00,94.36,0.00,14.87
02/08/2018 15:30,Weekday,Thursday,Light_Load,2.88,17.09,100.00,16.60,0.00
16/08/2018 15:45,Weekday,Thursday,Maximum_Load,55.84,100.00,87.58,0.00,30.78
02/09/2018 17:15,Weekend,Sunday,Medium_Load,3.60,19.31,100.00,18.29,0.00
22/03/2018 19:30,Weekday,Thursday,Medium_Load,38.56,99.93,99.67,1.40,3.13
12/03/2018 23:45,Weekday,Monday,Light_Load,4.50,100.00,58.99,0.00,6.16
23/02/2018 07:30,Weekday,Friday,Light_Load,4.82,100.00,67.35,0.00,5.29
22/08/2018 22:15,Weekday,Wednesday,Medium_Load,2.88,71.58,93.20,2.81,1.12
27/08/2018 06:15,Weekday,Monday,Light_Load,2.88,100.00,52.41,0.00,4.68
22/10/2018 18:15,Weekday,Monday,Medium_Load,40.10,100.00,87.34,0.00,22.36
01/12/2018 19:15,Weekend,Saturday,Maximum_Load,4.79,22.66,100.00,20.59,0.00
08/12/2018 18:15,Weekend,Saturday,Maximum_Load,5.18,45.32,100.00,10.19,0.00
01/08/2018 05:45,Weekday,Wednesday,Light_Load,2.66,100.00,46.68,0.00,5.04
06/04/2018 16:30,Weekday,Friday,Maximum_Load,82.40,100.00,96.43,0.00,22.64
04/05/2018 13:45,Weekday,Friday,Maximum_Load,64.08,100.00,89.68,0.00,31.61
28/11/2018 23:45,Weekday,Wednesday,Light_Load,3.92,100.00,69.37,0.00,4.07
24/07/2018 16:00,Weekday,Tuesday,Maximum_Load,58.46,100.00,91.56,0.00,25.67
14/07/2018 23:15,Weekend,Saturday,Light_Load,2.77,46.60,100.00,5.26,0.00
03/10/2018 16:30,Weekday,Wednesday,Maximum_Load,64.01,100.00,84.42,0.00,40.64
03/05/2018 20:30,Weekday,Thursday,Medium_Load,55.58,100.00,94.95,0.00,18.36
08/05/2018 13:45,Weekday,Tuesday,Maximum_Load,60.66,100.00,87.77,0.00,33.12
31/12/2018 23:45,Weekday,Monday,Light_Load,3.78,99.96,77.72,0.11,3.06
01/08/2018 11:45,Weekday,Wednesday,Light_Load,2.59,41.43,100.00,5.69,0.00
18/02/2018 16:30,Weekend,Sunday,Light_Load,3.60,21.74,100.00,16.16,0.00
05/03/2018 18:00,Weekday,Monday,Medium_Load,31.25,95.80,100.00,9.36,0.00
29/12/2018 06:30,Weekend,Saturday,Light_Load,3.67,99.99,74.97,0.04,3.24
06/01/2018 01:30,Weekend,Saturday,Light_Load,4.18,100.00,67.49,0.00,4.57
17/02/2018 09:15,Weekend,Saturday,Light_Load,4.03,17.15,100.00,23.15,0.00
07/07/2018 15:00,Weekend,Saturday,Maximum_Load,96.01,100.00,95.07,0.00,31.32
18/08/2018 19:30,Weekend,Saturday,Medium_Load,2.74,19.25,100.00,13.97,0.00
04/06/2018 19:30,Weekday,Monday,Medium_Load,102.28,100.00,90.68,0.00,47.56
13/07/2018 09:45,Weekday,Friday,Medium_Load,65.52,100.00,86.70,0.00,37.66
14/02/2018 18:15,Weekday,Wednesday,Light_Load,3.67,48.49,100.00,6.62,0.00
08/09/2018 15:15,Weekend,Saturday,Maximum_Load,35.24,100.00,96.06,0.00,10.19
20/03/2018 20:00,Weekday,Tuesday,Medium_Load,36.36,99.77,99.96,2.45,1.01
14/06/2018 16:00,Weekday,Thursday,Maximum_Load,62.17,100.00,92.23,0.00,26.06
13/03/2018 22:45,Weekday,Tuesday,Medium_Load,3.92,100.00,62.24,0.00,4.93
26/07/2018 05:00,Weekday,Thursday,Light_Load,3.17,100.00,59.52,0.00,4.28
04/04/2018 18:00,Weekday,Wednesday,Medium_Load,30.85,95.91,98.05,9.11,6.19
18/03/2018 10:00,Weekend,Sunday,Light_Load,3.74,14.95,100.00,24.73,0.00
14/11/2018 12:45,Weekday,Wednesday,Medium_Load,7.13,38.35,100.00,17.17,0.00
26/01/2018 17:00,Weekday,Friday,Medium_Load,134.89,100.00,94.86,0.00,45.00
11/02/2018 03:30,Weekend,Sunday,Light_Load,3.71,100.00,71.77,0.00,3.60
07/06/2018 22:00,Weekday,Thursday,Medium_Load,3.67,17.22,100.00,20.99,0.00
27/07/2018 09:15,Weekday,Friday,Medium_Load,66.31,100.00,91.65,0.00,28.94
17/06/2018 03:30,Weekend,Sunday,Light_Load,2.77,100.00,56.26,0.00,4.07
21/03/2018 11:15,Weekday,Wednesday,Maximum_Load,69.98,100.00,81.11,0.00,50.47
28/03/2018 04:45,Weekday,Wednesday,Light_Load,3.02,100.00,69.43,0.00,3.13
28/08/2018 19:45,Weekday,Tuesday,Medium_Load,41.22,100.00,92.17,0.00,17.35
20/06/2018 04:45,Weekday,Wednesday,Light_Load,3.13,100.00,46.62,0.00,5.94
10/05/2018 00:15,Weekday,Thursday,Light_Load,3.56,100.00,75.41,0.00,3.10
05/10/2018 00:15,Weekday,Friday,Light_Load,3.56,100.00,48.96,0.00,6.34
19/03/2018 01:00,Weekday,Monday,Light_Load,3.10,100.00,63.82,0.00,3.74
05/04/2018 10:15,Weekday,Thursday,Maximum_Load,66.20,100.00,93.14,0.00,25.88
01/03/2018 01:00,Weekday,Thursday,Light_Load,3.92,100.00,61.70,0.00,5.00
29/05/2018 18:15,Weekday,Tuesday,Medium_Load,33.62,99.82,88.48,2.02,17.71
14/11/2018 19:00,Weekday,Wednesday,Maximum_Load,5.18,27.40,100.00,18.18,0.00
28/07/2018 04:15,Weekend,Saturday,Light_Load,3.42,100.00,48.54,0.00,6.16
24/04/2018 20:00,Weekday,Tuesday,Medium_Load,47.34,100.00,95.91,0.00,13.97
18/03/2018 01:45,Weekend,Sunday,Light_Load,3.06,100.00,67.44,0.00,3.35
18/12/2018 15:00,Weekday,Tuesday,Medium_Load,68.00,100.00,94.68,0.00,23.11
09/12/2018 14:30,Weekend,Sunday,Light_Load,3.42,24.37,100.00,13.61,0.00
03/07/2018 14:45,Weekday,Tuesday,Maximum_Load,71.32,100.00,87.71,0.00,39.06
15/02/2018 06:15,Weekday,Thursday,Light_Load,3.28,100.00,57.39,0.00,4.68
01/10/2018 06:45,Weekday,Monday,Light_Load,2.45,100.00,48.99,0.00,4.36
16/11/2018 14:00,Weekday,Friday,Medium_Load,59.15,100.00,86.30,0.00,34.63
28/03/2018 20:15,Weekday,Wednesday,Medium_Load,37.48,100.00,98.20,0.07,7.20
23/03/2018 14:00,Weekday,Friday,Maximum_Load,100.91,100.00,92.80,0.00,40.50
19/01/2018 19:15,Weekday,Friday,Maximum_Load,75.24,100.00,91.96,0.00,32.15
20/01/2018 05:15,Weekend,Saturday,Light_Load,66.35,100.00,88.45,0.00,34.99
28/03/2018 12:15,Weekday,Wednesday,Medium_Load,7.49,34.13,100.00,20.63,0.07
17/04/2018 06:45,Weekday,Tuesday,Light_Load,3.17,100.00,60.43,0.00,4.18
26/04/2018 14:30,Weekday,Thursday,Maximum_Load,38.77,100.00,97.51,0.00,8.82
17/06/2018 05:00,Weekend,Sunday,Light_Load,3.35,100.00,64.59,0.00,3.96
13/02/2018 00:15,Weekday,Tuesday,Light_Load,54.65,100.00,83.05,0.00,36.65
03/10/2018 23:00,Weekday,Wednesday,Medium_Load,2.77,100.00,46.11,0.00,5.33
17/11/2018 18:15,Weekend,Saturday,Maximum_Load,4.03,58.55,100.00,5.58,0.00
10/04/2018 08:00,Weekday,Tuesday,Light_Load,4.07,100.00,72.91,0.00,3.82
07/04/2018 05:30,Weekend,Saturday,Light_Load,3.28,100.00,52.41,0.00,5.33
30/04/2018 01:00,Weekday,Monday,Light_Load,2.88,100.00,54.25,0.00,4.46
30/04/2018 08:15,Weekday,Monday,Light_Load,33.55,100.00,74.80,0.00,29.77
24/04/2018 01:30,Weekday,Tuesday,Light_Load,3.24,100.00,58.77,0.00,4.46
05/01/2018 03:30,Weekday,Friday,Light_Load,4.68,100.00,68.05,0.00,5.04
12/12/2018 23:00,Weekday,Wednesday,Maximum_Load,4.21,99.91,78.61,0.18,3.31
17/12/2018 22:00,Weekday,Monday,Medium_Load,4.46,20.76,100.00,21.02,0.00
07/05/2018 14:00,Weekday,Monday,Maximum_Load,98.75,100.00,93.70,0.00,36.83
07/08/2018 15:45,Weekday,Tuesday,Maximum_Load,52.02,100.00,88.41,0.00,27.50
01/10/2018 08:45,Weekday,Monday,Light_Load,46.12,100.00,76.49,0.00,38.84
13/06/2018 07:15,Weekday,Wednesday,Light_Load,2.99,100.00,49.99,0.00,5.18
04/11/2018 06:30,Weekend,Sunday,Light_Load,3.49,100.00,45.45,0.00,6.84
11/04/2018 06:30,Weekday,Wednesday,Light_Load,3.28,100.00,54.85,0.00,5.00
18/12/2018 10:30,Weekday,Tuesday,Maximum_Load,58.68,100.00,93.81,0.00,21.67
13/12/2018 06:45,Weekday,Thursday,Light_Load,3.38,99.86,83.81,0.18,2.20
05/01/2018 17:00,Weekday,Friday,Medium_Load,69.80,100.00,92.91,0.00,27.79
03/12/2018 23:45,Weekday,Monday,Light_Load,4.61,100.00,72.97,0.00,4.32
26/12/2018 03:30,Weekday,Wednesday,Light_Load,3.28,100.00,77.21,0.00,2.70
25/12/2018 12:30,Weekday,Tuesday,Light_Load,3.56,25.82,100.00,13.32,0.00
16/02/2018 14:15,Weekday,Friday,Light_Load,3.85,17.18,100.00,22.07,0.00
24/07/2018 20:00,Weekday,Tuesday,Medium_Load,46.66,100.00,95.82,0.00,13.93
19/06/2018 04:45,Weekday,Tuesday,Light_Load,2.84,100.00,53.71,0.00,4.46
22/04/2018 13:15,Weekend,Sunday,Maximum_Load,17.35,85.53,99.96,10.51,0.50
28/10/2018 01:15,Weekend,Sunday,Light_Load,2.84,100.00,48.07,0.00,5.18
19/06/2018 06:00,Weekday,Tuesday,Light_Load,2.70,100.00,49.10,0.00,4.79
17/11/2018 03:30,Weekend,Saturday,Light_Load,3.38,100.00,52.29,0.00,5.51
08/01/2018 19:15,Weekday,Monday,Maximum_Load,70.74,100.00,94.60,0.00,24.23
04/04/2018 16:30,Weekday,Wednesday,Maximum_Load,54.29,100.00,91.34,0.00,24.19
14/10/2018 03:30,Weekend,Sunday,Light_Load,2.74,100.00,49.97,0.00,4.75
06/01/2018 02:00,Weekend,Saturday,Light_Load,4.18,100.00,61.50,0.00,5.36
30/03/2018 19:30,Weekday,Friday,Medium_Load,3.67,13.77,100.00,26.39,0.00
01/11/2018 04:45,Weekday,Thursday,Light_Load,3.28,100.00,63.12,0.00,4.03
14/08/2018 11:30,Weekday,Tuesday,Maximum_Load,72.68,100.00,74.94,0.00,64.22
09/04/2018 04:00,Weekday,Monday,Light_Load,3.17,100.00,63.86,0.00,3.82
19/11/2018 15:45,Weekday,Monday,Medium_Load,65.52,100.00,88.39,0.00,34.67
22/09/2018 15:15,Weekend,Saturday,Light_Load,2.84,25.34,100.00,10.84,0.00
27/12/2018 07:00,Weekday,Thursday,Light_Load,3.60,99.68,81.50,0.29,2.56
03/10/2018 09:30,Weekday,Wednesday,Medium_Load,69.37,100.00,83.22,0.00,46.22
07/04/2018 09:00,Weekend,Saturday,Light_Load,92.48,100.00,97.33,0.00,21.82
27/09/2018 16:45,Weekday,Thursday,Maximum_Load,48.53,100.00,88.61,0.00,25.38
23/02/2018 12:00,Weekday,Friday,Maximum_Load,125.60,100.00,88.00,0.00,67.79
27/10/2018 02:00,Weekend,Saturday,Light_Load,4.50,100.00,49.07,0.00,7.99
06/04/2018 17:15,Weekday,Friday,Medium_Load,78.77,100.00,97.07,0.00,19.51
10/01/2018 16:00,Weekday,Wednesday,Medium_Load,123.19,100.00,94.14,0.00,44.14
28/02/2018 20:00,Weekday,Wednesday,Maximum_Load,42.91,100.00,99.23,0.07,5.36
14/04/2018 14:45,Weekend,Saturday,Maximum_Load,38.66,99.99,99.95,0.54,1.26
20/05/2018 08:30,Weekend,Sunday,Light_Load,25.74,100.00,71.96,0.00,24.84
05/04/2018 08:45,Weekday,Thursday,Light_Load,64.66,100.00,73.11,0.00,60.34
08/12/2018 22:00,Weekend,Saturday,Medium_Load,4.10,19.21,100.00,20.95,0.00
25/03/2018 19:30,Weekend,Sunday,Medium_Load,4.03,15.06,100.00,26.46,0.00
30/12/2018 00:30,Weekend,Sunday,Light_Load,3.82,99.99,76.66,0.04,3.20
26/04/2018 10:45,Weekday,Thursday,Maximum_Load,111.64,100.00,90.54,0.00,52.34
09/10/2018 08:30,Weekday,Tuesday,Light_Load,53.96,100.00,72.19,0.00,51.73
26/06/2018 06:30,Weekday,Tuesday,Light_Load,2.59,100.00,56.93,0.00,3.74
20/01/2018 20:15,Weekend,Saturday,Medium_Load,39.53,99.82,100.00,2.38,0.25
03/02/2018 10:45,Weekend,Saturday,Maximum_Load,40.86,99.96,99.97,1.12,0.97
27/10/2018 21:00,Weekend,Saturday,Medium_Load,4.14,22.80,100.00,17.68,0.00
13/01/2018 09:45,Weekend,Saturday,Medium_Load,57.31,100.00,98.12,0.00,11.27
28/07/2018 05:00,Weekend,Saturday,Light_Load,3.42,100.00,45.90,0.00,6.62
14/08/2018 20:15,Weekday,Tuesday,Medium_Load,95.44,100.00,94.38,0.00,33.41
05/07/2018 17:00,Weekday,Thursday,Maximum_Load,64.04,100.00,89.03,0.00,32.76
06/01/2018 21:00,Weekend,Saturday,Light_Load,4.10,16.73,100.00,24.16,0.00
22/04/2018 10:15,Weekend,Sunday,Maximum_Load,31.75,99.51,99.97,3.17,0.72
08/11/2018 09:30,Weekday,Thursday,Medium_Load,56.34,100.00,89.61,0.00,27.90
25/05/2018 02:15,Weekday,Friday,Light_Load,2.99,100.00,60.65,0.00,3.92
27/10/2018 02:15,Weekend,Saturday,Light_Load,3.60,100.00,44.72,0.00,7.20
25/09/2018 02:30,Weekday,Tuesday,Light_Load,2.77,100.00,42.03,0.00,5.98
13/04/2018 02:30,Weekday,Friday,Light_Load,3.42,100.00,61.46,0.00,4.39
24/02/2018 17:30,Weekend,Saturday,Maximum_Load,89.32,100.00,99.18,0.00,11.48
09/03/2018 06:15,Weekday,Friday,Light_Load,4.97,100.00,78.21,0.00,3.96
28/12/2018 22:00,Weekday,Friday,Medium_Load,5.22,24.06,100.00,21.06,0.00
05/01/2018 20:15,Weekday,Friday,Medium_Load,44.17,100.00,99.56,0.04,4.18
14/07/2018 21:30,Weekend,Saturday,Medium_Load,3.02,16.42,100.00,18.14,0.00
29/11/2018 20:00,Weekday,Thursday,Maximum_Load,40.57,100.00,97.98,0.00,8.28
20/03/2018 21:45,Weekday,Tuesday,Medium_Load,4.36,16.41,100.00,26.21,0.00
04/01/2018 16:00,Weekday,Thursday,Medium_Load,118.94,100.00,92.19,0.00,49.97
28/03/2018 09:30,Weekday,Wednesday,Medium_Load,51.55,100.00,97.98,0.32,10.51
24/04/2018 02:00,Weekday,Tuesday,Light_Load,3.28,100.00,58.31,0.00,4.57
16/08/2018 20:15,Weekday,Thursday,Medium_Load,54.61,100.00,86.10,0.00,32.26
29/08/2018 16:45,Weekday,Wednesday,Maximum_Load,52.96,100.00,88.77,0.00,27.47
17/02/2018 08:00,Weekend,Saturday,Light_Load,3.13,100.00,62.69,0.00,3.89
22/09/2018 06:00,Weekend,Saturday,Light_Load,2.52,100.00,46.56,0.00,4.79
18/07/2018 23:00,Weekday,Wednesday,Medium_Load,2.81,51.15,100.00,4.72,0.00
24/12/2018 22:45,Weekday,Monday,Maximum_Load,3.89,99.89,77.52,0.18,3.17
11/12/2018 01:15,Weekday,Tuesday,Light_Load,4.32,100.00,75.86,0.04,3.71
02/07/2018 17:45,Weekday,Monday,Medium_Load,34.70,99.36,99.69,3.96,2.74
05/09/2018 04:00,Weekday,Wednesday,Light_Load,2.52,100.00,47.41,0.00,4.68
29/09/2018 10:30,Weekend,Saturday,Maximum_Load,44.50,100.00,93.30,0.00,17.17
12/05/2018 05:15,Weekend,Saturday,Light_Load,3.02,100.00,58.56,0.00,4.18
06/02/2018 05:00,Weekday,Tuesday,Light_Load,4.39,100.00,78.28,0.00,3.49
07/12/2018 09:15,Weekday,Friday,Medium_Load,58.86,100.00,97.27,0.00,14.04
07/03/2018 10:15,Weekday,Wednesday,Maximum_Load,58.93,100.00,98.96,0.00,8.57
04/03/2018 00:30,Weekend,Sunday,Light_Load,2.99,100.00,64.63,0.00,3.53
16/04/2018 03:45,Weekday,Monday,Light_Load,3.10,100.00,62.03,0.00,3.92
20/04/2018 04:15,Weekday,Friday,Light_Load,3.02,100.00,63.54,0.00,3.67
23/03/2018 18:45,Weekday,Friday,Medium_Load,75.92,100.00,93.44,0.00,28.94
18/07/2018 19:15,Weekday,Wednesday,Medium_Load,3.42,13.05,100.00,25.99,0.00
19/10/2018 18:30,Weekday,Friday,Medium_Load,63.90,100.00,81.26,0.00,45.83
21/02/2018 19:15,Weekday,Wednesday,Maximum_Load,84.20,100.00,98.88,0.72,12.71
19/08/2018 19:00,Weekend,Sunday,Light_Load,2.70,18.94,100.00,14.00,0.00
11/01/2018 17:30,Weekday,Thursday,Maximum_Load,109.91,100.00,94.90,0.00,36.50
25/06/2018 17:45,Weekday,Monday,Medium_Load,28.04,94.97,100.00,9.25,0.00
25/11/2018 09:00,Weekend,Sunday,Light_Load,3.46,22.93,100.00,14.69,0.00
16/07/2018 01:00,Weekday,Monday,Light_Load,2.88,49.91,100.00,5.00,0.00
23/11/2018 19:45,Weekday,Friday,Maximum_Load,66.17,100.00,92.12,0.00,27.94
11/06/2018 01:30,Weekday,Monday,Light_Load,2.88,100.00,46.59,0.00,5.47
24/01/2018 18:30,Weekday,Wednesday,Maximum_Load,27.79,100.00,98.81,0.00,4.32
14/08/2018 08:45,Weekday,Tuesday,Light_Load,93.49,100.00,78.89,0.00,72.83
05/03/2018 10:00,Weekday,Monday,Medium_Load,50.29,100.00,95.57,0.00,15.48
04/07/2018 19:00,Weekday,Wednesday,Medium_Load,50.90,100.00,96.08,0.22,14.69
01/11/2018 10:15,Weekday,Thursday,Maximum_Load,58.43,100.00,89.67,0.00,28.84
05/07/2018 21:15,Weekday,Thursday,Medium_Load,4.72,18.06,100.00,25.70,0.00
11/12/2018 02:45,Weekday,Tuesday,Light_Load,4.21,100.00,74.76,0.04,3.74
13/02/2018 05:15,Weekday,Tuesday,Light_Load,4.72,100.00,65.06,0.00,5.51
20/02/2018 13:00,Weekday,Tuesday,Medium_Load,8.17,30.60,100.00,25.42,0.00
12/01/2018 08:00,Weekday,Friday,Light_Load,7.09,100.00,86.14,0.00,4.18
03/03/2018 02:30,Weekend,Saturday,Light_Load,3.74,100.00,67.66,0.00,4.07
22/10/2018 15:00,Weekday,Monday,Maximum_Load,65.63,100.00,89.94,0.00,31.90
11/02/2018 04:45,Weekend,Sunday,Light_Load,4.10,100.00,70.02,0.00,4.18
29/12/2018 21:00,Weekend,Saturday,Light_Load,4.10,19.23,100.00,20.92,0.00
11/11/2018 10:15,Weekend,Sunday,Light_Load,2.99,24.33,100.00,11.92,0.00
24/12/2018 10:00,Weekday,Monday,Medium_Load,56.27,100.00,94.48,0.00,19.51
26/02/2018 22:15,Weekday,Monday,Maximum_Load,6.01,36.19,96.10,15.48,1.73
16/08/2018 17:45,Weekday,Thursday,Medium_Load,27.79,99.38,99.99,3.10,0.32
22/05/2018 18:15,Weekday,Tuesday,Medium_Load,3.64,51.12,100.00,6.12,0.00
09/09/2018 02:45,Weekend,Sunday,Light_Load,2.84,100.00,46.82,0.00,5.36
11/12/2018 15:00,Weekday,Tuesday,Medium_Load,78.55,100.00,87.22,0.00,44.06
07/10/2018 20:45,Weekend,Sunday,Light_Load,2.77,22.91,100.00,11.77,0.00
15/04/2018 00:45,Weekend,Sunday,Light_Load,3.56,100.00,62.04,0.00,4.50
03/08/2018 19:30,Weekday,Friday,Light_Load,2.99,17.91,100.00,16.42,0.00
13/06/2018 20:45,Weekday,Wednesday,Medium_Load,3.02,17.32,100.00,17.17,0.00
06/09/2018 18:15,Weekday,Thursday,Medium_Load,49.25,100.00,82.59,0.00,33.62
07/03/2018 12:30,Weekday,Wednesday,Medium_Load,6.44,23.80,100.00,26.28,0.00
05/06/2018 13:45,Weekday,Tuesday,Maximum_Load,87.48,100.00,86.86,0.00,49.90
15/11/2018 05:45,Weekday,Thursday,Light_Load,3.53,100.00,59.33,0.00,4.79
19/06/2018 02:00,Weekday,Tuesday,Light_Load,2.81,100.00,52.97,0.00,4.50
08/09/2018 03:15,Weekend,Saturday,Light_Load,3.10,100.00,52.39,0.00,5.04
27/08/2018 13:00,Weekday,Monday,Medium_Load,25.52,98.79,99.98,4.00,0.50
25/02/2018 13:15,Weekend,Sunday,Light_Load,5.18,20.17,100.00,25.16,0.00
07/12/2018 00:30,Weekday,Friday,Light_Load,4.03,100.00,69.75,0.00,4.14
05/02/2018 16:30,Weekday,Monday,Medium_Load,113.15,100.00,95.84,0.00,33.70
18/08/2018 10:45,Weekend,Saturday,Maximum_Load,72.07,100.00,89.69,0.00,35.53
07/01/2018 08:00,Weekend,Sunday,Light_Load,3.28,100.00,65.14,0.00,3.82
10/10/2018 09:30,Weekday,Wednesday,Medium_Load,79.45,100.00,86.01,0.00,47.12
17/09/2018 10:30,Weekday,Monday,Maximum_Load,55.19,100.00,86.11,0.00,32.58
22/05/2018 14:45,Weekday,Tuesday,Maximum_Load,32.72,99.57,99.99,3.06,0.54
07/04/2018 18:30,Weekend,Saturday,Medium_Load,3.85,46.25,100.00,7.38,0.00
22/10/2018 12:00,Weekday,Monday,Maximum_Load,112.61,100.00,85.76,0.29,67.54
21/10/2018 20:45,Weekend,Sunday,Light_Load,3.24,24.18,100.00,13.00,0.00
08/11/2018 06:45,Weekday,Thursday,Light_Load,3.02,100.00,53.65,0.00,4.75
12/06/2018 13:15,Weekday,Tuesday,Maximum_Load,39.06,99.65,96.57,3.28,10.51
19/06/2018 08:30,Weekday,Tuesday,Light_Load,32.90,100.00,74.88,0.00,29.12
02/02/2018 12:15,Weekday,Friday,Medium_Load,15.01,63.29,99.04,18.36,2.09
31/03/2018 18:00,Weekend,Saturday,Light_Load,2.95,16.79,100.00,17.32,0.00
24/05/2018 01:45,Weekday,Thursday,Light_Load,3.46,100.00,59.45,0.00,4.68
29/07/2018 23:45,Weekend,Sunday,Light_Load,3.24,100.00,62.00,0.00,4.10
02/10/2018 05:15,Weekday,Tuesday,Light_Load,2.63,100.00,48.99,0.00,4.68
14/12/2018 17:15,Weekday,Friday,Maximum_Load,63.94,100.00,91.77,0.00,27.68
25/03/2018 20:30,Weekend,Sunday,Medium_Load,4.10,15.27,100.00,26.53,0.00
18/01/2018 11:15,Weekday,Thursday,Maximum_Load,143.93,100.00,89.39,0.00,72.18
03/06/2018 19:15,Weekend,Sunday,Light_Load,2.99,17.36,100.00,16.96,0.00
15/12/2018 20:30,Weekend,Saturday,Light_Load,3.42,22.41,100.00,14.87,0.00
18/05/2018 04:00,Weekday,Friday,Light_Load,3.17,100.00,50.35,0.00,5.44
30/01/2018 01:30,Weekday,Tuesday,Light_Load,23.51,100.00,76.20,0.00,19.98
28/01/2018 06:30,Weekend,Sunday,Light_Load,4.18,100.00,66.30,0.00,4.72
17/11/2018 10:30,Weekend,Saturday,Maximum_Load,117.72,100.00,93.93,0.00,42.98
16/05/2018 05:30,Weekday,Wednesday,Light_Load,3.24,100.00,51.94,0.00,5.33
19/03/2018 02:45,Weekday,Monday,Light_Load,3.10,100.00,63.82,0.00,3.74
10/02/2018 18:45,Weekend,Saturday,Light_Load,3.96,25.45,100.00,15.05,0.00
11/07/2018 07:30,Weekday,Wednesday,Light_Load,2.92,100.00,56.99,0.00,4.21
15/10/2018 01:00,Weekday,Monday,Light_Load,3.17,100.00,43.73,0.00,6.52
01/10/2018 14:00,Weekday,Monday,Maximum_Load,45.47,100.00,90.08,0.00,21.92
22/03/2018 01:30,Weekday,Thursday,Light_Load,3.89,100.00,60.80,0.00,5.08
27/10/2018 09:00,Weekend,Saturday,Light_Load,45.72,100.00,92.39,0.00,18.94
18/06/2018 23:45,Weekday,Monday,Light_Load,2.74,100.00,53.56,0.00,4.32
19/09/2018 13:15,Weekday,Wednesday,Maximum_Load,30.74,98.68,96.21,5.04,8.71
03/11/2018 21:30,Weekend,Saturday,Medium_Load,3.71,19.44,100.00,18.72,0.00
26/03/2018 14:45,Weekday,Monday,Maximum_Load,96.98,100.00,96.86,0.00,24.91
20/09/2018 00:15,Weekday,Thursday,Light_Load,2.70,100.00,50.29,0.00,4.64
21/07/2018 20:15,Weekend,Saturday,Medium_Load,2.92,16.60,100.00,17.35,0.00
12/10/2018 09:00,Weekday,Friday,Light_Load,121.72,100.00,87.49,0.00,67.39
27/06/2018 03:30,Weekday,Wednesday,Light_Load,2.81,100.00,57.20,0.00,4.03
19/10/2018 17:30,Weekday,Friday,Medium_Load,39.71,100.00,95.83,0.04,11.84
03/09/2018 16:30,Weekday,Monday,Maximum_Load,63.83,100.00,85.00,0.00,39.56
14/06/2018 06:30,Weekday,Thursday,Light_Load,2.81,100.00,52.97,0.00,4.50
03/05/2018 10:30,Weekday,Thursday,Maximum_Load,63.97,100.00,92.77,0.00,25.74
15/07/2018 10:45,Weekend,Sunday,Maximum_Load,80.46,100.00,90.80,0.00,37.12
22/01/2018 06:30,Weekday,Monday,Light_Load,4.39,100.00,73.67,0.00,4.03
09/04/2018 22:45,Weekday,Monday,Medium_Load,7.60,100.00,80.81,0.00,5.54
03/04/2018 17:00,Weekday,Tuesday,Maximum_Load,81.43,100.00,83.63,0.00,53.39
02/08/2018 12:15,Weekday,Thursday,Light_Load,2.77,24.23,100.00,11.09,0.00
17/09/2018 08:30,Weekday,Monday,Light_Load,63.11,100.00,74.75,0.00,56.09
20/09/2018 01:30,Weekday,Thursday,Light_Load,2.70,100.00,50.29,0.00,4.64
08/09/2018 02:45,Weekend,Saturday,Light_Load,3.17,100.00,51.12,0.00,5.33
07/09/2018 17:45,Weekday,Friday,Medium_Load,28.84,99.76,99.91,2.02,1.19
03/09/2018 14:45,Weekday,Monday,Maximum_Load,54.94,100.00,82.18,0.00,38.09
01/02/2018 18:45,Weekday,Thursday,Maximum_Load,81.72,100.00,87.73,0.00,44.71
21/12/2018 19:00,Weekday,Friday,Maximum_Load,5.54,25.49,100.00,21.02,0.00
15/10/2018 09:45,Weekday,Monday,Medium_Load,112.43,100.00,90.96,0.00,51.37
26/02/2018 03:45,Weekday,Monday,Light_Load,3.82,100.00,76.26,0.00,3.24
26/08/2018 14:00,Weekend,Sunday,Maximum_Load,6.59,33.03,100.00,18.83,0.00
06/01/2018 06:45,Weekend,Saturday,Light_Load,4.21,100.00,61.49,0.00,5.40
09/01/2018 21:30,Weekday,Tuesday,Medium_Load,5.26,19.27,100.00,26.78,0.00
30/12/2018 02:15,Weekend,Sunday,Light_Load,3.06,100.00,77.69,0.00,2.48
23/01/2018 06:15,Weekday,Tuesday,Light_Load,40.10,100.00,80.57,0.00,29.48
18/05/2018 11:15,Weekday,Friday,Maximum_Load,51.95,100.00,80.62,0.00,38.12
08/11/2018 15:00,Weekday,Thursday,Medium_Load,59.76,100.00,86.95,0.00,33.95
09/12/2018 10:00,Weekend,Sunday,Light_Load,3.89,19.73,100.00,19.33,0.00
28/04/2018 23:00,Weekend,Saturday,Medium_Load,4.21,100.00,66.02,0.00,4.79
14/08/2018 03:45,Weekday,Tuesday,Light_Load,3.31,100.00,50.55,0.00,5.65
26/07/2018 13:00,Weekday,Thursday,Medium_Load,5.00,23.52,100.00,20.66,0.00
21/03/2018 14:15,Weekday,Wednesday,Maximum_Load,54.97,100.00,96.66,0.00,14.58
23/11/2018 19:30,Weekday,Friday,Maximum_Load,69.48,100.00,90.92,0.00,31.82
19/03/2018 21:00,Weekday,Monday,Medium_Load,23.83,85.52,100.00,14.44,0.00
09/06/2018 18:15,Weekend,Saturday,Light_Load,2.92,50.96,100.00,4.93,0.00
20/06/2018 18:45,Weekday,Wednesday,Medium_Load,44.39,100.00,86.45,0.00,25.81
09/02/2018 02:15,Weekday,Friday,Light_Load,6.01,100.00,72.44,0.00,5.72
21/11/2018 16:00,Weekday,Wednesday,Medium_Load,79.16,100.00,96.21,0.00,22.43
19/08/2018 05:15,Weekend,Sunday,Light_Load,2.63,100.00,47.07,0.00,4.93
10/06/2018 08:00,Weekend,Sunday,Light_Load,2.84,100.00,49.09,0.00,5.04
03/06/2018 06:15,Weekend,Sunday,Light_Load,2.99,100.00,42.27,0.00,6.41
07/09/2018 04:00,Weekday,Friday,Light_Load,2.99,100.00,51.32,0.00,5.00
30/03/2018 13:00,Weekday,Friday,Medium_Load,4.97,28.52,99.99,16.70,0.07
09/07/2018 19:00,Weekday,Monday,Medium_Load,48.82,100.00,95.89,0.00,14.44
02/01/2018 20:15,Weekday,Tuesday,Medium_Load,33.23,99.30,99.90,3.96,1.51
29/06/2018 02:15,Weekday,Friday,Light_Load,3.02,100.00,53.65,0.00,4.75
22/05/2018 20:15,Weekday,Tuesday,Medium_Load,4.39,16.50,100.00,26.24,0.00
16/11/2018 17:45,Weekday,Friday,Maximum_Load,36.29,100.00,94.98,0.00,11.95
05/12/2018 01:15,Weekday,Wednesday,Light_Load,3.78,99.78,79.14,0.25,2.92
04/04/2018 08:15,Weekday,Wednesday,Light_Load,49.36,100.00,72.54,0.00,46.84
17/05/2018 05:30,Weekday,Thursday,Light_Load,3.13,100.00,50.43,0.00,5.36
06/07/2018 16:00,Weekday,Friday,Maximum_Load,81.11,100.00,90.72,0.00,37.62
23/12/2018 06:15,Weekend,Sunday,Light_Load,3.35,100.00,79.91,0.00,2.52
12/11/2018 05:00,Weekday,Monday,Light_Load,2.74,100.00,62.97,0.00,3.38
28/01/2018 10:30,Weekend,Sunday,Maximum_Load,27.86,93.19,100.00,10.84,0.00
30/06/2018 16:45,Weekend,Saturday,Maximum_Load,42.44,100.00,94.97,0.11,14.00
29/05/2018 17:15,Weekday,Tuesday,Medium_Load,54.50,100.00,94.26,0.00,19.30
24/06/2018 06:15,Weekend,Sunday,Light_Load,2.56,100.00,57.95,0.00,3.60
08/02/2018 15:45,Weekday,Thursday,Medium_Load,113.90,100.00,92.15,0.00,47.99
28/09/2018 22:30,Weekday,Friday,Medium_Load,3.17,100.00,43.73,0.00,6.52
21/06/2018 22:30,Weekday,Thursday,Medium_Load,3.60,100.00,57.82,0.00,5.08
10/12/2018 23:00,Weekday,Monday,Maximum_Load,4.18,99.97,76.76,0.11,3.49
18/11/2018 02:15,Weekend,Sunday,Light_Load,3.24,100.00,50.48,0.00,5.54
25/01/2018 17:15,Weekday,Thursday,Maximum_Load,74.70,100.00,94.07,0.00,26.93
18/05/2018 10:15,Weekday,Friday,Maximum_Load,49.36,100.00,92.17,0.00,20.77
19/05/2018 16:15,Weekend,Saturday,Maximum_Load,33.05,99.06,100.00,4.57,0.14
17/11/2018 19:30,Weekend,Saturday,Maximum_Load,4.14,23.71,100.00,16.96,0.00
25/05/2018 03:00,Weekday,Friday,Light_Load,2.84,100.00,67.20,0.00,3.13
03/08/2018 20:00,Weekday,Friday,Light_Load,2.99,17.81,100.00,16.52,0.00
20/01/2018 19:30,Weekend,Saturday,Maximum_Load,40.07,99.85,100.00,2.20,0.36
18/06/2018 23:00,Weekday,Monday,Medium_Load,3.49,100.00,56.63,0.00,5.08
04/07/2018 13:30,Weekday,Wednesday,Maximum_Load,40.14,100.00,93.50,0.00,15.23
31/12/2018 05:45,Weekday,Monday,Light_Load,3.02,99.89,83.12,0.14,2.02
04/05/2018 21:15,Weekday,Friday,Medium_Load,3.82,14.56,100.00,25.96,0.00
14/05/2018 14:30,Weekday,Monday,Maximum_Load,48.24,100.00,91.87,0.00,20.74
29/03/2018 22:00,Weekday,Thursday,Medium_Load,4.61,17.25,100.00,26.32,0.00
22/12/2018 09:45,Weekend,Saturday,Light_Load,4.32,20.06,100.00,21.10,0.00
22/07/2018 04:00,Weekend,Sunday,Light_Load,2.81,100.00,51.48,0.00,4.68
17/03/2018 13:00,Weekend,Saturday,Medium_Load,3.85,21.66,100.00,17.35,0.00
22/08/2018 02:15,Weekday,Wednesday,Light_Load,2.63,100.00,52.35,0.00,4.28
05/03/2018 01:30,Weekday,Monday,Light_Load,3.53,100.00,59.09,0.00,4.82
22/01/2018 17:15,Weekday,Monday,Maximum_Load,61.49,100.00,92.05,0.00,26.10
14/11/2018 16:45,Weekday,Wednesday,Medium_Load,120.85,100.00,89.78,0.00,59.29
10/05/2018 05:45,Weekday,Thursday,Light_Load,3.46,100.00,68.60,0.00,3.67
08/06/2018 19:00,Weekday,Friday,Medium_Load,37.15,100.00,98.67,0.00,6.12
15/12/2018 19:45,Weekend,Saturday,Light_Load,3.35,21.94,100.00,14.90,0.00
15/08/2018 07:45,Weekday,Wednesday,Light_Load,3.64,100.00,61.72,0.00,4.64
13/09/2018 19:15,Weekday,Thursday,Medium_Load,54.76,100.00,80.88,0.00,39.82
05/04/2018 19:15,Weekday,Thursday,Medium_Load,40.93,99.91,100.00,1.76,0.18
25/11/2018 11:30,Weekend,Sunday,Light_Load,2.95,20.41,100.00,14.15,0.00
04/06/2018 08:00,Weekday,Monday,Light_Load,3.35,100.00,53.21,0.00,5.33
09/04/2018 05:45,Weekday,Monday,Light_Load,3.02,100.00,65.01,0.00,3.53
04/07/2018 05:45,Weekday,Wednesday,Light_Load,2.81,100.00,57.87,0.00,3.96
14/11/2018 02:15,Weekday,Wednesday,Light_Load,3.60,100.00,48.97,0.00,6.41
16/06/2018 09:00,Weekend,Saturday,Light_Load,27.47,98.92,97.33,4.07,6.48
21/06/2018 01:00,Weekday,Thursday,Light_Load,2.92,100.00,52.93,0.00,4.68
10/12/2018 21:30,Weekday,Monday,Medium_Load,4.57,21.27,100.00,20.99,0.00
29/10/2018 09:15,Weekday,Monday,Medium_Load,107.64,100.00,95.00,0.00,35.39
14/03/2018 09:15,Weekday,Wednesday,Medium_Load,56.92,100.00,92.87,0.00,22.72
24/02/2018 08:00,Weekend,Saturday,Light_Load,5.40,100.00,73.58,0.00,4.97
30/03/2018 15:45,Weekday,Friday,Maximum_Load,61.27,100.00,87.58,0.00,33.77
03/12/2018 00:30,Weekday,Monday,Light_Load,4.36,100.00,81.50,0.00,3.10
06/11/2018 02:00,Weekday,Tuesday,Light_Load,3.71,100.00,46.16,0.00,7.13
09/11/2018 20:15,Weekday,Friday,Medium_Load,66.49,100.00,90.33,0.00,31.57
14/09/2018 11:45,Weekday,Friday,Maximum_Load,64.48,100.00,83.61,0.00,42.30
25/06/2018 17:00,Weekday,Monday,Maximum_Load,58.68,100.00,92.37,0.00,24.34
16/02/2018 06:15,Weekday,Friday,Light_Load,3.06,100.00,70.25,0.00,3.10
20/03/2018 23:15,Weekday,Tuesday,Light_Load,3.85,100.00,65.60,0.00,4.43
15/02/2018 19:45,Weekday,Thursday,Light_Load,3.38,18.86,100.00,17.60,0.00
02/08/2018 17:45,Weekday,Thursday,Light_Load,2.95,17.54,100.00,16.56,0.00
13/05/2018 04:00,Weekend,Sunday,Light_Load,3.56,100.00,58.23,0.00,4.97
26/11/2018 12:45,Weekday,Monday,Medium_Load,6.30,28.35,100.00,21.31,0.00
25/01/2018 05:00,Weekday,Thursday,Light_Load,40.61,100.00,80.41,0.00,30.02
19/09/2018 19:15,Weekday,Wednesday,Medium_Load,3.60,19.84,100.00,17.78,0.00
17/05/2018 07:45,Weekday,Thursday,Light_Load,3.42,100.00,60.51,0.00,4.50
21/01/2018 22:30,Weekend,Sunday,Light_Load,3.85,100.00,78.28,0.00,3.06
23/01/2018 20:45,Weekday,Tuesday,Medium_Load,75.06,100.00,91.76,0.00,32.51
27/11/2018 15:00,Weekday,Tuesday,Medium_Load,107.42,100.00,94.39,0.00,37.58
11/11/2018 17:15,Weekend,Sunday,Light_Load,3.49,19.41,100.00,17.64,0.00
03/08/2018 12:00,Weekday,Friday,Light_Load,2.81,53.31,100.00,4.46,0.00
16/02/2018 21:45,Weekday,Friday,Light_Load,4.14,15.00,100.00,27.29,0.00
07/07/2018 04:00,Weekend,Saturday,Light_Load,3.17,100.00,47.96,0.00,5.80
29/12/2018 21:30,Weekend,Saturday,Light_Load,3.85,20.41,100.00,18.47,0.00
22/05/2018 21:15,Weekday,Tuesday,Medium_Load,3.28,19.43,100.00,16.56,0.00
11/07/2018 01:30,Weekday,Wednesday,Light_Load,2.77,100.00,58.00,0.00,3.89
22/06/2018 05:45,Weekday,Friday,Light_Load,2.95,100.00,45.34,0.00,5.80
05/06/2018 12:15,Weekday,Tuesday,Medium_Load,10.01,46.59,97.52,19.01,2.27
20/01/2018 10:15,Weekend,Saturday,Maximum_Load,54.18,100.00,97.65,0.00,11.95
31/08/2018 21:00,Weekday,Friday,Medium_Load,19.22,94.55,98.95,6.62,2.81
15/12/2018 11:45,Weekend,Saturday,Light_Load,3.35,22.08,100.00,14.80,0.00
25/09/2018 03:15,Weekday,Tuesday,Light_Load,2.59,100.00,41.25,0.00,5.72
24/02/2018 11:00,Weekend,Saturday,Maximum_Load,77.33,100.00,99.21,0.65,9.79
08/08/2018 01:15,Weekday,Wednesday,Light_Load,3.31,100.00,48.43,0.00,5.98
02/12/2018 16:45,Weekend,Sunday,Light_Load,3.89,22.82,100.00,16.60,0.00
06/04/2018 21:45,Weekday,Friday,Medium_Load,23.44,88.47,100.00,12.35,0.00
02/12/2018 22:00,Weekend,Sunday,Light_Load,3.56,22.61,100.00,15.34,0.00
06/04/2018 18:15,Weekday,Friday,Medium_Load,51.41,99.99,94.89,0.65,17.10
19/04/2018 07:45,Weekday,Thursday,Light_Load,4.57,100.00,67.98,0.00,4.93
18/01/2018 10:00,Weekday,Thursday,Medium_Load,69.98,100.00,95.00,0.00,23.00
25/10/2018 17:15,Weekday,Thursday,Medium_Load,60.19,100.00,88.03,0.00,32.44
22/03/2018 08:45,Weekday,Thursday,Light_Load,113.18,100.00,83.57,0.00,74.38
11/02/2018 14:45,Weekend,Sunday,Light_Load,3.96,22.39,100.00,17.24,0.00
26/05/2018 20:15,Weekend,Saturday,Medium_Load,3.56,15.88,100.00,22.14,0.00
03/05/2018 19:45,Weekday,Thursday,Medium_Load,66.53,100.00,86.44,0.00,38.70
27/01/2018 21:45,Weekend,Saturday,Medium_Load,4.46,25.49,100.00,16.92,0.00
05/09/2018 07:00,Weekday,Wednesday,Light_Load,2.99,100.00,43.10,0.00,6.26
13/01/2018 16:00,Weekend,Saturday,Medium_Load,104.44,100.00,96.15,0.00,29.84
09/08/2018 01:15,Weekday,Thursday,Light_Load,2.77,100.00,48.68,0.00,4.97
17/11/2018 08:15,Weekend,Saturday,Light_Load,45.65,100.00,82.37,0.00,31.43
02/04/2018 19:45,Weekday,Monday,Medium_Load,102.35,100.00,94.64,0.00,34.92
24/08/2018 23:00,Weekday,Friday,Medium_Load,3.24,100.00,52.45,0.00,5.26
08/09/2018 08:30,Weekend,Saturday,Light_Load,32.83,100.00,70.47,0.00,33.05
01/07/2018 21:30,Weekend,Sunday,Light_Load,3.06,17.40,100.00,17.32,0.00
24/02/2018 09:45,Weekend,Saturday,Medium_Load,51.30,99.91,99.69,2.23,4.03
11/12/2018 05:45,Weekday,Tuesday,Light_Load,4.25,100.00,74.11,0.00,3.85
15/08/2018 07:15,Weekday,Wednesday,Light_Load,2.66,100.00,51.22,0.00,4.46
12/08/2018 05:15,Weekend,Sunday,Light_Load,3.20,100.00,48.31,0.00,5.80
07/02/2018 10:45,Weekday,Wednesday,Maximum_Load,70.67,100.00,93.17,0.00,27.54
19/09/2018 22:15,Weekday,Wednesday,Medium_Load,2.92,99.99,42.27,0.04,6.26
23/12/2018 13:30,Weekend,Sunday,Light_Load,3.67,25.98,100.00,13.64,0.00
21/04/2018 05:30,Weekend,Saturday,Light_Load,2.99,100.00,61.64,0.00,3.82
07/12/2018 20:15,Weekday,Friday,Medium_Load,57.64,100.00,93.87,0.00,21.17
31/01/2018 04:45,Weekday,Wednesday,Light_Load,5.94,100.00,75.12,0.00,5.22
25/05/2018 03:15,Weekday,Friday,Light_Load,3.10,100.00,66.41,0.00,3.49
19/05/2018 03:00,Weekend,Saturday,Light_Load,3.10,100.00,52.92,0.00,4.97
14/06/2018 07:15,Weekday,Thursday,Light_Load,2.95,100.00,58.03,0.00,4.14
28/04/2018 21:00,Weekend,Saturday,Medium_Load,3.49,13.01,100.00,26.60,0.00
27/12/2018 14:45,Weekday,Thursday,Medium_Load,54.14,100.00,94.80,0.00,18.18
08/01/2018 09:45,Weekday,Monday,Medium_Load,136.15,100.00,93.56,0.00,51.37
07/07/2018 04:15,Weekend,Saturday,Light_Load,3.20,100.00,47.43,0.00,5.94
08/02/2018 12:45,Weekday,Thursday,Medium_Load,9.61,35.91,100.00,24.98,0.00
01/11/2018 23:45,Weekday,Thursday,Light_Load,3.71,100.00,48.28,0.00,6.73
05/11/2018 14:15,Weekday,Monday,Medium_Load,52.74,100.00,86.42,0.00,30.71
31/12/2018 10:15,Weekday,Monday,Light_Load,3.20,20.52,100.00,15.26,0.00
21/07/2018 20:45,Weekend,Saturday,Medium_Load,2.92,16.62,100.00,17.32,0.00
01/05/2018 12:15,Weekday,Tuesday,Light_Load,3.13,23.98,100.00,12.67,0.00
28/12/2018 07:15,Weekday,Friday,Light_Load,3.38,99.63,84.26,0.29,2.16
18/05/2018 08:15,Weekday,Friday,Light_Load,77.29,100.00,80.56,0.00,56.84
22/07/2018 17:15,Weekend,Sunday,Light_Load,2.92,16.90,100.00,17.03,0.00
08/08/2018 20:30,Weekday,Wednesday,Medium_Load,94.14,100.00,93.73,0.00,34.99
21/12/2018 21:30,Weekday,Friday,Medium_Load,5.40,24.30,100.00,21.56,0.00
22/11/2018 21:00,Weekday,Thursday,Medium_Load,43.60,99.97,98.37,1.04,7.96
27/10/2018 22:00,Weekend,Saturday,Medium_Load,3.67,20.94,100.00,17.14,0.00
10/06/2018 13:15,Weekend,Sunday,Light_Load,3.06,18.48,100.00,16.27,0.00
10/10/2018 10:30,Weekday,Wednesday,Maximum_Load,119.59,100.00,90.21,0.00,57.20
07/06/2018 10:30,Weekday,Thursday,Maximum_Load,47.05,100.00,93.04,0.00,18.54
21/04/2018 21:30,Weekend,Saturday,Medium_Load,3.92,15.08,100.00,25.70,0.00
14/07/2018 07:00,Weekend,Saturday,Light_Load,2.70,100.00,48.03,0.00,4.93
12/09/2018 00:00,Weekday,Wednesday,Light_Load,3.35,100.00,48.87,0.00,5.98
08/09/2018 18:15,Weekend,Saturday,Medium_Load,3.46,47.73,100.00,6.37,0.00
02/12/2018 14:15,Weekend,Sunday,Light_Load,3.60,22.75,100.00,15.41,0.00
12/07/2018 16:45,Weekday,Thursday,Maximum_Load,48.92,100.00,96.75,0.00,12.78
27/03/2018 00:00,Weekday,Tuesday,Light_Load,3.64,100.00,63.49,0.00,4.43
14/01/2018 18:30,Weekend,Sunday,Maximum_Load,4.75,44.83,100.00,9.47,0.00
31/05/2018 03:30,Weekday,Thursday,Light_Load,2.92,100.00,48.82,0.00,5.22
13/06/2018 19:15,Weekday,Wednesday,Medium_Load,3.02,17.61,100.00,16.88,0.00
11/08/2018 23:00,Weekend,Saturday,Medium_Load,3.17,100.00,51.12,0.00,5.33
23/12/2018 20:00,Weekend,Sunday,Light_Load,4.25,18.97,100.00,22.00,0.00
04/11/2018 13:15,Weekend,Sunday,Medium_Load,37.69,99.08,96.76,5.15,9.83
25/03/2018 15:15,Weekend,Sunday,Maximum_Load,34.34,99.51,100.00,3.42,0.07
14/02/2018 01:45,Weekday,Wednesday,Light_Load,5.58,100.00,69.58,0.00,5.76
30/05/2018 15:00,Weekday,Wednesday,Maximum_Load,106.74,100.00,95.49,0.00,33.19
16/01/2018 04:00,Weekday,Tuesday,Light_Load,4.64,100.00,61.82,0.00,5.90
16/01/2018 02:45,Weekday,Tuesday,Light_Load,4.64,100.00,61.56,0.00,5.94
19/09/2018 04:15,Weekday,Wednesday,Light_Load,3.89,100.00,48.47,0.00,7.02
29/01/2018 07:45,Weekday,Monday,Light_Load,5.65,100.00,74.89,0.00,5.00
08/02/2018 02:00,Weekday,Thursday,Light_Load,6.05,100.00,68.02,0.00,6.52
04/09/2018 09:15,Weekday,Tuesday,Medium_Load,81.65,100.00,84.08,0.00,52.56
16/05/2018 13:30,Weekday,Wednesday,Maximum_Load,109.76,100.00,91.11,0.00,49.64
16/05/2018 06:45,Weekday,Wednesday,Light_Load,3.28,100.00,52.70,0.00,5.29
26/12/2018 18:45,Weekday,Wednesday,Maximum_Load,5.08,22.40,100.00,22.10,0.00
27/05/2018 06:30,Weekend,Sunday,Light_Load,2.74,100.00,48.06,0.00,5.00
29/09/2018 22:00,Weekend,Saturday,Medium_Load,2.81,24.05,100.00,11.34,0.00
23/04/2018 17:15,Weekday,Monday,Medium_Load,50.83,100.00,96.98,0.00,12.78
01/07/2018 22:30,Weekend,Sunday,Light_Load,2.88,100.00,59.21,0.00,3.92
17/07/2018 04:30,Weekday,Tuesday,Light_Load,2.92,100.00,43.29,0.00,6.08
01/09/2018 00:00,Weekend,Saturday,Light_Load,3.85,100.00,53.94,0.00,6.01
06/11/2018 06:00,Weekday,Tuesday,Light_Load,3.31,100.00,50.09,0.00,5.72
06/02/2018 10:45,Weekday,Tuesday,Maximum_Load,102.71,100.00,94.55,0.00,35.39
19/10/2018 04:00,Weekday,Friday,Light_Load,3.06,100.00,44.72,0.00,6.12
24/03/2018 07:30,Weekend,Saturday,Light_Load,3.28,100.00,59.85,0.00,4.39
30/07/2018 00:15,Weekday,Monday,Light_Load,2.66,100.00,50.30,0.00,4.57
09/06/2018 01:15,Weekend,Saturday,Light_Load,2.88,100.00,49.10,0.00,5.11
12/07/2018 02:45,Weekday,Thursday,Light_Load,2.99,100.00,52.09,0.00,4.90
01/12/2018 02:30,Weekend,Saturday,Light_Load,4.03,99.94,76.90,0.14,3.35
05/11/2018 16:15,Weekday,Monday,Medium_Load,59.26,100.00,84.96,0.00,36.79
12/01/2018 00:15,Weekday,Friday,Light_Load,4.68,100.00,70.71,0.00,4.68
06/08/2018 04:15,Weekday,Monday,Light_Load,2.63,100.00,47.59,0.00,4.86
12/05/2018 09:00,Weekend,Saturday,Light_Load,5.04,25.14,100.00,19.40,0.00
20/11/2018 15:15,Weekday,Tuesday,Medium_Load,51.16,100.00,93.72,0.00,19.04
27/01/2018 07:30,Weekend,Saturday,Light_Load,6.95,100.00,81.18,0.00,5.00
21/04/2018 21:00,Weekend,Saturday,Medium_Load,3.89,15.97,100.00,24.05,0.00
21/04/2018 22:15,Weekend,Saturday,Medium_Load,3.17,31.53,90.28,9.54,1.51
23/07/2018 12:15,Weekday,Monday,Medium_Load,6.16,75.62,83.43,5.33,4.07
12/03/2018 00:15,Weekday,Monday,Light_Load,3.78,100.00,61.95,0.00,4.79
10/04/2018 20:15,Weekday,Tuesday,Medium_Load,48.85,100.00,95.70,0.00,14.80
05/06/2018 07:30,Weekday,Tuesday,Light_Load,3.13,100.00,51.14,0.00,5.26
09/01/2018 21:15,Weekday,Tuesday,Medium_Load,11.41,44.55,100.00,22.93,0.00
04/04/2018 19:00,Weekday,Wednesday,Medium_Load,4.10,14.98,100.00,27.07,0.00
19/05/2018 12:30,Weekend,Saturday,Medium_Load,5.94,25.11,100.00,22.90,0.00
11/05/2018 15:00,Weekday,Friday,Maximum_Load,63.61,100.00,91.56,0.00,27.94
28/03/2018 08:15,Weekday,Wednesday,Light_Load,31.61,100.00,79.89,0.00,23.80
07/03/2018 23:15,Weekday,Wednesday,Light_Load,3.10,100.00,78.09,0.00,2.48
02/03/2018 02:45,Weekday,Friday,Light_Load,3.24,100.00,77.64,0.00,2.63
28/03/2018 03:45,Weekday,Wednesday,Light_Load,2.99,100.00,69.08,0.00,3.13
18/05/2018 19:30,Weekday,Friday,Medium_Load,48.60,100.00,87.96,0.00,26.28
08/08/2018 10:15,Weekday,Wednesday,Maximum_Load,87.08,100.00,89.24,0.00,44.03
08/06/2018 15:00,Weekday,Friday,Maximum_Load,53.39,100.00,89.69,0.00,26.32
03/05/2018 22:00,Weekday,Thursday,Medium_Load,4.07,15.37,100.00,26.17,0.00
07/12/2018 13:00,Weekday,Friday,Medium_Load,10.76,47.88,100.00,19.73,0.00
29/04/2018 03:45,Weekend,Sunday,Light_Load,3.17,100.00,60.43,0.00,4.18
15/01/2018 11:15,Weekday,Monday,Maximum_Load,99.25,100.00,81.89,0.00,69.55
28/02/2018 08:30,Weekday,Wednesday,Light_Load,108.94,100.00,83.63,0.00,71.42
22/10/2018 11:15,Weekday,Monday,Maximum_Load,58.10,100.00,85.21,0.00,35.68
17/03/2018 17:45,Weekend,Saturday,Medium_Load,4.03,15.00,100.00,26.57,0.00
08/03/2018 10:30,Weekday,Thursday,Maximum_Load,100.44,100.00,94.31,0.00,35.42
25/03/2018 13:45,Weekend,Sunday,Maximum_Load,32.33,99.21,100.00,4.10,0.22
25/11/2018 14:30,Weekend,Sunday,Light_Load,2.95,20.66,100.00,13.97,0.00
21/04/2018 22:45,Weekend,Saturday,Medium_Load,3.06,100.00,58.43,0.00,4.25
10/06/2018 18:30,Weekend,Sunday,Light_Load,2.92,57.27,100.00,4.18,0.00
17/03/2018 12:30,Weekend,Saturday,Medium_Load,4.64,17.27,100.00,26.46,0.00
19/07/2018 06:45,Weekday,Thursday,Light_Load,2.59,100.00,50.22,0.00,4.46
05/08/2018 00:30,Weekend,Sunday,Light_Load,3.06,100.00,54.16,0.00,4.75
25/06/2018 21:45,Weekday,Monday,Medium_Load,3.56,13.27,100.00,26.60,0.00
24/07/2018 22:15,Weekday,Tuesday,Medium_Load,3.64,55.40,96.15,5.47,1.04
30/04/2018 13:45,Weekday,Monday,Maximum_Load,51.84,100.00,91.73,0.00,22.50
14/10/2018 16:15,Weekend,Sunday,Light_Load,2.92,25.08,100.00,11.27,0.00
02/09/2018 03:30,Weekend,Sunday,Light_Load,2.63,100.00,49.55,0.00,4.61
05/10/2018 02:30,Weekday,Friday,Light_Load,2.81,100.00,52.63,0.00,4.54
11/05/2018 03:30,Weekday,Friday,Light_Load,3.10,100.00,57.95,0.00,4.36
14/09/2018 19:45,Weekday,Friday,Medium_Load,8.32,52.47,100.00,13.50,0.00
18/05/2018 09:45,Weekday,Friday,Medium_Load,44.78,100.00,90.24,0.00,21.38
28/04/2018 01:45,Weekend,Saturday,Light_Load,3.24,100.00,72.25,0.00,3.10
11/08/2018 14:00,Weekend,Saturday,Maximum_Load,109.33,100.00,92.79,0.00,43.92
14/04/2018 11:15,Weekend,Saturday,Maximum_Load,36.68,100.00,92.61,0.00,14.94
15/02/2018 22:15,Weekday,Thursday,Light_Load,3.28,30.56,94.00,10.22,1.19
24/05/2018 15:00,Weekday,Thursday,Maximum_Load,51.23,100.00,91.23,0.00,23.00
19/04/2018 00:30,Weekday,Thursday,Light_Load,3.06,100.00,64.35,0.00,3.64
11/09/2018 19:30,Weekday,Tuesday,Medium_Load,37.76,100.00,92.74,0.00,15.23
26/01/2018 10:30,Weekday,Friday,Maximum_Load,107.03,100.00,95.17,0.00,34.52
10/06/2018 15:30,Weekend,Sunday,Light_Load,3.10,18.67,100.00,16.31,0.00
27/02/2018 10:30,Weekday,Tuesday,Maximum_Load,66.02,100.00,93.22,0.00,25.63
04/12/2018 15:00,Weekday,Tuesday,Medium_Load,62.96,100.00,85.39,0.00,38.38
26/10/2018 10:15,Weekday,Friday,Maximum_Load,93.20,100.00,92.63,0.00,37.91
14/05/2018 08:00,Weekday,Monday,Light_Load,3.35,100.00,66.72,0.00,3.74
10/11/2018 12:15,Weekend,Saturday,Medium_Load,4.07,35.90,100.00,10.58,0.00
08/07/2018 10:00,Weekend,Sunday,Medium_Load,92.52,100.00,96.03,0.00,26.89
31/12/2018 22:45,Weekday,Monday,Light_Load,3.82,100.00,64.38,0.00,4.54
06/05/2018 07:00,Weekend,Sunday,Light_Load,2.92,100.00,58.01,0.00,4.10
17/04/2018 08:45,Weekday,Tuesday,Light_Load,41.44,100.00,75.56,0.00,35.93
19/09/2018 05:30,Weekday,Wednesday,Light_Load,2.74,100.00,46.97,0.00,5.15
09/10/2018 06:15,Weekday,Tuesday,Light_Load,2.59,100.00,47.87,0.00,4.75
08/08/2018 23:00,Weekday,Wednesday,Medium_Load,2.66,100.00,52.08,0.00,4.36
07/03/2018 11:45,Weekday,Wednesday,Maximum_Load,51.66,100.00,86.35,0.00,30.17
22/03/2018 11:15,Weekday,Thursday,Maximum_Load,64.58,100.00,85.95,0.00,38.41
03/03/2018 19:45,Weekend,Saturday,Medium_Load,4.86,17.53,100.00,27.29,0.00
01/11/2018 20:00,Weekday,Thursday,Maximum_Load,3.85,20.79,100.00,18.11,0.00
12/11/2018 20:00,Weekday,Monday,Maximum_Load,123.73,100.00,92.28,0.00,51.66
18/06/2018 09:45,Weekday,Monday,Medium_Load,82.33,100.00,95.35,0.00,26.03
26/07/2018 16:45,Weekday,Thursday,Maximum_Load,56.09,100.00,94.60,0.00,19.22
20/02/2018 18:00,Weekday,Tuesday,Maximum_Load,75.71,99.99,99.21,0.97,9.58
11/01/2018 22:00,Weekday,Thursday,Medium_Load,5.15,18.98,100.00,26.64,0.00
24/04/2018 10:00,Weekday,Tuesday,Medium_Load,58.82,100.00,95.21,0.00,18.90
05/02/2018 00:45,Weekday,Monday,Light_Load,4.57,100.00,66.66,0.00,5.11
14/09/2018 09:15,Weekday,Friday,Medium_Load,47.41,100.00,88.44,0.00,25.02
27/07/2018 03:15,Weekday,Friday,Light_Load,2.88,100.00,43.21,0.00,6.01
24/06/2018 19:15,Weekend,Sunday,Medium_Load,2.99,17.29,100.00,17.03,0.00
16/11/2018 08:00,Weekday,Friday,Light_Load,5.80,100.00,69.44,0.00,6.01
14/12/2018 16:30,Weekday,Friday,Medium_Load,118.12,100.00,89.32,0.00,59.47
24/06/2018 05:00,Weekend,Sunday,Light_Load,2.59,100.00,60.37,0.00,3.42
11/04/2018 06:45,Weekday,Wednesday,Light_Load,3.28,100.00,53.50,0.00,5.18
23/08/2018 06:00,Weekday,Thursday,Light_Load,3.13,100.00,45.77,0.00,6.08
20/12/2018 00:15,Weekday,Thursday,Light_Load,4.03,99.51,83.46,0.40,2.66
17/10/2018 07:45,Weekday,Wednesday,Light_Load,4.82,100.00,54.12,0.00,7.49
25/06/2018 08:00,Weekday,Monday,Light_Load,5.33,100.00,65.01,0.00,6.23
17/03/2018 19:00,Weekend,Saturday,Medium_Load,4.03,14.96,100.00,26.64,0.00
30/08/2018 23:30,Weekday,Thursday,Light_Load,2.63,100.00,47.59,0.00,4.86
01/12/2018 03:15,Weekend,Saturday,Light_Load,4.72,100.00,81.55,0.04,3.35
12/09/2018 14:00,Weekday,Wednesday,Maximum_Load,66.53,100.00,83.95,0.00,43.06
11/11/2018 03:15,Weekend,Sunday,Light_Load,2.92,100.00,54.78,0.00,4.46
19/04/2018 23:30,Weekday,Thursday,Light_Load,3.56,100.00,74.37,0.00,3.20
27/09/2018 22:45,Weekday,Thursday,Medium_Load,3.46,100.00,40.20,0.00,7.88
03/06/2018 03:00,Weekend,Sunday,Light_Load,3.02,100.00,44.49,0.00,6.08
01/02/2018 13:00,Weekday,Thursday,Medium_Load,9.76,36.07,100.00,25.24,0.00
27/07/2018 19:15,Weekday,Friday,Medium_Load,50.87,100.00,92.76,0.00,20.48
28/12/2018 06:30,Weekday,Friday,Light_Load,3.10,99.33,85.63,0.36,1.87
09/01/2018 06:30,Weekday,Tuesday,Light_Load,4.68,100.00,77.79,0.00,3.78
10/08/2018 20:15,Weekday,Friday,Medium_Load,100.33,100.00,94.20,0.00,35.75
08/05/2018 11:45,Weekday,Tuesday,Maximum_Load,55.58,100.00,79.40,0.00,42.55
06/10/2018 15:15,Weekend,Saturday,Maximum_Load,104.47,100.00,92.83,0.00,41.83
08/01/2018 00:45,Weekday,Monday,Light_Load,3.31,100.00,61.45,0.00,4.25
08/08/2018 20:45,Weekday,Wednesday,Medium_Load,70.63,100.00,96.17,0.04,20.12
07/02/2018 12:30,Weekday,Wednesday,Medium_Load,9.04,32.73,100.00,26.10,0.00
24/05/2018 23:00,Weekday,Thursday,Medium_Load,3.71,100.00,64.81,0.00,4.36
16/09/2018 02:00,Weekend,Sunday,Light_Load,2.77,100.00,47.37,0.00,5.15
01/03/2018 06:15,Weekday,Thursday,Light_Load,3.67,100.00,62.04,0.00,4.64
13/09/2018 05:30,Weekday,Thursday,Light_Load,2.81,100.00,51.48,0.00,4.68
12/12/2018 08:00,Weekday,Wednesday,Light_Load,5.80,99.88,89.32,0.29,2.92
26/01/2018 22:30,Weekday,Friday,Maximum_Load,35.89,100.00,80.73,0.00,26.24
08/10/2018 04:00,Weekday,Monday,Light_Load,3.10,100.00,44.95,0.00,6.16
01/08/2018 20:30,Weekday,Wednesday,Light_Load,2.84,16.42,100.00,17.06,0.00
27/10/2018 23:15,Weekend,Saturday,Light_Load,3.38,100.00,48.59,0.00,6.08
02/02/2018 01:30,Weekday,Friday,Light_Load,7.20,100.00,81.17,0.00,5.18
31/01/2018 07:00,Weekday,Wednesday,Light_Load,4.07,100.00,69.76,0.00,4.18
21/06/2018 01:15,Weekday,Thursday,Light_Load,2.92,100.00,52.61,0.00,4.72
01/03/2018 13:00,Weekday,Thursday,Medium_Load,22.18,85.80,100.00,13.28,0.00
30/01/2018 09:00,Weekday,Tuesday,Light_Load,77.26,100.00,94.65,0.00,26.35
24/11/2018 19:00,Weekend,Saturday,Light_Load,3.74,20.87,100.00,17.53,0.00
27/07/2018 10:15,Weekday,Friday,Maximum_Load,52.56,100.00,93.83,0.00,19.37
26/02/2018 01:00,Weekday,Monday,Light_Load,3.85,100.00,74.38,0.00,3.46
17/11/2018 08:00,Weekend,Saturday,Light_Load,4.90,100.00,59.49,0.00,6.62
12/02/2018 18:30,Weekday,Monday,Maximum_Load,36.94,100.00,95.65,0.00,11.27
20/01/2018 13:45,Weekend,Saturday,Medium_Load,65.20,100.00,95.95,0.00,19.15
06/10/2018 05:30,Weekend,Saturday,Light_Load,2.92,100.00,45.91,0.00,5.65
26/04/2018 04:15,Weekday,Thursday,Light_Load,3.60,100.00,65.62,0.00,4.14
02/09/2018 12:30,Weekend,Sunday,Medium_Load,3.17,25.64,100.00,11.95,0.00
19/06/2018 12:15,Weekday,Tuesday,Medium_Load,10.01,54.30,98.17,15.48,1.94
02/08/2018 02:30,Weekday,Thursday,Light_Load,2.74,100.00,48.28,0.00,4.97
24/02/2018 03:45,Weekend,Saturday,Light_Load,6.01,100.00,76.62,0.00,5.04
10/12/2018 04:00,Weekday,Monday,Light_Load,3.10,100.00,79.32,0.00,2.38
14/01/2018 13:45,Weekend,Sunday,Medium_Load,30.96,99.04,99.93,4.32,1.12
01/08/2018 07:30,Weekday,Wednesday,Light_Load,2.74,100.00,46.97,0.00,5.15
07/12/2018 11:30,Weekday,Friday,Maximum_Load,58.00,100.00,95.01,0.00,19.04
21/02/2018 17:15,Weekday,Wednesday,Maximum_Load,99.86,100.00,95.80,0.00,29.88
18/08/2018 07:15,Weekend,Saturday,Light_Load,2.66,100.00,49.73,0.00,4.64
19/10/2018 15:45,Weekday,Friday,Maximum_Load,61.42,100.00,83.51,0.00,40.46
16/08/2018 17:30,Weekday,Thursday,Medium_Load,57.42,100.00,83.62,0.14,37.66
03/12/2018 22:00,Weekday,Monday,Medium_Load,4.93,24.80,100.00,19.26,0.00
14/01/2018 22:45,Weekend,Sunday,Maximum_Load,4.57,100.00,74.43,0.00,4.10
10/03/2018 19:15,Weekend,Saturday,Medium_Load,4.18,15.32,100.00,26.96,0.00
31/05/2018 19:15,Weekday,Thursday,Medium_Load,3.67,14.33,100.00,25.34,0.00
01/10/2018 00:15,Weekday,Monday,Light_Load,3.13,100.00,45.12,0.00,6.19
31/07/2018 10:15,Weekday,Tuesday,Maximum_Load,53.24,100.00,95.08,0.00,17.35
20/06/2018 03:30,Weekday,Wednesday,Light_Load,3.31,100.00,48.93,0.00,5.90
18/08/2018 15:45,Weekend,Saturday,Maximum_Load,67.10,100.00,87.03,0.00,37.98
21/06/2018 22:45,Weekday,Thursday,Medium_Load,3.60,100.00,58.12,0.00,5.04
30/11/2018 21:30,Weekday,Friday,Medium_Load,5.58,25.06,100.00,21.56,0.00
03/04/2018 14:30,Weekday,Tuesday,Maximum_Load,111.46,100.00,91.45,0.00,49.32
13/03/2018 11:15,Weekday,Tuesday,Maximum_Load,79.63,100.00,84.27,0.00,50.87
06/01/2018 05:30,Weekend,Saturday,Light_Load,4.18,100.00,62.00,0.00,5.29
09/08/2018 03:00,Weekday,Thursday,Light_Load,2.81,100.00,47.90,0.00,5.15
24/10/2018 18:30,Weekday,Wednesday,Medium_Load,3.89,36.70,100.00,9.86,0.00
16/10/2018 18:00,Weekday,Tuesday,Medium_Load,30.06,99.99,97.12,0.36,7.38
30/07/2018 04:30,Weekday,Monday,Light_Load,2.74,100.00,49.42,0.00,4.82
31/10/2018 15:30,Weekday,Wednesday,Maximum_Load,61.16,100.00,84.75,0.00,38.30
31/03/2018 19:45,Weekend,Saturday,Light_Load,3.02,17.11,100.00,17.39,0.00
03/04/2018 06:15,Weekday,Tuesday,Light_Load,3.10,100.00,60.31,0.00,4.10
15/12/2018 17:30,Weekend,Saturday,Light_Load,3.35,21.94,100.00,14.90,0.00
08/11/2018 18:45,Weekday,Thursday,Maximum_Load,73.94,100.00,91.74,0.00,32.08
10/08/2018 05:30,Weekday,Friday,Light_Load,2.56,100.00,50.98,0.00,4.32
03/03/2018 04:00,Weekend,Saturday,Light_Load,3.38,100.00,73.70,0.00,3.10
03/09/2018 13:30,Weekday,Monday,Maximum_Load,46.26,100.00,88.36,0.00,24.52
22/11/2018 09:00,Weekday,Thursday,Light_Load,124.49,100.00,92.34,0.00,51.73
10/02/2018 20:30,Weekend,Saturday,Light_Load,4.10,20.68,100.00,19.40,0.00
02/07/2018 00:45,Weekday,Monday,Light_Load,2.88,100.00,56.74,0.00,4.18
17/04/2018 17:00,Weekday,Tuesday,Maximum_Load,93.71,100.00,96.25,0.00,26.42
17/11/2018 17:15,Weekend,Saturday,Maximum_Load,4.54,26.34,100.00,16.63,0.00
06/02/2018 04:30,Weekday,Tuesday,Light_Load,5.29,100.00,73.92,0.00,4.82
14/05/2018 05:15,Weekday,Monday,Light_Load,2.88,100.00,53.57,0.00,4.54
19/11/2018 11:45,Weekday,Monday,Maximum_Load,60.34,100.00,88.14,0.00,32.33
02/05/2018 15:30,Weekday,Wednesday,Maximum_Load,117.54,100.00,93.94,0.00,42.91
07/07/2018 19:00,Weekend,Saturday,Medium_Load,3.60,16.85,100.00,21.06,0.00
30/04/2018 18:00,Weekday,Monday,Medium_Load,31.21,97.09,100.00,7.70,0.11
18/12/2018 08:30,Weekday,Tuesday,Light_Load,72.86,100.00,78.86,0.00,56.81
13/05/2018 17:15,Weekend,Sunday,Light_Load,3.28,19.07,100.00,16.88,0.00
09/04/2018 16:30,Weekday,Monday,Maximum_Load,53.86,100.00,92.30,0.00,22.46
24/08/2018 19:30,Weekday,Friday,Medium_Load,53.39,100.00,88.83,0.00,27.61
26/03/2018 02:15,Weekday,Monday,Light_Load,3.10,100.00,64.84,0.00,3.64
10/07/2018 02:00,Weekday,Tuesday,Light_Load,3.42,100.00,57.23,0.00,4.90
14/01/2018 07:15,Weekend,Sunday,Light_Load,4.46,100.00,68.45,0.00,4.75
13/07/2018 19:00,Weekday,Friday,Medium_Load,48.89,100.00,94.54,0.00,16.85
10/06/2018 08:15,Weekend,Sunday,Light_Load,2.77,100.00,46.60,0.00,5.26
30/03/2018 17:30,Weekday,Friday,Medium_Load,65.74,100.00,91.91,0.00,28.19
24/04/2018 05:30,Weekday,Tuesday,Light_Load,3.20,100.00,58.90,0.00,4.39
14/09/2018 07:30,Weekday,Friday,Light_Load,3.49,100.00,52.76,0.00,5.62
27/09/2018 00:30,Weekday,Thursday,Light_Load,2.48,100.00,44.65,0.00,4.97
17/01/2018 17:00,Weekday,Wednesday,Medium_Load,62.24,100.00,93.73,0.00,23.15
21/07/2018 16:30,Weekend,Saturday,Maximum_Load,45.68,100.00,97.44,0.36,10.55
03/11/2018 06:30,Weekend,Saturday,Light_Load,3.24,100.00,54.38,0.00,5.00
10/01/2018 02:15,Weekday,Wednesday,Light_Load,4.61,100.00,69.87,0.00,4.72
08/08/2018 00:15,Weekday,Wednesday,Light_Load,2.92,100.00,48.33,0.00,5.29
29/08/2018 15:45,Weekday,Wednesday,Maximum_Load,56.20,100.00,87.35,0.00,31.32
27/08/2018 12:15,Weekday,Monday,Medium_Load,28.12,100.00,94.81,0.14,9.43
20/12/2018 10:45,Weekday,Thursday,Maximum_Load,75.53,100.00,90.17,0.00,36.22
15/10/2018 02:45,Weekday,Monday,Light_Load,2.84,100.00,48.07,0.00,5.18
31/07/2018 09:00,Weekday,Tuesday,Light_Load,64.84,100.00,91.52,0.00,28.55
26/05/2018 17:00,Weekend,Saturday,Maximum_Load,11.74,54.33,100.00,18.14,0.00
16/10/2018 19:45,Weekday,Tuesday,Medium_Load,61.16,100.00,78.72,0.00,47.92
13/04/2018 20:00,Weekday,Friday,Medium_Load,37.33,99.84,99.96,2.09,1.08
01/08/2018 09:00,Weekday,Wednesday,Light_Load,3.06,19.18,100.00,15.66,0.00
21/05/2018 05:45,Weekday,Monday,Light_Load,2.95,100.00,53.00,0.00,4.72
01/05/2018 14:45,Weekday,Tuesday,Light_Load,3.10,17.98,100.00,16.96,0.00
15/08/2018 09:00,Weekday,Wednesday,Light_Load,62.42,100.00,88.46,0.00,32.90
11/04/2018 11:30,Weekday,Wednesday,Maximum_Load,55.51,100.00,79.26,0.00,42.70
10/07/2018 02:45,Weekday,Tuesday,Light_Load,2.88,100.00,51.85,0.00,4.75
23/10/2018 15:30,Weekday,Tuesday,Maximum_Load,84.10,100.00,82.80,0.00,56.95
17/11/2018 22:30,Weekend,Saturday,Maximum_Load,3.78,100.00,49.14,0.00,6.70
11/11/2018 18:45,Weekend,Sunday,Light_Load,3.02,23.43,100.00,12.53,0.00
27/06/2018 12:00,Weekday,Wednesday,Maximum_Load,57.10,100.00,80.33,0.00,42.34
03/05/2018 12:45,Weekday,Thursday,Medium_Load,6.91,27.17,100.00,24.48,0.00
10/02/2018 23:00,Weekend,Saturday,Light_Load,4.18,100.00,72.60,0.00,3.96
22/02/2018 00:30,Weekday,Thursday,Light_Load,86.94,100.00,89.77,0.00,42.66
08/05/2018 20:30,Weekday,Tuesday,Medium_Load,70.02,100.00,89.69,0.00,34.52
09/12/2018 04:00,Weekend,Sunday,Light_Load,3.06,99.97,81.70,0.07,2.16
17/09/2018 17:45,Weekday,Monday,Medium_Load,34.92,99.97,98.90,0.83,5.22
10/08/2018 23:30,Weekday,Friday,Light_Load,2.70,100.00,49.10,0.00,4.79
29/05/2018 16:15,Weekday,Tuesday,Maximum_Load,45.83,100.00,95.80,0.00,13.72
24/08/2018 02:30,Weekday,Friday,Light_Load,2.95,100.00,47.00,0.00,5.54
05/06/2018 14:45,Weekday,Tuesday,Maximum_Load,109.76,100.00,90.32,0.00,52.16
09/04/2018 09:15,Weekday,Monday,Medium_Load,58.21,100.00,93.73,0.00,21.64
24/08/2018 00:45,Weekday,Friday,Light_Load,2.92,100.00,47.57,0.00,5.40
09/08/2018 03:15,Weekday,Thursday,Light_Load,2.74,100.00,46.76,0.00,5.18
29/04/2018 08:00,Weekend,Sunday,Light_Load,2.81,100.00,60.79,0.00,3.67
25/11/2018 12:00,Weekend,Sunday,Light_Load,2.99,20.77,100.00,14.08,0.00
19/06/2018 23:15,Weekday,Tuesday,Light_Load,3.67,100.00,59.40,0.00,4.97
26/04/2018 23:00,Weekday,Thursday,Medium_Load,3.60,100.00,75.05,0.00,3.17
13/08/2018 17:45,Weekday,Monday,Medium_Load,35.21,99.58,99.46,3.24,3.67
17/10/2018 21:00,Weekday,Wednesday,Medium_Load,7.99,47.06,100.00,14.98,0.00
16/10/2018 16:30,Weekday,Tuesday,Maximum_Load,59.26,100.00,81.86,0.00,41.58
08/11/2018 08:45,Weekday,Thursday,Light_Load,63.04,100.00,79.85,0.00,47.52
09/09/2018 02:15,Weekend,Sunday,Light_Load,2.84,100.00,47.30,0.00,5.29
27/05/2018 01:15,Weekend,Sunday,Light_Load,2.77,100.00,52.08,0.00,4.54
06/03/2018 20:15,Weekday,Tuesday,Medium_Load,55.98,100.00,93.16,0.00,21.85
05/08/2018 07:00,Weekend,Sunday,Light_Load,2.77,100.00,43.58,0.00,5.72
21/10/2018 16:15,Weekend,Sunday,Light_Load,24.62,99.46,99.95,2.56,0.79
18/12/2018 22:45,Weekday,Tuesday,Maximum_Load,5.15,100.00,81.44,0.00,3.67
15/10/2018 09:30,Weekday,Monday,Medium_Load,97.34,100.00,90.85,0.00,44.78
10/08/2018 13:30,Weekday,Friday,Maximum_Load,123.80,100.00,89.34,0.00,62.24
21/02/2018 16:45,Weekday,Wednesday,Medium_Load,115.81,100.00,92.21,0.00,48.60
29/01/2018 16:15,Weekday,Monday,Medium_Load,83.45,100.00,96.64,0.00,22.21
01/01/2018 08:30,Weekday,Monday,Light_Load,3.28,100.00,65.94,0.00,3.74
13/11/2018 09:15,Weekday,Tuesday,Medium_Load,92.16,100.00,89.35,0.00,46.33
25/11/2018 10:15,Weekend,Sunday,Light_Load,2.95,20.16,100.00,14.33,0.00
26/10/2018 01:45,Weekday,Friday,Light_Load,3.49,100.00,52.28,0.00,5.69
25/12/2018 05:00,Weekday,Tuesday,Light_Load,3.35,99.99,79.11,0.04,2.59
31/08/2018 19:30,Weekday,Friday,Medium_Load,40.25,100.00,95.21,0.00,12.92
08/06/2018 11:15,Weekday,Friday,Maximum_Load,63.54,100.00,77.23,0.00,52.27
19/03/2018 05:45,Weekday,Monday,Light_Load,3.06,100.00,65.93,0.00,3.49
22/02/2018 03:30,Weekday,Thursday,Light_Load,5.94,100.00,74.68,0.00,5.29
12/07/2018 09:45,Weekday,Thursday,Medium_Load,70.13,100.00,86.46,0.00,40.75
24/11/2018 06:00,Weekend,Saturday,Light_Load,3.02,100.00,74.55,0.00,2.70
20/04/2018 08:15,Weekday,Friday,Light_Load,37.33,100.00,73.45,0.00,34.49
09/07/2018 16:30,Weekday,Monday,Maximum_Load,54.25,100.00,90.55,0.00,25.42
04/11/2018 14:45,Weekend,Sunday,Medium_Load,81.58,100.00,96.50,0.00,22.18
09/12/2018 14:15,Weekend,Sunday,Light_Load,3.78,20.91,100.00,17.68,0.00
13/03/2018 12:00,Weekday,Tuesday,Maximum_Load,92.99,100.00,87.22,0.00,52.16
28/09/2018 07:45,Weekday,Friday,Light_Load,3.20,100.00,53.07,0.00,5.11
07/06/2018 23:15,Weekday,Thursday,Light_Load,3.35,100.00,58.54,0.00,4.64
15/05/2018 06:00,Weekday,Tuesday,Light_Load,2.92,100.00,55.65,0.00,4.36
23/05/2018 20:15,Weekday,Wednesday,Medium_Load,34.42,100.00,99.78,0.32,2.27
17/03/2018 05:30,Weekend,Saturday,Light_Load,3.17,100.00,68.73,0.00,3.35
21/10/2018 19:00,Weekend,Sunday,Light_Load,3.02,25.65,100.00,11.38,0.00
28/05/2018 01:00,Weekday,Monday,Light_Load,2.92,100.00,46.37,0.00,5.58
19/03/2018 07:15,Weekday,Monday,Light_Load,3.60,100.00,66.90,0.00,4.00
03/01/2018 19:15,Weekday,Wednesday,Maximum_Load,37.94,99.91,99.97,1.58,0.86
04/05/2018 06:30,Weekday,Friday,Light_Load,3.64,100.00,63.23,0.00,4.46
17/07/2018 18:45,Weekday,Tuesday,Medium_Load,87.05,100.00,93.68,0.00,32.51
11/05/2018 03:00,Weekday,Friday,Light_Load,3.38,100.00,62.60,0.00,4.21
31/01/2018 05:30,Weekday,Wednesday,Light_Load,5.83,100.00,73.80,0.00,5.33
12/10/2018 23:30,Weekday,Friday,Light_Load,3.64,100.00,56.90,0.00,5.26
01/02/2018 17:30,Weekday,Thursday,Maximum_Load,71.60,100.00,91.26,0.00,32.08
10/08/2018 17:15,Weekday,Friday,Medium_Load,83.27,100.00,90.83,0.00,38.34
31/01/2018 19:00,Weekday,Wednesday,Maximum_Load,88.81,100.00,98.80,0.40,13.86
14/11/2018 06:00,Weekday,Wednesday,Light_Load,3.35,100.00,54.01,0.00,5.22
06/06/2018 21:45,Weekday,Wednesday,Medium_Load,3.82,21.42,100.00,17.42,0.00
02/12/2018 02:15,Weekend,Sunday,Light_Load,3.38,100.00,77.34,0.00,2.77
18/11/2018 17:15,Weekend,Sunday,Maximum_Load,4.03,22.40,100.00,17.53,0.00
27/04/2018 08:15,Weekday,Friday,Light_Load,63.54,100.00,82.37,0.00,43.74
05/08/2018 02:15,Weekend,Sunday,Light_Load,2.81,100.00,45.24,0.00,5.54
16/10/2018 12:45,Weekday,Tuesday,Medium_Load,5.51,32.65,100.00,15.95,0.00
03/04/2018 09:15,Weekday,Tuesday,Medium_Load,99.68,100.00,96.07,0.00,28.80
28/05/2018 20:15,Weekday,Monday,Medium_Load,55.80,100.00,93.28,0.00,21.56
12/12/2018 02:15,Weekday,Wednesday,Light_Load,4.25,99.99,78.27,0.07,3.38
21/01/2018 05:00,Weekend,Sunday,Light_Load,40.10,100.00,78.94,0.00,31.18
17/11/2018 01:15,Weekend,Saturday,Light_Load,3.96,100.00,53.22,0.00,6.30
17/10/2018 16:00,Weekday,Wednesday,Maximum_Load,51.66,100.00,85.67,0.00,31.10
24/11/2018 05:00,Weekend,Saturday,Light_Load,3.13,100.00,73.59,0.00,2.88
01/02/2018 22:00,Weekday,Thursday,Medium_Load,65.95,99.97,98.82,1.58,10.22
15/10/2018 09:00,Weekday,Monday,Light_Load,85.68,100.00,93.42,0.00,32.72
10/03/2018 01:00,Weekend,Saturday,Light_Load,3.06,100.00,74.50,0.00,2.74
14/06/2018 07:30,Weekday,Thursday,Light_Load,3.31,100.00,59.60,0.00,4.46
07/08/2018 23:30,Weekday,Tuesday,Light_Load,2.88,100.00,49.10,0.00,5.11
31/08/2018 00:30,Weekday,Friday,Light_Load,2.70,100.00,46.22,0.00,5.18
01/10/2018 21:45,Weekday,Monday,Medium_Load,3.46,18.88,100.00,18.00,0.00
10/08/2018 16:00,Weekday,Friday,Maximum_Load,107.46,100.00,87.74,0.00,58.75
18/03/2018 13:15,Weekend,Sunday,Light_Load,3.85,14.06,100.00,27.11,0.00
09/05/2018 18:30,Weekday,Wednesday,Medium_Load,46.69,100.00,78.51,0.00,36.83
08/07/2018 07:00,Weekend,Sunday,Light_Load,2.81,100.00,53.91,0.00,4.39
28/09/2018 08:15,Weekday,Friday,Light_Load,28.48,100.00,68.18,0.00,30.56
07/11/2018 14:00,Weekday,Wednesday,Medium_Load,66.49,100.00,88.31,0.00,35.32
27/07/2018 02:45,Weekday,Friday,Light_Load,3.06,100.00,48.55,0.00,5.51
07/01/2018 10:15,Weekend,Sunday,Light_Load,3.82,18.84,100.00,19.91,0.00
03/12/2018 12:45,Weekday,Monday,Medium_Load,6.30,30.22,100.00,19.87,0.00
04/05/2018 15:30,Weekday,Friday,Maximum_Load,52.27,100.00,94.69,0.00,17.75
05/12/2018 10:15,Weekday,Wednesday,Maximum_Load,49.28,100.00,94.79,0.00,16.56
19/07/2018 02:00,Weekday,Thursday,Light_Load,3.02,54.55,100.00,4.64,0.00
28/11/2018 02:30,Weekday,Wednesday,Light_Load,23.65,100.00,84.32,0.00,15.08
18/09/2018 08:00,Weekday,Tuesday,Light_Load,4.90,100.00,57.84,0.00,6.91
05/04/2018 05:15,Weekday,Thursday,Light_Load,3.17,100.00,63.56,0.00,3.85
09/06/2018 03:15,Weekend,Saturday,Light_Load,2.92,100.00,46.63,0.00,5.54
01/02/2018 12:00,Weekday,Thursday,Maximum_Load,145.51,100.00,87.13,0.00,81.94
01/12/2018 08:15,Weekend,Saturday,Light_Load,3.71,99.93,82.00,0.14,2.59
14/04/2018 10:30,Weekend,Saturday,Maximum_Load,38.16,99.95,99.97,1.19,0.86
